Invoice_ID,date,category,sku,region,channel,price,quantity,discount,revenue,Cost_Per_Unit,Profit,Customer_Type,Payment_Method,Promotion,Month,Year
INV-00001,2023-01-01,Snacks,SN-007,تبریز,Pharmacy,55904.04,6,4.0,335424.22,45971.6,59594.62,Retail,Card,No,1,2023
INV-00002,2023-01-01,Dairy,DA-009,تبریز,Online,101091.2,6,14.83,606547.17,79755.67,128013.13,Retail,Transfer,Yes,1,2023
INV-00003,2023-01-02,Snacks,SN-100,کرمانشاه,Wholesale,67767.29,4,2.38,271069.16,59210.44,34227.4,Retail,Card,No,1,2023
INV-00004,2023-01-02,Beverages,BE-135,شیراز,Pharmacy,70094.95,56,1.77,3925317.02,53186.02,946899.68,Corporate,Card,No,1,2023
INV-00005,2023-01-02,Dairy,DA-110,کرج,Online,104608.72,7,3.72,732261.06,75751.96,201997.32,Retail,Transfer,No,1,2023
INV-00006,2023-01-02,Personal Care,PE-067,قم,Hypermarket,110481.45,32,4.47,3535406.33,84856.94,819984.39,Corporate,Transfer,No,1,2023
INV-00007,2023-01-02,Beverages,BE-027,اصفهان,Online,52312.42,1,14.12,52312.42,39970.35,12342.07,Retail,POS,Yes,1,2023
INV-00008,2023-01-02,Home Care,HO-108,تهران,Pharmacy,57049.91,1,3.35,57049.91,48137.17,8912.75,Retail,Transfer,No,1,2023
INV-00009,2023-01-02,Dairy,DA-006,قم,Pharmacy,97977.53,4,3.41,391910.1,76665.8,85246.91,Retail,Transfer,No,1,2023
INV-00010,2023-01-03,Personal Care,PE-123,کرمانشاه,Wholesale,110259.64,6,4.55,661557.81,86484.54,142650.55,Retail,Card,No,1,2023
INV-00011,2023-01-04,Beverages,BE-121,شیراز,Supermarket,72509.9,9,6.28,652589.12,50660.02,196648.94,Retail,Card,Yes,1,2023
INV-00012,2023-01-04,Beverages,BE-109,اهواز,Supermarket,68825.13,11,5.14,757076.41,49080.04,217195.96,Retail,Cash,No,1,2023
INV-00013,2023-01-04,Beverages,BE-116,قم,Pharmacy,80988.83,1,4.0,80988.83,67861.17,13127.67,Retail,POS,No,1,2023
INV-00014,2023-01-04,Beverages,BE-033,شیراز,Wholesale,69535.77,8,5.34,556286.13,60840.45,69562.49,Retail,Card,No,1,2023
INV-00015,2023-01-04,Dairy,DA-012,تهران,Wholesale,141507.8,15,1.35,2122617.04,118832.04,340136.41,Retail,Cash,No,1,2023
INV-00016,2023-01-05,Snacks,SN-062,اصفهان,Hypermarket,62034.04,10,2.39,620340.43,46730.4,153036.45,Retail,Transfer,No,1,2023
INV-00017,2023-01-05,Home Care,HO-078,قم,Hypermarket,59959.43,3,0.11,179878.28,45539.63,43259.39,Retail,Card,No,1,2023
INV-00018,2023-01-05,Home Care,HO-010,کرمانشاه,Online,54001.41,5,3.13,270007.07,40817.9,65917.56,Retail,Transfer,No,1,2023
INV-00019,2023-01-05,Personal Care,PE-088,مشهد,Online,119201.63,7,4.0,834411.4,92845.72,184491.39,Retail,POS,No,1,2023
INV-00020,2023-01-06,Home Care,HO-057,اصفهان,Pharmacy,48819.16,71,4.0,3466160.35,38110.95,760282.83,Corporate,Transfer,No,1,2023
INV-00021,2023-01-06,Snacks,SN-082,شیراز,Wholesale,69687.75,12,0.08,836252.99,57389.01,147584.85,Retail,Card,No,1,2023
INV-00022,2023-01-06,Dairy,DA-112,تهران,Supermarket,107037.34,7,3.88,749261.38,80218.69,187730.54,Retail,Card,No,1,2023
INV-00023,2023-01-06,Snacks,SN-130,اهواز,Online,57098.68,3,0.73,171296.04,42187.04,44734.93,Retail,Transfer,No,1,2023
INV-00024,2023-01-06,Home Care,HO-137,تهران,Hypermarket,45275.31,8,4.35,362202.45,34492.66,86261.14,Retail,POS,No,1,2023
INV-00025,2023-01-06,Personal Care,PE-034,مشهد,Supermarket,98815.85,12,3.17,1185790.2,68360.27,365466.9,Retail,Transfer,No,1,2023
INV-00026,2023-01-06,Home Care,HO-146,مشهد,Online,54348.65,1,13.63,54348.65,40890.53,13458.12,Retail,Card,Yes,1,2023
INV-00027,2023-01-06,Dairy,DA-023,کرمانشاه,Supermarket,98994.72,5,3.6,494973.62,69111.74,149414.92,Retail,Transfer,No,1,2023
INV-00028,2023-01-06,Snacks,SN-100,رشت,Supermarket,47244.01,29,24.05,1370076.34,34770.68,361726.51,Corporate,Cash,Yes,1,2023
INV-00029,2023-01-06,Home Care,HO-115,قم,Supermarket,52420.73,4,3.58,209682.92,38647.33,55093.59,Retail,Transfer,No,1,2023
INV-00030,2023-01-06,Dairy,DA-118,قم,Online,106616.19,106,9.49,11301316.07,77489.42,3087437.77,Corporate,Card,Yes,1,2023
INV-00031,2023-01-07,Home Care,HO-012,تهران,Hypermarket,57254.19,105,3.82,6011689.66,44540.21,1334967.79,Corporate,Card,No,1,2023
INV-00032,2023-01-08,Personal Care,PE-008,تبریز,Pharmacy,95022.52,33,4.0,3135743.21,78799.66,535354.35,Corporate,Card,No,1,2023
INV-00033,2023-01-08,Personal Care,PE-092,کرمانشاه,Supermarket,95269.78,11,3.22,1047967.62,67269.47,308003.47,Retail,Card,No,1,2023
INV-00034,2023-01-08,Beverages,BE-129,کرج,Online,57480.66,1,10.33,57480.66,45339.06,12141.6,Retail,POS,Yes,1,2023
INV-00035,2023-01-08,Dairy,DA-031,اصفهان,Online,89083.03,1,2.37,89083.03,69169.49,19913.54,Retail,Card,No,1,2023
INV-00036,2023-01-09,Snacks,SN-064,اهواز,Supermarket,62786.08,3,4.16,188358.23,46795.25,47972.48,Retail,Cash,No,1,2023
INV-00037,2023-01-09,Snacks,SN-094,کرمانشاه,Pharmacy,58747.7,7,4.0,411233.9,44110.84,102458.01,Retail,Transfer,No,1,2023
INV-00038,2023-01-09,Snacks,SN-086,تهران,Pharmacy,58479.9,2,1.56,116959.81,44825.82,27308.17,Retail,Cash,No,1,2023
INV-00039,2023-01-09,Beverages,BE-083,کرج,Pharmacy,59852.54,7,3.29,418967.75,47725.39,84890.04,Retail,Transfer,No,1,2023
INV-00040,2023-01-09,Beverages,BE-054,کرج,Online,64881.57,7,1.17,454171.02,48875.8,112040.43,Retail,Card,No,1,2023
INV-00041,2023-01-09,Dairy,DA-028,شیراز,Pharmacy,127477.94,9,0.17,1147301.46,103263.06,217933.96,Retail,Cash,No,1,2023
INV-00042,2023-01-09,Personal Care,PE-067,کرج,Hypermarket,78673.55,126,24.32,9912867.34,60142.44,2334919.69,Corporate,Transfer,Yes,1,2023
INV-00043,2023-01-09,Home Care,HO-086,رشت,Hypermarket,62131.63,7,3.25,434921.43,43560.31,129999.29,Retail,Transfer,No,1,2023
INV-00044,2023-01-10,Home Care,HO-056,تهران,Supermarket,47685.35,2,5.38,95370.7,32909.56,29551.59,Retail,Transfer,No,1,2023
INV-00045,2023-01-10,Snacks,SN-019,کرمانشاه,Hypermarket,57871.41,4,2.81,231485.64,42342.37,62116.18,Retail,Cash,No,1,2023
INV-00046,2023-01-10,Snacks,SN-118,کرج,Hypermarket,76945.49,1,0.34,76945.49,59566.58,17378.91,Retail,Card,No,1,2023
INV-00047,2023-01-10,Snacks,SN-011,مشهد,Supermarket,82568.16,7,3.61,577977.09,60799.36,152381.59,Retail,POS,No,1,2023
INV-00048,2023-01-10,Beverages,BE-010,شیراز,Hypermarket,75813.45,1,5.66,75813.45,58557.91,17255.55,Retail,Card,No,1,2023
INV-00049,2023-01-11,Dairy,DA-022,قم,Wholesale,116448.49,7,1.42,815139.44,100628.59,110739.3,Retail,Card,No,1,2023
INV-00050,2023-01-11,Snacks,SN-138,مشهد,Hypermarket,73764.79,3,4.6,221294.38,51619.93,66434.59,Retail,Cash,No,1,2023
INV-00051,2023-01-11,Beverages,BE-062,کرمانشاه,Hypermarket,61293.86,1,5.34,61293.86,41183.7,20110.16,Retail,Transfer,No,1,2023
INV-00052,2023-01-12,Beverages,BE-111,قم,Supermarket,73726.21,12,5.42,884714.52,49277.7,293382.1,Retail,Cash,No,1,2023
INV-00053,2023-01-12,Home Care,HO-126,تهران,Supermarket,48705.48,93,4.05,4529609.63,33839.9,1382498.63,Corporate,Card,No,1,2023
INV-00054,2023-01-12,Home Care,HO-079,کرمانشاه,Pharmacy,55622.02,3,0.28,166866.07,47151.07,25412.84,Retail,Transfer,No,1,2023
INV-00055,2023-01-12,Dairy,DA-033,اصفهان,Hypermarket,109514.65,6,0.16,657087.92,83636.46,155269.15,Retail,Transfer,No,1,2023
INV-00056,2023-01-13,Beverages,BE-113,شیراز,Pharmacy,82040.82,1,2.7,82040.82,62078.23,19962.59,Retail,Card,No,1,2023
INV-00057,2023-01-14,Home Care,HO-066,شیراز,Wholesale,68846.48,67,4.03,4612714.38,53769.98,1010125.38,Corporate,Transfer,No,1,2023
INV-00058,2023-01-14,Home Care,HO-146,مشهد,Online,48331.76,2,4.0,96663.52,39394.64,17874.24,Retail,Card,No,1,2023
INV-00059,2023-01-14,Dairy,DA-078,شیراز,Online,111373.95,7,3.14,779617.63,89434.78,153574.13,Retail,Transfer,No,1,2023
INV-00060,2023-01-14,Beverages,BE-057,اصفهان,Wholesale,60018.55,56,4.55,3361039.06,51868.28,456415.22,Corporate,Transfer,No,1,2023
INV-00061,2023-01-14,Snacks,SN-093,قم,Online,61162.09,4,1.25,244648.37,47723.04,53756.2,Retail,Card,No,1,2023
INV-00062,2023-01-16,Beverages,BE-007,شیراز,Hypermarket,46640.11,68,19.21,3171527.36,35527.01,755690.59,Corporate,Transfer,Yes,1,2023
INV-00063,2023-01-16,Beverages,BE-121,تهران,Wholesale,67322.0,106,2.08,7136132.2,55108.17,1294666.64,Corporate,Card,No,1,2023
INV-00064,2023-01-16,Personal Care,PE-026,تبریز,Wholesale,99048.94,12,0.49,1188587.26,84101.4,179370.42,Retail,POS,No,1,2023
INV-00065,2023-01-16,Dairy,DA-054,شیراز,Supermarket,81912.07,5,14.52,409560.33,58514.25,116989.09,Retail,Cash,Yes,1,2023
INV-00066,2023-01-16,Beverages,BE-039,تهران,Online,74266.68,5,0.05,371333.42,60267.94,69993.74,Retail,Card,No,1,2023
INV-00067,2023-01-16,Personal Care,PE-051,تهران,Hypermarket,92467.19,10,0.92,924671.89,66581.16,258860.25,Retail,Cash,No,1,2023
INV-00068,2023-01-17,Beverages,BE-022,شیراز,Online,56797.03,32,4.0,1817504.88,43365.67,429803.4,Corporate,Transfer,No,1,2023
INV-00069,2023-01-17,Beverages,BE-053,کرج,Wholesale,65652.79,6,1.23,393916.72,54823.0,64978.74,Retail,Card,No,1,2023
INV-00070,2023-01-18,Personal Care,PE-076,کرج,Wholesale,76993.89,127,18.6,9778224.42,60743.41,2063811.78,Corporate,Transfer,Yes,1,2023
INV-00071,2023-01-18,Personal Care,PE-043,کرج,Pharmacy,109235.81,1,4.0,109235.81,92846.15,16389.66,Retail,Transfer,No,1,2023
INV-00072,2023-01-18,Personal Care,PE-034,اصفهان,Supermarket,96482.74,3,4.37,289448.23,64394.47,96264.82,Retail,Card,No,1,2023
INV-00073,2023-01-19,Dairy,DA-003,کرمانشاه,Pharmacy,89032.69,5,12.17,445163.45,72763.76,81344.64,Retail,Transfer,Yes,1,2023
INV-00074,2023-01-19,Dairy,DA-044,شیراز,Pharmacy,117770.28,1,2.75,117770.28,95046.68,22723.6,Retail,Transfer,No,1,2023
INV-00075,2023-01-19,Dairy,DA-005,کرج,Wholesale,101475.8,2,2.08,202951.59,84726.9,33497.79,Retail,Transfer,No,1,2023
INV-00076,2023-01-19,Home Care,HO-012,شیراز,Online,48145.67,2,12.92,96291.35,35444.54,25402.26,Retail,Cash,Yes,1,2023
INV-00077,2023-01-20,Home Care,HO-024,مشهد,Wholesale,67708.34,1,4.06,67708.34,54798.8,12909.54,Retail,Transfer,No,1,2023
INV-00078,2023-01-20,Personal Care,PE-066,تهران,Hypermarket,93653.79,1,1.72,93653.79,65356.36,28297.43,Retail,POS,No,1,2023
INV-00079,2023-01-20,Snacks,SN-108,مشهد,Online,62922.94,3,5.72,188768.82,47487.83,46305.34,Retail,Card,Yes,1,2023
INV-00080,2023-01-20,Beverages,BE-051,اهواز,Online,63131.97,6,3.46,378791.8,47207.67,95545.77,Retail,Card,No,1,2023
INV-00081,2023-01-20,Snacks,SN-026,کرج,Pharmacy,64459.25,5,1.28,322296.24,50246.5,71063.73,Retail,Cash,No,1,2023
INV-00082,2023-01-21,Home Care,HO-032,کرمانشاه,Hypermarket,54575.09,64,5.88,3492805.59,37746.33,1077040.4,Corporate,Card,No,1,2023
INV-00083,2023-01-21,Beverages,BE-047,اهواز,Wholesale,86884.43,2,2.34,173768.87,68793.47,36181.94,Retail,Transfer,No,1,2023
INV-00084,2023-01-21,Beverages,BE-142,اصفهان,Pharmacy,71994.86,6,3.57,431969.14,59972.27,72135.54,Retail,Cash,No,1,2023
INV-00085,2023-01-21,Personal Care,PE-078,اهواز,Supermarket,126342.45,5,2.2,631712.24,87199.23,195716.07,Retail,Transfer,No,1,2023
INV-00086,2023-01-22,Beverages,BE-028,شیراز,Wholesale,66088.55,8,4.96,528708.4,55851.68,81894.99,Retail,Transfer,No,1,2023
INV-00087,2023-01-22,Beverages,BE-080,شیراز,Wholesale,65539.18,5,2.09,327695.88,51723.14,69080.19,Retail,Card,No,1,2023
INV-00088,2023-01-23,Home Care,HO-104,کرج,Pharmacy,50202.52,7,4.0,351417.67,41606.7,60170.79,Retail,Cash,No,1,2023
INV-00089,2023-01-23,Personal Care,PE-008,رشت,Pharmacy,93941.93,27,2.79,2536432.07,79124.28,400076.47,Corporate,Card,No,1,2023
INV-00090,2023-01-23,Home Care,HO-124,کرمانشاه,Supermarket,62085.95,109,0.99,6767368.4,41836.27,2207214.96,Corporate,Cash,No,1,2023
INV-00091,2023-01-24,Personal Care,PE-032,مشهد,Wholesale,77125.96,1,2.21,77125.96,65485.1,11640.86,Retail,Card,No,1,2023
INV-00092,2023-01-24,Personal Care,PE-001,کرج,Supermarket,104816.69,8,1.98,838533.55,70556.28,274083.31,Retail,Transfer,No,1,2023
INV-00093,2023-01-24,Personal Care,PE-080,اهواز,Online,73394.99,8,1.94,587159.89,56151.12,137950.92,Retail,POS,No,1,2023
INV-00094,2023-01-24,Home Care,HO-042,رشت,Wholesale,58873.62,11,0.67,647609.83,49697.64,100935.83,Retail,Transfer,No,1,2023
INV-00095,2023-01-24,Home Care,HO-074,اهواز,Hypermarket,59177.19,60,1.74,3550631.39,43346.45,949844.15,Corporate,Card,No,1,2023
INV-00096,2023-01-25,Beverages,BE-143,اهواز,Wholesale,62971.16,9,3.62,566740.41,49883.74,117786.74,Retail,Card,No,1,2023
INV-00097,2023-01-25,Snacks,SN-108,تبریز,Hypermarket,56885.64,49,1.76,2787396.35,41977.98,730475.17,Corporate,Transfer,No,1,2023
INV-00098,2023-01-25,Dairy,DA-140,کرج,Wholesale,108771.84,144,0.81,15663144.54,92258.37,2377939.98,Corporate,Transfer,No,1,2023
INV-00099,2023-01-25,Personal Care,PE-052,رشت,Hypermarket,81750.26,1,4.03,81750.26,54837.96,26912.3,Retail,Transfer,No,1,2023
INV-00100,2023-01-25,Snacks,SN-076,تهران,Hypermarket,68350.75,3,1.46,205052.24,50248.57,54306.52,Retail,Card,No,1,2023
INV-00101,2023-01-25,Home Care,HO-111,مشهد,Online,43907.26,9,14.29,395165.35,35365.66,76874.45,Retail,Card,Yes,1,2023
INV-00102,2023-01-26,Beverages,BE-128,اصفهان,Supermarket,76289.56,79,11.35,6026874.91,54361.44,1732320.91,Corporate,Transfer,Yes,1,2023
INV-00103,2023-01-26,Dairy,DA-044,کرج,Supermarket,108570.96,7,1.54,759996.75,73518.38,245368.09,Retail,Transfer,No,1,2023
INV-00104,2023-01-26,Snacks,SN-100,تبریز,Pharmacy,72723.47,9,0.05,654511.19,55632.61,153817.72,Retail,Transfer,No,1,2023
INV-00105,2023-01-26,Personal Care,PE-044,رشت,Wholesale,106898.24,12,4.63,1282778.89,93733.86,157972.59,Retail,Cash,No,1,2023
INV-00106,2023-01-26,Home Care,HO-044,اهواز,Online,58420.74,9,4.0,525786.68,43298.66,136098.75,Retail,Transfer,No,1,2023
INV-00107,2023-01-26,Dairy,DA-127,رشت,Supermarket,115077.88,3,14.56,345233.64,75083.62,119982.79,Retail,Card,Yes,1,2023
INV-00108,2023-01-27,Personal Care,PE-135,کرمانشاه,Wholesale,107543.98,9,0.3,967895.82,90581.42,152663.04,Retail,Transfer,No,1,2023
INV-00109,2023-01-27,Beverages,BE-016,مشهد,Pharmacy,53531.31,1,3.7,53531.31,43864.26,9667.05,Retail,Transfer,No,1,2023
INV-00110,2023-01-27,Dairy,DA-060,کرمانشاه,Supermarket,94254.51,7,1.59,659781.58,63122.44,217924.52,Retail,Transfer,No,1,2023
INV-00111,2023-01-27,Personal Care,PE-020,تهران,Hypermarket,72535.12,25,5.34,1813378.12,53367.18,479198.68,Corporate,Transfer,No,1,2023
INV-00112,2023-01-27,Beverages,BE-075,اصفهان,Supermarket,67840.28,12,5.64,814083.4,48518.66,231859.47,Retail,Transfer,Yes,1,2023
INV-00113,2023-01-28,Home Care,HO-093,اصفهان,Online,56710.6,3,4.0,170131.8,43193.65,40550.85,Retail,Transfer,No,1,2023
INV-00114,2023-01-28,Snacks,SN-089,کرمانشاه,Supermarket,65047.58,7,3.34,455333.05,48324.36,117062.55,Retail,POS,No,1,2023
INV-00115,2023-01-28,Beverages,BE-134,رشت,Hypermarket,80297.96,31,8.38,2489236.74,61967.09,568257.06,Corporate,Transfer,Yes,1,2023
INV-00116,2023-01-28,Snacks,SN-076,اصفهان,Supermarket,61316.9,2,7.36,122633.81,40925.72,40782.37,Retail,Transfer,Yes,1,2023
INV-00117,2023-01-28,Personal Care,PE-021,اصفهان,Wholesale,91463.22,10,16.5,914632.2,72590.18,188730.35,Retail,Card,Yes,1,2023
INV-00118,2023-01-28,Beverages,BE-046,اهواز,Pharmacy,77126.71,39,2.05,3007941.67,61945.63,592062.13,Corporate,Transfer,No,1,2023
INV-00119,2023-01-28,Dairy,DA-048,مشهد,Supermarket,133713.53,1,1.43,133713.53,91992.01,41721.53,Retail,Transfer,No,1,2023
INV-00120,2023-01-29,Beverages,BE-042,قم,Online,76335.34,4,2.19,305341.37,60327.85,64029.95,Retail,Card,No,1,2023
INV-00121,2023-01-29,Beverages,BE-078,اصفهان,Wholesale,63820.94,134,4.27,8552005.42,50986.79,1719775.35,Corporate,Card,No,1,2023
INV-00122,2023-01-30,Dairy,DA-023,تبریز,Supermarket,130939.87,8,2.27,1047518.98,93649.65,298321.81,Retail,Card,No,1,2023
INV-00123,2023-01-30,Snacks,SN-073,رشت,Supermarket,59199.36,2,16.29,118398.73,40683.8,37031.13,Retail,POS,Yes,1,2023
INV-00124,2023-01-30,Beverages,BE-106,رشت,Supermarket,61425.31,1,1.34,61425.31,42407.55,19017.76,Retail,Card,No,1,2023
INV-00125,2023-01-30,Home Care,HO-066,کرمانشاه,Online,52535.86,20,17.94,1050717.19,42840.98,193897.55,Corporate,Transfer,Yes,1,2023
INV-00126,2023-01-30,Snacks,SN-010,تهران,Pharmacy,56725.22,1,6.15,56725.22,47286.42,9438.8,Retail,Transfer,Yes,1,2023
INV-00127,2023-01-31,Personal Care,PE-041,مشهد,Supermarket,112487.08,11,8.48,1237357.93,84139.43,311824.15,Retail,Cash,Yes,1,2023
INV-00128,2023-02-01,Snacks,SN-110,کرمانشاه,Hypermarket,63223.09,5,7.87,316115.44,43901.42,96608.36,Retail,Card,Yes,2,2023
INV-00129,2023-02-02,Snacks,SN-073,تبریز,Wholesale,58647.66,7,3.68,410533.63,47325.0,79258.64,Retail,Transfer,No,2,2023
INV-00130,2023-02-02,Snacks,SN-008,قم,Pharmacy,63005.67,8,3.91,504045.36,50910.3,96762.96,Retail,Card,No,2,2023
INV-00131,2023-02-02,Snacks,SN-116,اهواز,Supermarket,59151.63,5,4.75,295758.13,41995.0,85783.13,Retail,Card,No,2,2023
INV-00132,2023-02-02,Dairy,DA-050,کرمانشاه,Wholesale,113999.92,7,3.25,797999.42,94766.16,134636.32,Retail,Card,No,2,2023
INV-00133,2023-02-02,Beverages,BE-001,تبریز,Supermarket,58537.08,5,17.58,292685.4,39863.42,93368.31,Retail,Transfer,Yes,2,2023
INV-00134,2023-02-02,Dairy,DA-028,تهران,Hypermarket,102527.54,7,3.1,717692.76,76506.83,182144.95,Retail,Card,No,2,2023
INV-00135,2023-02-03,Personal Care,PE-042,کرمانشاه,Hypermarket,123079.97,90,5.19,11077197.7,89601.97,3013019.96,Corporate,Cash,No,2,2023
INV-00136,2023-02-03,Personal Care,PE-015,قم,Pharmacy,100291.02,66,15.7,6619207.24,82075.77,1202206.67,Corporate,Transfer,Yes,2,2023
INV-00137,2023-02-03,Snacks,SN-113,رشت,Wholesale,55261.35,5,4.86,276306.74,46340.25,44605.47,Retail,Card,No,2,2023
INV-00138,2023-02-03,Personal Care,PE-024,تهران,Pharmacy,75217.13,96,23.69,7220844.83,59481.06,1510663.54,Corporate,Transfer,Yes,2,2023
INV-00139,2023-02-04,Dairy,DA-144,تهران,Hypermarket,109611.39,1,6.67,109611.39,78979.75,30631.64,Retail,Transfer,Yes,2,2023
INV-00140,2023-02-04,Personal Care,PE-050,شیراز,Hypermarket,116813.35,8,3.65,934506.76,86177.06,245090.3,Retail,Transfer,No,2,2023
INV-00141,2023-02-04,Dairy,DA-064,تهران,Pharmacy,105505.16,90,4.0,9495464.5,79466.15,2343511.21,Corporate,Transfer,No,2,2023
INV-00142,2023-02-04,Dairy,DA-112,کرج,Wholesale,93220.29,38,1.87,3542370.98,79416.27,524552.63,Corporate,Card,No,2,2023
INV-00143,2023-02-04,Personal Care,PE-002,رشت,Hypermarket,88188.83,11,5.53,970077.13,60150.37,308423.06,Retail,Transfer,No,2,2023
INV-00144,2023-02-04,Personal Care,PE-093,اصفهان,Online,122237.43,10,2.57,1222374.33,95178.68,270587.58,Retail,Transfer,No,2,2023
INV-00145,2023-02-05,Personal Care,PE-008,قم,Online,112326.73,6,1.04,673960.36,83431.39,173372.04,Retail,Transfer,No,2,2023
INV-00146,2023-02-05,Home Care,HO-002,رشت,Wholesale,43048.69,8,4.44,344389.51,37010.2,48307.94,Retail,Transfer,No,2,2023
INV-00147,2023-02-05,Beverages,BE-005,شیراز,Pharmacy,63179.77,5,2.59,315898.87,47598.61,77905.81,Retail,Card,No,2,2023
INV-00148,2023-02-05,Dairy,DA-106,تهران,Pharmacy,102985.89,54,0.94,5561237.8,83705.47,1041142.39,Corporate,Cash,No,2,2023
INV-00149,2023-02-05,Snacks,SN-036,رشت,Pharmacy,58104.59,1,1.27,58104.59,48309.79,9794.8,Retail,Transfer,No,2,2023
INV-00150,2023-02-05,Personal Care,PE-001,اهواز,Online,108784.41,40,4.0,4351376.21,87462.34,852882.49,Corporate,Card,No,2,2023
INV-00151,2023-02-06,Dairy,DA-074,اهواز,Online,124914.12,6,3.13,749484.72,99967.06,149682.34,Retail,Card,No,2,2023
INV-00152,2023-02-07,Home Care,HO-111,قم,Pharmacy,46272.74,78,14.98,3609273.9,36069.4,795860.88,Corporate,Card,Yes,2,2023
INV-00153,2023-02-08,Snacks,SN-142,مشهد,Hypermarket,57642.95,1,6.26,57642.95,41335.56,16307.39,Retail,Card,Yes,2,2023
INV-00154,2023-02-08,Snacks,SN-017,اصفهان,Wholesale,57627.46,81,0.71,4667824.32,48932.03,704329.68,Corporate,Transfer,No,2,2023
INV-00155,2023-02-08,Beverages,BE-104,مشهد,Supermarket,64323.81,8,3.04,514590.51,44096.83,161815.86,Retail,Card,No,2,2023
INV-00156,2023-02-08,Personal Care,PE-141,مشهد,Online,97479.56,1,1.35,97479.56,74832.22,22647.35,Retail,Card,No,2,2023
INV-00157,2023-02-08,Beverages,BE-064,تبریز,Pharmacy,75357.66,12,0.13,904291.93,57185.25,218068.96,Corporate,Transfer,No,2,2023
INV-00158,2023-02-08,Personal Care,PE-014,رشت,Wholesale,111718.48,2,0.27,223436.96,93167.72,37101.52,Retail,Transfer,No,2,2023
INV-00159,2023-02-08,Home Care,HO-040,تبریز,Supermarket,53778.16,15,1.43,806672.39,35051.35,280902.14,Corporate,POS,No,2,2023
INV-00160,2023-02-09,Dairy,DA-133,رشت,Hypermarket,93747.88,11,3.29,1031226.69,71205.14,247970.2,Retail,Card,No,2,2023
INV-00161,2023-02-09,Home Care,HO-131,کرمانشاه,Supermarket,35639.58,11,13.78,392035.43,25478.94,111767.11,Retail,Transfer,Yes,2,2023
INV-00162,2023-02-09,Dairy,DA-114,اصفهان,Online,110513.43,2,6.77,221026.87,82562.05,55902.76,Retail,Card,Yes,2,2023
INV-00163,2023-02-09,Dairy,DA-074,شیراز,Supermarket,122060.71,8,3.55,976485.71,82328.51,317857.64,Retail,Transfer,No,2,2023
INV-00164,2023-02-09,Home Care,HO-047,تهران,Hypermarket,57159.06,8,1.44,457272.48,38601.49,148460.59,Retail,Cash,No,2,2023
INV-00165,2023-02-09,Personal Care,PE-011,شیراز,Supermarket,110673.65,93,1.34,10292649.29,75174.85,3301388.44,Corporate,Transfer,No,2,2023
INV-00166,2023-02-09,Dairy,DA-055,قم,Wholesale,97815.27,16,1.17,1565044.24,81129.08,266979.02,Corporate,Card,No,2,2023
INV-00167,2023-02-10,Dairy,DA-134,کرمانشاه,Online,101969.33,97,0.25,9891025.24,81506.36,1984908.44,Corporate,Transfer,No,2,2023
INV-00168,2023-02-10,Dairy,DA-064,قم,Pharmacy,92476.66,5,7.45,462383.29,74362.67,90569.93,Retail,Card,Yes,2,2023
INV-00169,2023-02-10,Snacks,SN-116,تبریز,Hypermarket,57939.94,10,12.52,579399.39,40633.57,173063.65,Retail,Card,Yes,2,2023
INV-00170,2023-02-10,Beverages,BE-057,کرمانشاه,Wholesale,66628.19,55,3.02,3664550.24,52232.35,791771.06,Corporate,Cash,No,2,2023
INV-00171,2023-02-10,Beverages,BE-147,اهواز,Wholesale,59016.04,6,4.14,354096.25,49179.29,59020.5,Retail,POS,No,2,2023
INV-00172,2023-02-10,Dairy,DA-080,کرج,Supermarket,97159.39,9,12.86,874434.54,64238.97,296283.85,Retail,Transfer,Yes,2,2023
INV-00173,2023-02-11,Personal Care,PE-135,تهران,Supermarket,75195.98,10,12.81,751959.84,54214.32,209816.67,Retail,Transfer,Yes,2,2023
INV-00174,2023-02-11,Beverages,BE-063,کرمانشاه,Online,77722.49,10,4.0,777224.88,56551.0,211714.93,Retail,Card,No,2,2023
INV-00175,2023-02-12,Snacks,SN-072,اصفهان,Hypermarket,79493.04,3,6.24,238479.12,56699.19,68381.54,Retail,Transfer,Yes,2,2023
INV-00176,2023-02-12,Snacks,SN-104,کرمانشاه,Supermarket,63397.02,8,3.05,507176.13,45477.39,143357.01,Retail,Cash,No,2,2023
INV-00177,2023-02-12,Snacks,SN-041,قم,Hypermarket,69322.11,11,3.35,762543.26,52140.4,188998.84,Retail,Card,No,2,2023
INV-00178,2023-02-12,Beverages,BE-112,رشت,Online,71936.74,3,0.45,215810.21,56879.29,45172.33,Retail,Transfer,No,2,2023
INV-00179,2023-02-12,Personal Care,PE-029,اهواز,Pharmacy,109018.46,2,4.0,218036.92,85318.95,47399.01,Retail,Transfer,No,2,2023
INV-00180,2023-02-13,Beverages,BE-020,کرج,Hypermarket,71823.37,49,3.56,3519345.21,53033.5,920703.5,Corporate,Transfer,No,2,2023
INV-00181,2023-02-13,Snacks,SN-104,تهران,Wholesale,77964.33,134,3.23,10447219.82,64938.65,1745441.2,Corporate,Transfer,No,2,2023
INV-00182,2023-02-13,Dairy,DA-148,اهواز,Wholesale,94590.43,107,0.5,10121175.5,82848.9,1256343.65,Corporate,POS,No,2,2023
INV-00183,2023-02-14,Beverages,BE-011,رشت,Wholesale,59074.67,3,4.25,177224.01,48985.27,30268.2,Retail,Cash,No,2,2023
INV-00184,2023-02-14,Dairy,DA-132,اصفهان,Hypermarket,117040.33,93,3.77,10884750.88,88932.09,2614066.39,Corporate,Transfer,No,2,2023
INV-00185,2023-02-14,Beverages,BE-099,شیراز,Hypermarket,60216.28,4,4.62,240865.1,45326.87,59557.62,Retail,Transfer,No,2,2023
INV-00186,2023-02-14,Snacks,SN-112,کرج,Supermarket,66212.68,118,3.0,7813095.65,47629.04,2192869.1,Corporate,Card,No,2,2023
INV-00187,2023-02-14,Personal Care,PE-110,اهواز,Hypermarket,87076.43,3,5.02,261229.28,63129.93,71839.5,Retail,Card,No,2,2023
INV-00188,2023-02-14,Beverages,BE-113,اهواز,Hypermarket,70575.68,5,7.82,352878.39,47394.21,115907.35,Retail,Transfer,Yes,2,2023
INV-00189,2023-02-15,Home Care,HO-133,اصفهان,Pharmacy,57207.67,26,1.27,1487399.52,46155.55,287355.25,Corporate,Card,No,2,2023
INV-00190,2023-02-15,Personal Care,PE-024,اصفهان,Online,116277.49,1,4.0,116277.49,88937.48,27340.0,Retail,Transfer,No,2,2023
INV-00191,2023-02-15,Personal Care,PE-021,تبریز,Online,111068.15,10,5.93,1110681.53,80783.78,302843.71,Retail,Cash,Yes,2,2023
INV-00192,2023-02-15,Snacks,SN-083,تبریز,Supermarket,72947.59,3,5.3,218842.77,48807.73,72419.56,Retail,Card,No,2,2023
INV-00193,2023-02-15,Snacks,SN-137,کرمانشاه,Hypermarket,59911.8,8,5.95,479294.38,41424.1,147901.62,Retail,POS,No,2,2023
INV-00194,2023-02-16,Dairy,DA-001,اهواز,Online,108866.99,2,13.74,217733.97,88392.89,40948.18,Retail,Card,Yes,2,2023
INV-00195,2023-02-16,Dairy,DA-025,شیراز,Pharmacy,128277.14,3,4.0,384831.43,98753.75,88570.17,Retail,POS,No,2,2023
INV-00196,2023-02-16,Beverages,BE-041,اصفهان,Wholesale,66116.43,14,15.71,925630.01,52773.85,186796.12,Retail,POS,Yes,2,2023
INV-00197,2023-02-16,Beverages,BE-145,مشهد,Wholesale,52883.18,18,0.25,951897.18,41393.23,206818.99,Corporate,Card,No,2,2023
INV-00198,2023-02-17,Dairy,DA-035,اهواز,Pharmacy,117613.31,7,4.0,823293.14,95533.93,154555.61,Retail,Transfer,No,2,2023
INV-00199,2023-02-17,Dairy,DA-002,مشهد,Online,136364.37,5,4.0,681821.85,108936.75,137138.11,Retail,Card,No,2,2023
INV-00200,2023-02-17,Dairy,DA-144,رشت,Wholesale,112189.01,78,0.93,8750743.04,93182.83,1482482.63,Corporate,Cash,No,2,2023
INV-00201,2023-02-17,Snacks,SN-012,مشهد,Supermarket,53018.17,90,19.87,4771635.46,35373.79,1587994.31,Corporate,Transfer,Yes,2,2023
INV-00202,2023-02-17,Snacks,SN-114,تهران,Pharmacy,74628.48,5,4.0,373142.39,62382.81,61228.34,Retail,Cash,No,2,2023
INV-00203,2023-02-18,Home Care,HO-049,رشت,Supermarket,59922.24,12,4.56,719066.89,40690.79,230777.42,Retail,Cash,No,2,2023
INV-00204,2023-02-18,Personal Care,PE-059,شیراز,Supermarket,99058.57,8,4.37,792468.53,65850.93,265661.08,Retail,Card,No,2,2023
INV-00205,2023-02-18,Personal Care,PE-100,کرمانشاه,Wholesale,90433.42,8,15.61,723467.34,73603.61,134638.48,Retail,POS,Yes,2,2023
INV-00206,2023-02-18,Home Care,HO-133,کرج,Online,57810.39,65,1.77,3757675.61,46539.33,732618.94,Corporate,Transfer,No,2,2023
INV-00207,2023-02-18,Personal Care,PE-014,رشت,Hypermarket,96094.44,8,2.41,768755.51,69574.8,212157.13,Retail,Card,No,2,2023
INV-00208,2023-02-19,Beverages,BE-031,تهران,Hypermarket,65606.33,101,3.58,6626238.84,50309.63,1544966.61,Corporate,Transfer,No,2,2023
INV-00209,2023-02-19,Personal Care,PE-004,شیراز,Hypermarket,124437.81,12,3.36,1493253.71,83807.63,487562.2,Retail,POS,No,2,2023
INV-00210,2023-02-19,Home Care,HO-113,مشهد,Pharmacy,58387.82,2,4.0,116775.64,49407.83,17959.98,Retail,POS,No,2,2023
INV-00211,2023-02-19,Personal Care,PE-035,اصفهان,Hypermarket,108178.48,2,0.42,216356.97,73049.56,70257.85,Retail,Transfer,No,2,2023
INV-00212,2023-02-19,Snacks,SN-021,کرج,Online,62931.8,3,3.56,188795.39,48328.72,43809.24,Retail,Card,No,2,2023
INV-00213,2023-02-19,Personal Care,PE-020,رشت,Online,93473.77,1,4.0,93473.77,75493.15,17980.62,Retail,POS,No,2,2023
INV-00214,2023-02-19,Snacks,SN-008,کرج,Wholesale,74957.34,48,0.01,3597952.54,60904.77,674523.71,Corporate,Transfer,No,2,2023
INV-00215,2023-02-20,Personal Care,PE-022,اهواز,Pharmacy,92001.84,3,4.0,276005.52,77298.31,44110.57,Retail,Cash,No,2,2023
INV-00216,2023-02-20,Dairy,DA-135,قم,Hypermarket,87477.81,71,5.39,6210924.59,63304.96,1716272.25,Corporate,Transfer,No,2,2023
INV-00217,2023-02-20,Beverages,BE-026,رشت,Hypermarket,63147.74,9,2.8,568329.68,44988.38,163434.28,Retail,Transfer,No,2,2023
INV-00218,2023-02-20,Home Care,HO-022,تبریز,Hypermarket,46205.17,6,3.64,277231.03,34409.87,70771.78,Retail,Card,No,2,2023
INV-00219,2023-02-20,Dairy,DA-007,اصفهان,Hypermarket,131914.09,1,3.48,131914.09,94670.33,37243.76,Retail,Transfer,No,2,2023
INV-00220,2023-02-21,Home Care,HO-018,مشهد,Online,50072.37,30,4.0,1502171.24,38707.93,340933.23,Corporate,Card,No,2,2023
INV-00221,2023-02-21,Home Care,HO-018,تهران,Wholesale,56869.19,11,1.96,625561.12,48850.21,88208.83,Retail,Card,No,2,2023
INV-00222,2023-02-21,Dairy,DA-112,قم,Hypermarket,105294.57,12,5.86,1263534.8,77325.64,335627.15,Retail,Card,No,2,2023
INV-00223,2023-02-21,Snacks,SN-012,کرج,Pharmacy,63556.94,2,1.79,127113.88,50337.71,26438.47,Retail,POS,No,2,2023
INV-00224,2023-02-22,Beverages,BE-090,کرج,Online,57090.73,91,3.67,5195256.67,45301.9,1072784.04,Corporate,Transfer,No,2,2023
INV-00225,2023-02-22,Snacks,SN-004,کرج,Hypermarket,57525.44,41,5.88,2358543.05,40721.18,688974.85,Corporate,Transfer,No,2,2023
INV-00226,2023-02-23,Personal Care,PE-017,مشهد,Wholesale,115825.05,13,10.67,1505725.69,91732.22,313206.85,Retail,Transfer,Yes,2,2023
INV-00227,2023-02-23,Dairy,DA-137,اصفهان,Hypermarket,104786.91,121,0.98,12679216.46,81275.3,2844904.59,Corporate,Transfer,No,2,2023
INV-00228,2023-02-23,Snacks,SN-036,رشت,Pharmacy,61751.96,9,2.05,555767.62,49859.38,107033.24,Retail,Card,No,2,2023
INV-00229,2023-02-23,Personal Care,PE-118,اهواز,Pharmacy,88055.73,5,4.0,440278.67,72800.13,76278.02,Retail,Card,No,2,2023
INV-00230,2023-02-23,Home Care,HO-118,مشهد,Wholesale,52311.43,33,0.23,1726277.17,42666.2,318292.67,Corporate,Card,No,2,2023
INV-00231,2023-02-23,Snacks,SN-097,قم,Wholesale,53103.81,1,15.61,53103.81,46293.51,6810.29,Retail,Card,Yes,2,2023
INV-00232,2023-02-24,Personal Care,PE-057,تهران,Pharmacy,94486.07,91,0.04,8598232.06,76957.87,1595066.16,Corporate,Transfer,No,2,2023
INV-00233,2023-02-24,Dairy,DA-102,تبریز,Supermarket,102235.26,5,1.77,511176.32,68261.52,169868.73,Retail,Card,No,2,2023
INV-00234,2023-02-24,Home Care,HO-029,کرج,Hypermarket,59353.84,4,1.34,237415.36,43067.27,65146.28,Retail,Cash,No,2,2023
INV-00235,2023-02-24,Personal Care,PE-115,تهران,Hypermarket,89466.82,3,15.58,268400.47,64622.29,74533.58,Retail,Transfer,Yes,2,2023
INV-00236,2023-02-25,Dairy,DA-133,مشهد,Supermarket,90580.02,8,17.99,724640.19,64446.01,209072.09,Retail,Card,Yes,2,2023
INV-00237,2023-02-25,Personal Care,PE-115,شیراز,Online,93065.3,9,12.62,837587.69,71902.85,190462.03,Retail,Card,Yes,2,2023
INV-00238,2023-02-25,Personal Care,PE-070,قم,Hypermarket,92565.08,4,2.14,370260.32,67192.97,101488.43,Retail,Transfer,No,2,2023
INV-00239,2023-02-25,Snacks,SN-079,اصفهان,Wholesale,55486.41,13,5.74,721323.39,45975.86,123637.23,Retail,Card,No,2,2023
INV-00240,2023-02-25,Snacks,SN-029,اصفهان,Online,58572.12,75,4.0,4392908.66,43136.45,1157675.03,Corporate,Card,No,2,2023
INV-00241,2023-02-25,Dairy,DA-082,رشت,Hypermarket,121748.54,108,2.68,13148842.02,83326.59,4149570.36,Corporate,Cash,No,2,2023
INV-00242,2023-02-25,Dairy,DA-134,رشت,Online,116523.28,8,0.96,932186.21,88576.61,223573.36,Retail,POS,No,2,2023
INV-00243,2023-02-25,Dairy,DA-105,تهران,Pharmacy,82147.59,7,13.44,575033.16,64549.53,123186.48,Retail,POS,Yes,2,2023
INV-00244,2023-02-26,Personal Care,PE-027,کرج,Supermarket,88520.06,4,5.86,354080.26,62771.45,102994.44,Retail,Transfer,No,2,2023
INV-00245,2023-02-26,Home Care,HO-072,قم,Wholesale,42012.71,82,24.56,3445042.51,35307.96,549789.99,Corporate,Cash,Yes,2,2023
INV-00246,2023-02-26,Home Care,HO-028,کرج,Online,53708.29,1,13.07,53708.29,43732.98,9975.32,Retail,Card,Yes,2,2023
INV-00247,2023-02-26,Home Care,HO-116,کرج,Online,54353.72,1,4.0,54353.72,42301.04,12052.68,Retail,Cash,No,2,2023
INV-00248,2023-02-26,Personal Care,PE-001,کرج,Hypermarket,77198.23,85,12.1,6561849.47,57960.68,1635191.43,Corporate,Transfer,Yes,2,2023
INV-00249,2023-02-26,Home Care,HO-116,قم,Supermarket,55229.74,84,3.45,4639297.83,39399.17,1329767.21,Corporate,POS,No,2,2023
INV-00250,2023-02-26,Dairy,DA-068,کرج,Wholesale,130427.37,6,1.71,782564.21,108856.46,129425.43,Retail,Transfer,No,2,2023
INV-00251,2023-02-26,Personal Care,PE-061,اهواز,Online,114766.65,27,3.06,3098699.56,87012.31,749367.3,Corporate,Card,No,2,2023
INV-00252,2023-02-26,Personal Care,PE-103,کرج,Wholesale,81342.37,11,17.0,894766.03,65227.45,177264.03,Retail,Card,Yes,2,2023
INV-00253,2023-02-27,Home Care,HO-053,کرمانشاه,Supermarket,46434.79,48,5.49,2228870.06,30928.59,744297.54,Corporate,Cash,No,2,2023
INV-00254,2023-02-27,Dairy,DA-068,اصفهان,Pharmacy,90384.29,7,4.0,632690.06,73876.4,115555.28,Retail,Cash,No,2,2023
INV-00255,2023-02-28,Home Care,HO-124,تهران,Wholesale,46355.19,32,11.9,1483366.07,40057.72,201519.07,Corporate,Cash,Yes,2,2023
INV-00256,2023-02-28,Home Care,HO-001,مشهد,Hypermarket,53592.08,12,2.61,643105.01,37451.04,193692.52,Retail,POS,No,2,2023
INV-00257,2023-03-01,Home Care,HO-081,مشهد,Supermarket,56740.17,1,5.38,56740.17,40103.13,16637.04,Retail,Card,No,3,2023
INV-00258,2023-03-01,Home Care,HO-073,کرج,Wholesale,58543.52,86,5.15,5034742.65,50273.68,711205.78,Corporate,POS,No,3,2023
INV-00259,2023-03-02,Personal Care,PE-071,اهواز,Supermarket,104980.15,5,3.26,524900.74,70446.22,172669.66,Retail,Card,No,3,2023
INV-00260,2023-03-02,Personal Care,PE-023,اصفهان,Hypermarket,110013.85,5,0.36,550069.25,76841.25,165862.98,Retail,Card,No,3,2023
INV-00261,2023-03-02,Dairy,DA-144,تهران,Wholesale,103906.45,10,2.16,1039064.53,88507.17,153992.82,Retail,POS,No,3,2023
INV-00262,2023-03-02,Personal Care,PE-143,اهواز,Pharmacy,89773.04,7,3.08,628411.29,70776.39,132976.56,Retail,Card,No,3,2023
INV-00263,2023-03-02,Snacks,SN-119,رشت,Wholesale,55344.0,2,6.98,110688.0,46997.14,16693.72,Retail,Transfer,Yes,3,2023
INV-00264,2023-03-02,Home Care,HO-059,قم,Supermarket,50136.23,11,13.04,551498.55,33736.11,180401.32,Retail,POS,Yes,3,2023
INV-00265,2023-03-02,Personal Care,PE-082,اهواز,Hypermarket,81470.54,10,5.35,814705.4,60417.42,210531.16,Retail,Transfer,No,3,2023
INV-00266,2023-03-03,Beverages,BE-069,شیراز,Supermarket,62120.11,5,3.52,310600.53,41968.58,100757.62,Retail,Card,No,3,2023
INV-00267,2023-03-03,Home Care,HO-081,اصفهان,Wholesale,47530.23,4,2.5,190120.92,37959.16,38284.29,Retail,Cash,No,3,2023
INV-00268,2023-03-03,Snacks,SN-042,شیراز,Hypermarket,48347.0,65,20.24,3142555.06,37604.94,698233.81,Corporate,Transfer,Yes,3,2023
INV-00269,2023-03-03,Beverages,BE-006,مشهد,Pharmacy,70925.31,1,8.18,70925.31,58448.12,12477.19,Retail,POS,Yes,3,2023
INV-00270,2023-03-04,Home Care,HO-031,تبریز,Pharmacy,51388.57,53,4.0,2723594.38,38602.41,677666.75,Corporate,Transfer,No,3,2023
INV-00271,2023-03-04,Personal Care,PE-144,اصفهان,Hypermarket,119017.78,2,5.11,238035.55,83589.2,70857.15,Retail,Card,Yes,3,2023
INV-00272,2023-03-04,Home Care,HO-098,کرج,Hypermarket,50106.79,68,2.57,3407261.74,36736.41,909185.76,Corporate,Cash,No,3,2023
INV-00273,2023-03-04,Beverages,BE-140,تهران,Online,74254.94,4,0.38,297019.77,53718.29,82146.6,Retail,Card,No,3,2023
INV-00274,2023-03-05,Dairy,DA-024,تبریز,Pharmacy,91409.55,8,15.04,731276.36,68970.85,179509.55,Retail,Transfer,Yes,3,2023
INV-00275,2023-03-05,Personal Care,PE-104,کرج,Hypermarket,85289.32,73,3.89,6226120.37,60594.05,1802754.68,Corporate,Transfer,No,3,2023
INV-00276,2023-03-05,Dairy,DA-073,شیراز,Online,115973.78,8,0.85,927790.28,87030.05,231549.87,Retail,Transfer,No,3,2023
INV-00277,2023-03-05,Dairy,DA-114,رشت,Hypermarket,95746.86,6,4.25,574481.15,72051.13,142174.37,Retail,Transfer,No,3,2023
INV-00278,2023-03-05,Home Care,HO-040,کرج,Online,68437.96,9,0.15,615941.6,52492.4,143510.0,Retail,Cash,No,3,2023
INV-00279,2023-03-05,Snacks,SN-148,تهران,Supermarket,71806.43,1,2.25,71806.43,53805.5,18000.93,Retail,Transfer,No,3,2023
INV-00280,2023-03-06,Snacks,SN-140,رشت,Supermarket,52642.86,15,4.43,789642.94,37488.06,227322.09,Corporate,Card,No,3,2023
INV-00281,2023-03-06,Personal Care,PE-150,اصفهان,Pharmacy,92543.07,64,4.0,5922756.33,72455.63,1285596.11,Corporate,Card,No,3,2023
INV-00282,2023-03-06,Home Care,HO-074,تهران,Hypermarket,56840.61,94,17.69,5343016.92,41429.78,1448617.96,Corporate,Transfer,Yes,3,2023
INV-00283,2023-03-06,Dairy,DA-066,کرج,Wholesale,116602.67,10,15.92,1166026.75,94775.52,218271.51,Retail,Card,Yes,3,2023
INV-00284,2023-03-06,Dairy,DA-107,تهران,Hypermarket,100672.55,1,12.5,100672.55,77478.99,23193.57,Retail,Card,Yes,3,2023
INV-00285,2023-03-07,Snacks,SN-021,مشهد,Online,62324.31,3,15.32,186972.94,47335.57,44966.23,Retail,Transfer,Yes,3,2023
INV-00286,2023-03-07,Dairy,DA-149,تهران,Wholesale,115064.81,5,1.97,575324.07,91431.92,118164.47,Retail,Transfer,No,3,2023
INV-00287,2023-03-07,Personal Care,PE-066,شیراز,Wholesale,117791.99,15,2.37,1766879.87,98011.87,296701.82,Retail,Transfer,No,3,2023
INV-00288,2023-03-08,Home Care,HO-040,قم,Supermarket,60494.12,10,1.15,604941.21,43179.01,173151.13,Retail,Card,No,3,2023
INV-00289,2023-03-08,Beverages,BE-094,کرمانشاه,Supermarket,63657.96,9,2.7,572921.68,46759.29,152088.04,Retail,Card,No,3,2023
INV-00290,2023-03-08,Home Care,HO-014,کرمانشاه,Supermarket,54253.31,6,11.91,325519.87,37159.32,102563.96,Retail,Cash,Yes,3,2023
INV-00291,2023-03-08,Beverages,BE-116,تبریز,Hypermarket,50227.15,7,3.36,351590.05,36871.19,93491.73,Retail,Cash,No,3,2023
INV-00292,2023-03-08,Beverages,BE-044,شیراز,Hypermarket,75830.59,11,5.25,834136.48,55168.26,227285.64,Retail,Transfer,No,3,2023
INV-00293,2023-03-08,Personal Care,PE-037,شیراز,Online,99594.75,10,4.0,995947.52,73814.76,257799.97,Retail,Card,No,3,2023
INV-00294,2023-03-08,Snacks,SN-004,تبریز,Hypermarket,62146.56,108,4.05,6711828.78,44958.97,1856259.54,Corporate,Transfer,No,3,2023
INV-00295,2023-03-08,Dairy,DA-024,قم,Hypermarket,99757.41,41,3.65,4090053.78,72073.29,1135049.03,Corporate,Card,No,3,2023
INV-00296,2023-03-09,Beverages,BE-004,مشهد,Online,79439.03,10,4.0,794390.3,59237.51,202015.23,Retail,Cash,No,3,2023
INV-00297,2023-03-09,Dairy,DA-134,کرمانشاه,Online,93313.56,4,4.0,373254.23,68884.16,97717.6,Retail,Card,No,3,2023
INV-00298,2023-03-09,Beverages,BE-066,شیراز,Hypermarket,67738.8,73,5.36,4944932.3,50557.58,1254228.64,Corporate,Transfer,No,3,2023
INV-00299,2023-03-09,Home Care,HO-144,کرمانشاه,Supermarket,45530.7,7,1.39,318714.92,33238.54,86045.15,Retail,Card,No,3,2023
INV-00300,2023-03-09,Beverages,BE-028,مشهد,Supermarket,65765.08,7,0.08,460355.59,48177.98,123109.74,Retail,Card,No,3,2023
INV-00301,2023-03-10,Snacks,SN-069,تهران,Pharmacy,54235.24,58,2.88,3145643.9,43966.73,595573.75,Corporate,Cash,No,3,2023
INV-00302,2023-03-10,Snacks,SN-099,قم,Online,56469.69,41,4.0,2315257.17,42731.57,563262.9,Corporate,Transfer,No,3,2023
INV-00303,2023-03-11,Home Care,HO-032,کرمانشاه,Online,69799.21,5,1.52,348996.03,50632.91,95831.47,Retail,POS,No,3,2023
INV-00304,2023-03-11,Beverages,BE-074,اهواز,Wholesale,67515.83,61,4.92,4118465.48,53241.55,870730.7,Corporate,Transfer,No,3,2023
INV-00305,2023-03-11,Personal Care,PE-122,رشت,Supermarket,80016.62,12,6.02,960199.47,57281.24,272824.54,Retail,Cash,Yes,3,2023
INV-00306,2023-03-12,Beverages,BE-125,کرج,Hypermarket,69826.7,36,0.52,2513761.07,53340.87,593489.83,Corporate,Card,No,3,2023
INV-00307,2023-03-13,Dairy,DA-091,رشت,Hypermarket,113521.43,85,4.64,9649321.55,84520.14,2465109.58,Corporate,Card,No,3,2023
INV-00308,2023-03-13,Beverages,BE-052,تبریز,Pharmacy,67867.0,4,0.93,271468.01,55601.8,49060.79,Retail,Cash,No,3,2023
INV-00309,2023-03-13,Dairy,DA-049,اصفهان,Wholesale,127752.67,12,1.24,1533032.02,107073.54,248149.5,Retail,Transfer,No,3,2023
INV-00310,2023-03-13,Beverages,BE-128,تبریز,Pharmacy,68853.59,1,3.74,68853.59,52264.12,16589.47,Retail,Transfer,No,3,2023
INV-00311,2023-03-14,Beverages,BE-073,اصفهان,Hypermarket,55616.47,8,10.84,444931.75,38917.84,133589.03,Retail,Card,Yes,3,2023
INV-00312,2023-03-14,Beverages,BE-081,کرج,Online,59185.69,7,1.02,414299.8,43871.37,107200.22,Retail,Card,No,3,2023
INV-00313,2023-03-14,Snacks,SN-066,تهران,Wholesale,52582.71,3,4.4,157748.14,41175.66,34221.18,Retail,Card,No,3,2023
INV-00314,2023-03-14,Beverages,BE-133,اهواز,Wholesale,68488.6,41,5.82,2808032.65,57552.72,448371.3,Corporate,POS,No,3,2023
INV-00315,2023-03-14,Personal Care,PE-064,شیراز,Hypermarket,97777.85,8,2.84,782222.83,67872.74,239240.93,Retail,Card,No,3,2023
INV-00316,2023-03-15,Home Care,HO-131,مشهد,Online,60725.81,52,1.91,3157741.98,44174.57,860664.27,Corporate,Cash,No,3,2023
INV-00317,2023-03-15,Home Care,HO-070,اصفهان,Wholesale,58359.5,9,5.61,525235.47,49344.14,81138.2,Retail,Card,No,3,2023
INV-00318,2023-03-15,Snacks,SN-070,کرج,Wholesale,46853.78,3,8.73,140561.34,40027.13,20479.95,Retail,Card,Yes,3,2023
INV-00319,2023-03-15,Beverages,BE-006,کرمانشاه,Online,60402.54,7,2.49,422817.78,45220.87,106271.7,Retail,Card,No,3,2023
INV-00320,2023-03-15,Beverages,BE-022,رشت,Supermarket,67594.79,3,2.44,202784.36,49314.21,54841.74,Retail,Transfer,No,3,2023
INV-00321,2023-03-15,Beverages,BE-048,مشهد,Online,69666.47,4,0.19,278665.87,50406.89,77038.3,Retail,Card,No,3,2023
INV-00322,2023-03-16,Dairy,DA-015,مشهد,Supermarket,100180.76,9,1.29,901626.8,72745.37,246918.48,Retail,POS,No,3,2023
INV-00323,2023-03-16,Home Care,HO-081,تهران,Pharmacy,52394.88,7,4.0,366764.19,42298.87,70672.13,Retail,Transfer,No,3,2023
INV-00324,2023-03-16,Snacks,SN-020,تبریز,Supermarket,62640.27,7,3.28,438481.9,46270.79,114586.34,Retail,Cash,No,3,2023
INV-00325,2023-03-16,Home Care,HO-042,کرج,Wholesale,58242.57,5,5.67,291212.87,49544.88,43488.46,Retail,POS,No,3,2023
INV-00326,2023-03-16,Snacks,SN-085,رشت,Online,62659.12,4,0.0,250636.48,45920.08,66956.15,Retail,Card,No,3,2023
INV-00327,2023-03-16,Dairy,DA-041,اهواز,Supermarket,160943.78,5,0.62,804718.91,108069.74,264370.2,Retail,Cash,No,3,2023
INV-00328,2023-03-16,Snacks,SN-054,کرج,Hypermarket,69813.45,4,3.71,279253.79,52031.37,71128.32,Retail,Transfer,No,3,2023
INV-00329,2023-03-16,Beverages,BE-025,کرمانشاه,Supermarket,76199.59,5,1.65,380997.97,52427.5,118860.49,Retail,Transfer,No,3,2023
INV-00330,2023-03-17,Beverages,BE-149,اهواز,Wholesale,82477.69,11,3.06,907254.57,71893.39,116427.26,Retail,Transfer,No,3,2023
INV-00331,2023-03-17,Dairy,DA-136,کرمانشاه,Wholesale,94337.25,9,2.07,849035.29,83007.26,101969.93,Retail,Transfer,No,3,2023
INV-00332,2023-03-17,Snacks,SN-043,مشهد,Pharmacy,47916.57,2,13.71,95833.14,36073.56,23686.01,Retail,Card,Yes,3,2023
INV-00333,2023-03-17,Snacks,SN-141,تبریز,Pharmacy,62445.7,7,4.0,437119.92,48961.0,94392.95,Retail,Card,No,3,2023
INV-00334,2023-03-17,Dairy,DA-070,کرج,Hypermarket,91408.57,109,17.17,9963534.1,61804.45,3226849.19,Corporate,Cash,Yes,3,2023
INV-00335,2023-03-17,Home Care,HO-016,مشهد,Pharmacy,52870.57,5,4.0,264352.87,44738.5,40660.36,Retail,Transfer,No,3,2023
INV-00336,2023-03-18,Home Care,HO-118,شیراز,Wholesale,38613.75,13,22.35,501978.81,31958.32,86520.66,Corporate,POS,Yes,3,2023
INV-00337,2023-03-18,Dairy,DA-068,تبریز,Supermarket,104447.67,10,5.66,1044476.73,77825.59,266220.85,Retail,POS,No,3,2023
INV-00338,2023-03-18,Personal Care,PE-100,تبریز,Pharmacy,102575.68,8,3.14,820605.47,79647.53,183425.26,Retail,POS,No,3,2023
INV-00339,2023-03-18,Personal Care,PE-115,اهواز,Online,83378.25,9,15.19,750404.28,63303.13,180676.1,Retail,Card,Yes,3,2023
INV-00340,2023-03-19,Dairy,DA-017,شیراز,Online,96468.89,7,0.69,675282.25,69636.8,187824.66,Retail,Transfer,No,3,2023
INV-00341,2023-03-19,Home Care,HO-134,رشت,Wholesale,47825.35,117,14.18,5595565.52,37557.89,1201292.74,Corporate,Cash,Yes,3,2023
INV-00342,2023-03-20,Beverages,BE-016,کرمانشاه,Online,71065.17,97,0.47,6893321.28,55439.95,1515646.16,Corporate,Cash,No,3,2023
INV-00343,2023-03-20,Personal Care,PE-049,رشت,Hypermarket,72697.47,1,11.42,72697.47,50691.13,22006.35,Retail,Transfer,Yes,3,2023
INV-00344,2023-03-20,Snacks,SN-097,رشت,Supermarket,59098.33,113,0.68,6678111.2,40463.82,2105699.67,Corporate,Transfer,No,3,2023
INV-00345,2023-03-20,Home Care,HO-034,کرمانشاه,Wholesale,54610.03,7,1.44,382270.19,46618.78,55938.74,Retail,POS,No,3,2023
INV-00346,2023-03-20,Personal Care,PE-120,کرمانشاه,Online,85155.25,1,2.79,85155.25,62757.4,22397.85,Retail,Card,No,3,2023
INV-00347,2023-03-20,Home Care,HO-102,کرج,Wholesale,52673.55,8,4.66,421388.38,46012.04,53292.03,Retail,Transfer,No,3,2023
INV-00348,2023-03-20,Beverages,BE-122,اصفهان,Pharmacy,55587.52,68,2.31,3779951.44,45570.03,681189.3,Corporate,Transfer,No,3,2023
INV-00349,2023-03-20,Dairy,DA-078,کرج,Hypermarket,114449.45,49,1.54,5608023.21,76688.86,1850269.08,Corporate,Transfer,No,3,2023
INV-00350,2023-03-20,Snacks,SN-084,کرج,Hypermarket,57542.18,7,1.51,402795.23,40508.46,119236.02,Retail,POS,No,3,2023
INV-00351,2023-03-21,Home Care,HO-097,قم,Online,51562.05,38,10.22,1959357.99,38078.02,512393.1,Corporate,Transfer,Yes,3,2023
INV-00352,2023-03-21,Snacks,SN-022,کرج,Supermarket,58106.29,91,4.59,5287672.4,39188.59,1721511.12,Corporate,POS,No,3,2023
INV-00353,2023-03-21,Dairy,DA-139,رشت,Wholesale,71962.18,132,19.24,9499007.93,62134.34,1297275.32,Corporate,Transfer,Yes,3,2023
INV-00354,2023-03-21,Home Care,HO-143,تبریز,Wholesale,64425.89,6,0.66,386555.36,51232.59,79159.84,Retail,Cash,No,3,2023
INV-00355,2023-03-22,Snacks,SN-090,اصفهان,Pharmacy,67198.76,5,1.33,335993.82,50880.44,81591.61,Retail,Card,No,3,2023
INV-00356,2023-03-23,Personal Care,PE-072,کرمانشاه,Pharmacy,108512.61,1,2.59,108512.61,91762.22,16750.39,Retail,Transfer,No,3,2023
INV-00357,2023-03-23,Snacks,SN-079,قم,Wholesale,51775.94,153,21.57,7921719.56,41458.45,1578576.91,Corporate,Transfer,Yes,3,2023
INV-00358,2023-03-23,Beverages,BE-052,تبریز,Wholesale,67387.26,100,12.55,6738725.75,58135.28,925197.85,Corporate,POS,Yes,3,2023
INV-00359,2023-03-23,Home Care,HO-072,قم,Wholesale,57639.74,75,4.04,4322980.25,47651.84,749092.15,Corporate,Cash,No,3,2023
INV-00360,2023-03-23,Personal Care,PE-032,کرج,Pharmacy,111772.97,4,2.88,447091.89,89370.93,89608.16,Retail,Transfer,No,3,2023
INV-00361,2023-03-24,Dairy,DA-085,مشهد,Supermarket,94749.56,9,5.24,852746.01,68960.13,232104.8,Retail,Transfer,Yes,3,2023
INV-00362,2023-03-24,Snacks,SN-085,شیراز,Wholesale,70750.6,14,3.67,990508.34,56298.85,202324.37,Retail,Transfer,No,3,2023
INV-00363,2023-03-25,Dairy,DA-047,مشهد,Wholesale,74000.29,154,8.01,11396044.89,63713.36,1584186.74,Corporate,Cash,Yes,3,2023
INV-00364,2023-03-25,Home Care,HO-021,قم,Pharmacy,45206.48,71,3.98,3209660.26,36495.35,618490.6,Corporate,Transfer,No,3,2023
INV-00365,2023-03-26,Home Care,HO-060,کرمانشاه,Supermarket,45204.63,2,16.61,90409.27,33562.14,23284.99,Retail,Cash,Yes,3,2023
INV-00366,2023-03-26,Beverages,BE-127,قم,Supermarket,59339.24,4,3.0,237356.97,42062.11,69108.52,Retail,Transfer,No,3,2023
INV-00367,2023-03-27,Snacks,SN-110,اصفهان,Supermarket,57234.28,11,21.61,629577.03,38094.19,210540.97,Corporate,Cash,Yes,3,2023
INV-00368,2023-03-27,Personal Care,PE-127,تهران,Supermarket,103738.56,9,5.2,933647.08,71245.91,292433.89,Retail,Card,No,3,2023
INV-00369,2023-03-27,Personal Care,PE-075,رشت,Wholesale,99062.64,77,0.15,7627823.36,80657.06,1417229.42,Corporate,Transfer,No,3,2023
INV-00370,2023-03-27,Snacks,SN-083,اصفهان,Supermarket,49281.31,11,17.09,542094.45,36211.71,143765.61,Retail,Transfer,Yes,3,2023
INV-00371,2023-03-27,Beverages,BE-080,اصفهان,Hypermarket,83353.88,4,2.5,333415.52,60265.03,92355.42,Retail,Card,No,3,2023
INV-00372,2023-03-27,Snacks,SN-018,تهران,Pharmacy,43174.06,4,11.27,172696.24,35877.52,29186.16,Retail,Card,Yes,3,2023
INV-00373,2023-03-28,Personal Care,PE-043,شیراز,Online,94059.64,48,3.09,4514862.88,68476.05,1228012.71,Corporate,Cash,No,3,2023
INV-00374,2023-03-28,Beverages,BE-066,تهران,Online,63787.31,1,0.38,63787.31,47095.36,16691.95,Retail,Card,No,3,2023
INV-00375,2023-03-28,Personal Care,PE-087,شیراز,Online,95444.7,7,3.28,668112.91,73208.07,155656.4,Retail,Card,No,3,2023
INV-00376,2023-03-29,Personal Care,PE-140,تبریز,Hypermarket,119139.26,1,2.76,119139.26,80866.85,38272.41,Retail,Cash,No,3,2023
INV-00377,2023-03-29,Personal Care,PE-094,کرمانشاه,Hypermarket,112453.25,11,5.6,1236985.75,85697.58,294312.34,Retail,Cash,No,3,2023
INV-00378,2023-03-29,Home Care,HO-014,اهواز,Online,57775.35,76,1.4,4390926.3,46032.56,892451.82,Corporate,Card,No,3,2023
INV-00379,2023-03-30,Snacks,SN-031,شیراز,Supermarket,66269.04,3,3.29,198807.12,48225.42,54130.84,Retail,POS,No,3,2023
INV-00380,2023-03-30,Snacks,SN-011,تبریز,Supermarket,77202.87,17,3.9,1312448.85,54659.73,383233.52,Corporate,Card,No,3,2023
INV-00381,2023-03-30,Beverages,BE-146,اصفهان,Wholesale,49557.78,45,20.85,2230100.16,38790.0,484550.35,Corporate,Card,Yes,3,2023
INV-00382,2023-03-30,Beverages,BE-087,شیراز,Online,55530.86,74,18.87,4109283.45,41286.87,1054055.25,Corporate,POS,Yes,3,2023
INV-00383,2023-03-30,Personal Care,PE-055,شیراز,Hypermarket,108772.47,104,1.29,11312337.07,77106.07,3293306.13,Corporate,Transfer,No,3,2023
INV-00384,2023-03-31,Beverages,BE-072,شیراز,Wholesale,49399.19,9,15.88,444592.69,43029.88,57323.73,Retail,Card,Yes,3,2023
INV-00385,2023-04-01,Dairy,DA-127,شیراز,Supermarket,85231.46,26,2.85,2216018.06,58472.47,695733.86,Corporate,Card,No,4,2023
INV-00386,2023-04-01,Personal Care,PE-004,اصفهان,Pharmacy,127569.02,1,3.52,127569.02,98061.86,29507.16,Retail,Cash,No,4,2023
INV-00387,2023-04-01,Personal Care,PE-126,قم,Wholesale,97768.84,5,3.11,488844.18,77244.74,102620.47,Retail,Transfer,No,4,2023
INV-00388,2023-04-02,Dairy,DA-053,کرج,Supermarket,97129.73,11,5.95,1068427.07,63390.05,371136.51,Retail,Transfer,Yes,4,2023
INV-00389,2023-04-02,Beverages,BE-050,شیراز,Supermarket,69596.18,11,5.6,765557.98,48413.41,233010.43,Retail,Transfer,Yes,4,2023
INV-00390,2023-04-02,Personal Care,PE-044,شیراز,Online,112695.44,1,3.83,112695.44,90828.47,21866.97,Retail,Transfer,No,4,2023
INV-00391,2023-04-03,Personal Care,PE-020,مشهد,Wholesale,105079.95,5,0.31,525399.76,92099.59,64901.83,Retail,Card,No,4,2023
INV-00392,2023-04-03,Beverages,BE-125,رشت,Hypermarket,64559.36,1,5.99,64559.36,44651.0,19908.36,Retail,Card,No,4,2023
INV-00393,2023-04-03,Dairy,DA-116,اهواز,Supermarket,85731.71,31,23.81,2657683.01,58623.53,840353.72,Corporate,Transfer,Yes,4,2023
INV-00394,2023-04-03,Beverages,BE-065,اصفهان,Supermarket,76992.91,5,5.19,384964.55,56441.26,102758.24,Retail,Transfer,No,4,2023
INV-00395,2023-04-03,Home Care,HO-087,رشت,Hypermarket,56912.76,11,3.57,626040.32,38704.11,200295.13,Retail,Card,No,4,2023
INV-00396,2023-04-03,Snacks,SN-140,اهواز,Hypermarket,72083.43,1,5.1,72083.43,50974.46,21108.96,Retail,Transfer,No,4,2023
INV-00397,2023-04-04,Snacks,SN-014,رشت,Hypermarket,55436.56,10,11.65,554365.63,39132.92,163036.43,Retail,Transfer,Yes,4,2023
INV-00398,2023-04-04,Personal Care,PE-063,تهران,Pharmacy,103806.51,66,3.54,6851229.56,87828.39,1054555.58,Corporate,Card,No,4,2023
INV-00399,2023-04-05,Dairy,DA-045,تهران,Wholesale,139037.02,15,5.25,2085555.35,122279.9,251356.87,Retail,Card,No,4,2023
INV-00400,2023-04-05,Dairy,DA-012,کرمانشاه,Supermarket,99331.57,7,2.21,695321.02,66522.68,229662.26,Retail,Cash,No,4,2023
INV-00401,2023-04-05,Snacks,SN-096,شیراز,Online,57337.29,69,4.0,3956272.83,44124.7,911668.62,Corporate,Transfer,No,4,2023
INV-00402,2023-04-05,Home Care,HO-109,قم,Wholesale,51497.63,8,2.57,411981.04,41584.06,79308.54,Retail,Transfer,No,4,2023
INV-00403,2023-04-05,Snacks,SN-122,رشت,Wholesale,62678.55,5,4.1,313392.74,54990.03,38442.58,Retail,Card,No,4,2023
INV-00404,2023-04-06,Beverages,BE-048,تهران,Online,59600.83,1,2.2,59600.83,45214.32,14386.51,Retail,Card,No,4,2023
INV-00405,2023-04-06,Personal Care,PE-041,تهران,Online,89276.85,37,1.68,3303243.48,71758.0,648197.38,Corporate,Card,No,4,2023
INV-00406,2023-04-06,Personal Care,PE-119,اهواز,Pharmacy,95097.34,76,0.26,7227397.82,73093.58,1672285.84,Corporate,Transfer,No,4,2023
INV-00407,2023-04-06,Personal Care,PE-098,اهواز,Hypermarket,107235.75,1,13.34,107235.75,78008.78,29226.97,Retail,Transfer,Yes,4,2023
INV-00408,2023-04-07,Dairy,DA-011,تبریز,Supermarket,98575.88,1,0.15,98575.88,72411.64,26164.24,Retail,Card,No,4,2023
INV-00409,2023-04-07,Snacks,SN-020,شیراز,Pharmacy,57336.58,95,3.29,5446975.52,45872.23,1089113.34,Corporate,Transfer,No,4,2023
INV-00410,2023-04-07,Dairy,DA-136,تبریز,Wholesale,78410.79,9,2.34,705697.1,65978.92,111886.85,Retail,Card,No,4,2023
INV-00411,2023-04-07,Snacks,SN-097,رشت,Pharmacy,67209.14,46,0.41,3091620.38,56212.68,505837.2,Corporate,POS,No,4,2023
INV-00412,2023-04-07,Snacks,SN-054,رشت,Supermarket,59417.5,1,1.15,59417.5,41955.34,17462.16,Retail,Transfer,No,4,2023
INV-00413,2023-04-08,Dairy,DA-040,شیراز,Pharmacy,101338.95,1,2.89,101338.95,85015.3,16323.66,Retail,Cash,No,4,2023
INV-00414,2023-04-08,Dairy,DA-034,کرج,Wholesale,93770.84,1,1.89,93770.84,76418.22,17352.61,Retail,Card,No,4,2023
INV-00415,2023-04-08,Beverages,BE-024,شیراز,Online,69612.04,12,0.55,835344.49,55780.91,165973.58,Corporate,Transfer,No,4,2023
INV-00416,2023-04-08,Dairy,DA-051,تهران,Supermarket,124972.26,77,5.59,9622863.86,87210.53,2907652.68,Corporate,Card,No,4,2023
INV-00417,2023-04-08,Beverages,BE-065,شیراز,Wholesale,61426.75,13,13.54,798547.71,50070.43,147632.12,Retail,Card,Yes,4,2023
INV-00418,2023-04-08,Home Care,HO-071,قم,Online,48973.83,9,4.0,440764.47,37832.32,100273.57,Retail,Card,No,4,2023
INV-00419,2023-04-09,Snacks,SN-063,شیراز,Pharmacy,63915.71,64,2.27,4090605.53,53506.33,666200.31,Corporate,Card,No,4,2023
INV-00420,2023-04-09,Dairy,DA-124,اهواز,Pharmacy,115017.64,8,5.62,920141.13,92812.29,177642.8,Retail,Transfer,Yes,4,2023
INV-00421,2023-04-09,Home Care,HO-102,قم,Supermarket,54454.99,24,2.14,1306919.71,40777.48,328260.16,Corporate,Transfer,No,4,2023
INV-00422,2023-04-09,Dairy,DA-103,کرج,Supermarket,107447.22,9,1.97,967025.02,78018.79,264855.95,Retail,Transfer,No,4,2023
INV-00423,2023-04-09,Snacks,SN-113,کرمانشاه,Supermarket,61030.77,8,1.93,488246.18,40120.56,167281.73,Retail,Card,No,4,2023
INV-00424,2023-04-09,Dairy,DA-128,کرمانشاه,Supermarket,102353.18,6,17.87,614119.11,70338.33,192089.13,Retail,Card,Yes,4,2023
INV-00425,2023-04-09,Snacks,SN-018,رشت,Pharmacy,59238.84,39,4.0,2310314.76,44946.25,557411.17,Corporate,Cash,No,4,2023
INV-00426,2023-04-10,Dairy,DA-146,کرج,Online,96989.51,18,10.04,1745811.12,73294.32,426513.33,Corporate,Cash,Yes,4,2023
INV-00427,2023-04-10,Snacks,SN-006,اصفهان,Supermarket,59009.31,56,1.27,3304521.54,43684.4,858195.22,Corporate,Transfer,No,4,2023
INV-00428,2023-04-10,Dairy,DA-038,شیراز,Wholesale,75983.67,33,24.05,2507461.09,61847.7,466487.0,Corporate,Transfer,Yes,4,2023
INV-00429,2023-04-10,Snacks,SN-050,تبریز,Supermarket,59040.27,7,1.44,413281.88,40900.64,126977.39,Retail,Transfer,No,4,2023
INV-00430,2023-04-10,Snacks,SN-113,شیراز,Supermarket,50929.06,87,13.17,4430828.3,36222.95,1279431.83,Corporate,Cash,Yes,4,2023
INV-00431,2023-04-10,Home Care,HO-010,اهواز,Wholesale,52110.27,14,2.17,729543.79,42596.56,133192.0,Retail,Transfer,No,4,2023
INV-00432,2023-04-10,Home Care,HO-149,اهواز,Wholesale,50283.0,11,5.57,553113.05,40289.44,109929.16,Retail,Transfer,No,4,2023
INV-00433,2023-04-10,Snacks,SN-148,کرمانشاه,Supermarket,61818.74,71,5.75,4389130.53,44025.66,1263308.84,Corporate,Card,No,4,2023
INV-00434,2023-04-11,Beverages,BE-129,تهران,Pharmacy,64057.93,1,12.01,64057.93,51644.72,12413.2,Retail,Card,Yes,4,2023
INV-00435,2023-04-11,Beverages,BE-147,کرمانشاه,Hypermarket,70860.24,6,1.91,425161.44,49338.35,129131.32,Retail,Card,No,4,2023
INV-00436,2023-04-11,Snacks,SN-140,قم,Hypermarket,50666.21,7,17.15,354663.44,39470.92,78366.97,Retail,Transfer,Yes,4,2023
INV-00437,2023-04-11,Home Care,HO-068,اصفهان,Pharmacy,59622.74,6,4.0,357736.43,45490.77,84791.81,Retail,Card,No,4,2023
INV-00438,2023-04-12,Home Care,HO-121,اصفهان,Supermarket,48553.65,10,12.72,485536.54,35819.44,127342.1,Retail,Card,Yes,4,2023
INV-00439,2023-04-12,Snacks,SN-105,قم,Wholesale,78291.48,4,0.17,313165.91,68881.79,37638.75,Retail,Card,No,4,2023
INV-00440,2023-04-12,Snacks,SN-004,مشهد,Hypermarket,74972.5,12,5.0,899670.04,51855.92,277399.05,Retail,Card,No,4,2023
INV-00441,2023-04-13,Snacks,SN-111,شیراز,Supermarket,62261.8,12,5.44,747141.61,42564.49,236367.72,Retail,Transfer,No,4,2023
INV-00442,2023-04-13,Snacks,SN-091,تبریز,Online,63598.72,6,17.36,381592.31,46009.97,105532.49,Retail,Card,Yes,4,2023
INV-00443,2023-04-13,Dairy,DA-026,اهواز,Online,124519.04,1,4.0,124519.04,92417.11,32101.93,Retail,Transfer,No,4,2023
INV-00444,2023-04-13,Snacks,SN-009,اهواز,Pharmacy,81206.0,6,4.0,487235.99,63142.81,108379.14,Retail,Cash,No,4,2023
INV-00445,2023-04-13,Home Care,HO-138,اهواز,Hypermarket,52918.95,8,5.11,423351.58,39695.01,105791.54,Retail,Cash,Yes,4,2023
INV-00446,2023-04-14,Beverages,BE-030,کرمانشاه,Supermarket,81782.12,92,2.74,7523954.66,55600.94,2408668.57,Corporate,Card,No,4,2023
INV-00447,2023-04-14,Snacks,SN-070,قم,Hypermarket,52429.13,123,1.49,6448783.58,36462.63,1963879.83,Corporate,Transfer,No,4,2023
INV-00448,2023-04-14,Personal Care,PE-121,تبریز,Wholesale,93172.52,77,2.18,7174283.72,79964.74,1016998.97,Corporate,Cash,No,4,2023
INV-00449,2023-04-14,Home Care,HO-032,قم,Hypermarket,48002.91,1,4.64,48002.91,33297.3,14705.61,Retail,Card,No,4,2023
INV-00450,2023-04-14,Home Care,HO-084,شیراز,Online,32844.18,2,14.81,65688.37,25336.22,15015.92,Retail,Card,Yes,4,2023
INV-00451,2023-04-14,Home Care,HO-051,تبریز,Online,47286.66,9,1.7,425579.98,38304.61,80838.52,Retail,POS,No,4,2023
INV-00452,2023-04-14,Beverages,BE-007,کرج,Hypermarket,63968.13,4,5.17,255872.5,48510.78,61829.37,Retail,Cash,Yes,4,2023
INV-00453,2023-04-14,Personal Care,PE-080,اهواز,Hypermarket,100190.72,10,10.06,1001907.17,75532.53,246581.88,Retail,Cash,Yes,4,2023
INV-00454,2023-04-15,Home Care,HO-129,قم,Supermarket,45954.37,11,5.84,505498.09,32866.71,143964.24,Retail,Card,No,4,2023
INV-00455,2023-04-15,Dairy,DA-121,تهران,Online,97410.54,3,4.0,292231.62,74115.43,69885.32,Retail,Transfer,No,4,2023
INV-00456,2023-04-15,Personal Care,PE-105,مشهد,Wholesale,110968.05,13,0.2,1442584.67,89478.1,279369.32,Retail,POS,No,4,2023
INV-00457,2023-04-15,Dairy,DA-025,قم,Pharmacy,94644.57,1,0.22,94644.57,79128.11,15516.47,Retail,Transfer,No,4,2023
INV-00458,2023-04-15,Home Care,HO-094,قم,Hypermarket,51315.37,12,5.94,615784.46,39546.78,141223.11,Retail,POS,No,4,2023
INV-00459,2023-04-15,Personal Care,PE-093,رشت,Online,108972.09,23,0.67,2506358.05,88075.54,480620.61,Corporate,Card,No,4,2023
INV-00460,2023-04-15,Beverages,BE-031,رشت,Pharmacy,60749.68,3,3.02,182249.04,49896.63,32559.14,Retail,Cash,No,4,2023
INV-00461,2023-04-15,Snacks,SN-109,تهران,Supermarket,62558.39,14,4.38,875817.45,42734.63,277532.62,Corporate,Transfer,No,4,2023
INV-00462,2023-04-16,Personal Care,PE-140,تبریز,Hypermarket,88182.23,1,3.3,88182.23,61204.11,26978.12,Retail,POS,No,4,2023
INV-00463,2023-04-16,Beverages,BE-054,کرمانشاه,Hypermarket,52838.13,48,19.96,2536230.48,39262.34,651638.22,Corporate,Transfer,Yes,4,2023
INV-00464,2023-04-16,Personal Care,PE-077,شیراز,Pharmacy,95364.47,13,0.16,1239738.15,72777.61,293629.27,Corporate,Transfer,No,4,2023
INV-00465,2023-04-17,Dairy,DA-076,قم,Pharmacy,101229.55,6,1.83,607377.32,83873.21,104138.08,Retail,Transfer,No,4,2023
INV-00466,2023-04-17,Personal Care,PE-065,مشهد,Wholesale,83400.18,13,8.36,1084202.36,70914.86,162309.18,Retail,Card,Yes,4,2023
INV-00467,2023-04-17,Home Care,HO-075,تهران,Supermarket,53125.28,1,0.27,53125.28,38128.59,14996.69,Retail,POS,No,4,2023
INV-00468,2023-04-17,Home Care,HO-070,مشهد,Online,62289.52,7,1.84,436026.66,49886.9,86818.37,Retail,Card,No,4,2023
INV-00469,2023-04-17,Beverages,BE-133,کرج,Supermarket,79958.45,91,0.91,7276219.39,59196.86,1889304.8,Corporate,Card,No,4,2023
INV-00470,2023-04-17,Home Care,HO-084,مشهد,Hypermarket,48517.13,3,11.45,145551.38,37140.04,34131.26,Retail,Transfer,Yes,4,2023
INV-00471,2023-04-18,Home Care,HO-093,اهواز,Supermarket,56083.85,5,0.75,280419.25,40293.29,78952.82,Retail,Transfer,No,4,2023
INV-00472,2023-04-18,Home Care,HO-129,تبریز,Pharmacy,58755.28,1,4.0,58755.28,44216.69,14538.59,Retail,Transfer,No,4,2023
INV-00473,2023-04-18,Snacks,SN-001,کرمانشاه,Wholesale,62260.82,59,1.08,3673388.28,54415.36,462881.85,Corporate,Transfer,No,4,2023
INV-00474,2023-04-18,Snacks,SN-123,کرمانشاه,Supermarket,59219.42,9,17.23,532974.8,40840.58,165409.58,Retail,Card,Yes,4,2023
INV-00475,2023-04-18,Home Care,HO-054,تبریز,Wholesale,54112.38,8,0.46,432899.03,44792.12,74562.07,Retail,Card,No,4,2023
INV-00476,2023-04-18,Personal Care,PE-080,اهواز,Online,90891.23,2,2.69,181782.47,72448.78,36884.92,Retail,Cash,No,4,2023
INV-00477,2023-04-19,Personal Care,PE-073,رشت,Wholesale,84009.33,55,23.64,4620513.01,69784.1,782387.42,Corporate,POS,Yes,4,2023
INV-00478,2023-04-19,Dairy,DA-128,رشت,Online,101295.21,1,1.21,101295.21,79041.01,22254.2,Retail,Card,No,4,2023
INV-00479,2023-04-19,Snacks,SN-013,تبریز,Hypermarket,69548.08,12,2.54,834576.93,48548.77,251991.74,Retail,Card,No,4,2023
INV-00480,2023-04-19,Home Care,HO-101,تبریز,Hypermarket,60069.96,3,2.66,180209.87,43905.41,48493.62,Retail,Transfer,No,4,2023
INV-00481,2023-04-19,Beverages,BE-023,شیراز,Wholesale,64772.62,9,0.9,582953.61,54377.18,93558.97,Retail,POS,No,4,2023
INV-00482,2023-04-19,Beverages,BE-037,شیراز,Supermarket,60007.95,8,12.13,480063.58,40247.93,158080.13,Retail,Card,Yes,4,2023
INV-00483,2023-04-19,Home Care,HO-012,مشهد,Online,52039.6,83,4.0,4319286.84,40351.77,970090.3,Corporate,Transfer,No,4,2023
INV-00484,2023-04-20,Personal Care,PE-072,اصفهان,Wholesale,99852.84,79,3.4,7888374.44,85834.3,1107464.65,Corporate,Cash,No,4,2023
INV-00485,2023-04-20,Home Care,HO-136,تهران,Online,59405.25,98,2.7,5821714.44,43599.54,1548959.92,Corporate,Card,No,4,2023
INV-00486,2023-04-20,Snacks,SN-025,کرمانشاه,Hypermarket,65328.63,3,1.77,195985.88,46412.4,56748.69,Retail,Transfer,No,4,2023
INV-00487,2023-04-20,Dairy,DA-125,رشت,Online,115952.47,4,7.31,463809.88,91868.95,96334.06,Retail,POS,Yes,4,2023
INV-00488,2023-04-20,Dairy,DA-020,شیراز,Wholesale,98871.9,10,8.42,988719.01,82145.23,167266.76,Retail,Card,Yes,4,2023
INV-00489,2023-04-21,Snacks,SN-126,اصفهان,Pharmacy,46934.57,2,4.0,93869.14,36405.38,21058.38,Retail,Transfer,No,4,2023
INV-00490,2023-04-21,Personal Care,PE-004,رشت,Wholesale,93993.41,15,5.69,1409901.17,82014.78,179679.44,Retail,Card,No,4,2023
INV-00491,2023-04-21,Personal Care,PE-131,اصفهان,Wholesale,89108.39,96,2.13,8554405.19,77325.11,1131194.37,Corporate,Transfer,No,4,2023
INV-00492,2023-04-21,Beverages,BE-122,اصفهان,Online,78985.2,9,7.2,710866.79,62752.91,146090.58,Retail,Transfer,Yes,4,2023
INV-00493,2023-04-21,Home Care,HO-107,تبریز,Wholesale,46946.98,1,7.13,46946.98,38095.85,8851.14,Retail,Card,Yes,4,2023
INV-00494,2023-04-22,Beverages,BE-041,رشت,Online,68941.31,1,3.99,68941.31,51871.35,17069.96,Retail,POS,No,4,2023
INV-00495,2023-04-22,Beverages,BE-092,مشهد,Supermarket,68971.36,89,4.42,6138451.15,48402.82,1830600.07,Corporate,POS,No,4,2023
INV-00496,2023-04-22,Dairy,DA-150,کرج,Wholesale,111872.07,2,0.34,223744.15,94125.68,35492.79,Retail,Transfer,No,4,2023
INV-00497,2023-04-23,Home Care,HO-116,شیراز,Online,48029.35,75,4.0,3602201.49,36624.62,855355.24,Corporate,POS,No,4,2023
INV-00498,2023-04-23,Snacks,SN-107,کرج,Wholesale,62368.93,7,3.86,436582.49,49209.67,92114.77,Retail,Card,No,4,2023
INV-00499,2023-04-23,Dairy,DA-058,مشهد,Online,97123.72,6,1.33,582742.34,70784.8,158033.55,Retail,Card,No,4,2023
INV-00500,2023-04-23,Dairy,DA-121,مشهد,Pharmacy,138182.97,8,2.7,1105463.78,107780.79,243217.49,Retail,Transfer,No,4,2023
INV-00501,2023-04-23,Snacks,SN-126,اهواز,Hypermarket,62449.17,8,3.17,499593.39,42727.23,157775.57,Retail,Transfer,No,4,2023
INV-00502,2023-04-23,Dairy,DA-144,رشت,Supermarket,113680.71,41,1.56,4660909.25,74285.13,1615219.03,Corporate,Card,No,4,2023
INV-00503,2023-04-23,Snacks,SN-149,تهران,Supermarket,66050.47,27,1.53,1783362.65,46783.03,520220.88,Corporate,Transfer,No,4,2023
INV-00504,2023-04-24,Beverages,BE-124,تبریز,Pharmacy,57283.32,4,4.0,229133.27,43311.95,55885.46,Retail,Cash,No,4,2023
INV-00505,2023-04-24,Home Care,HO-049,شیراز,Supermarket,50710.75,7,16.22,354975.28,33362.25,121439.5,Retail,POS,Yes,4,2023
INV-00506,2023-04-24,Dairy,DA-074,تبریز,Pharmacy,91682.45,7,4.0,641777.14,71554.78,140893.68,Retail,Transfer,No,4,2023
INV-00507,2023-04-24,Dairy,DA-099,رشت,Supermarket,96824.27,96,13.44,9295130.39,64716.42,3082354.18,Corporate,Cash,Yes,4,2023
INV-00508,2023-04-24,Beverages,BE-138,تهران,Supermarket,50319.38,10,10.61,503193.81,36011.06,143083.22,Retail,Transfer,Yes,4,2023
INV-00509,2023-04-25,Beverages,BE-101,کرج,Online,65036.69,1,2.83,65036.69,49902.73,15133.95,Retail,Cash,No,4,2023
INV-00510,2023-04-25,Dairy,DA-128,تهران,Hypermarket,108649.22,3,4.14,325947.67,82644.19,78015.12,Retail,Transfer,No,4,2023
INV-00511,2023-04-25,Beverages,BE-094,اهواز,Supermarket,58617.23,9,17.63,527555.06,43610.18,135063.42,Retail,POS,Yes,4,2023
INV-00512,2023-04-25,Dairy,DA-072,تبریز,Supermarket,115583.45,7,5.78,809084.13,85424.64,211111.62,Retail,POS,Yes,4,2023
INV-00513,2023-04-25,Snacks,SN-124,رشت,Supermarket,66671.24,4,1.95,266684.95,46080.73,82362.02,Retail,Card,No,4,2023
INV-00514,2023-04-25,Personal Care,PE-068,تهران,Pharmacy,99371.48,9,0.39,894343.32,83976.57,138554.23,Retail,Transfer,No,4,2023
INV-00515,2023-04-25,Snacks,SN-052,کرج,Wholesale,68573.22,5,2.42,342866.11,54332.85,71201.88,Retail,Transfer,No,4,2023
INV-00516,2023-04-26,Beverages,BE-083,کرمانشاه,Supermarket,68992.42,4,2.39,275969.7,50911.08,72325.39,Retail,Transfer,No,4,2023
INV-00517,2023-04-26,Personal Care,PE-128,کرج,Online,105648.07,3,2.03,316944.21,76639.84,87024.7,Retail,Transfer,No,4,2023
INV-00518,2023-04-26,Dairy,DA-022,شیراز,Wholesale,101529.77,15,2.03,1522946.51,82085.17,291668.94,Retail,Transfer,No,4,2023
INV-00519,2023-04-26,Personal Care,PE-064,تهران,Online,111243.28,9,3.48,1001189.49,80195.18,279432.89,Retail,Transfer,No,4,2023
INV-00520,2023-04-26,Snacks,SN-083,اهواز,Pharmacy,60631.63,1,3.76,60631.63,49474.73,11156.9,Retail,POS,No,4,2023
INV-00521,2023-04-26,Personal Care,PE-049,تهران,Online,107052.35,6,4.0,642314.11,86185.66,125200.18,Retail,Card,No,4,2023
INV-00522,2023-04-27,Beverages,BE-052,اصفهان,Hypermarket,62526.44,74,23.34,4626956.29,47279.64,1128262.7,Corporate,Transfer,Yes,4,2023
INV-00523,2023-04-27,Home Care,HO-104,رشت,Pharmacy,56455.73,9,1.32,508101.57,42772.88,123145.63,Retail,Card,No,4,2023
INV-00524,2023-04-27,Home Care,HO-036,اصفهان,Hypermarket,51159.59,86,14.07,4399724.99,34597.0,1424382.95,Corporate,Transfer,Yes,4,2023
INV-00525,2023-04-27,Personal Care,PE-096,تهران,Supermarket,100886.5,4,5.2,403546.0,68666.14,128881.43,Retail,POS,No,4,2023
INV-00526,2023-04-27,Snacks,SN-047,شیراز,Online,72166.5,10,2.77,721665.02,52093.33,200731.67,Retail,Card,No,4,2023
INV-00527,2023-04-27,Home Care,HO-034,کرج,Wholesale,56494.19,12,2.56,677930.24,47498.49,107948.3,Retail,POS,No,4,2023
INV-00528,2023-04-27,Personal Care,PE-013,کرمانشاه,Online,76121.54,8,0.35,608972.32,55557.59,164511.62,Retail,Transfer,No,4,2023
INV-00529,2023-04-27,Home Care,HO-110,کرج,Wholesale,53946.52,113,13.75,6095956.6,43482.51,1182432.42,Corporate,POS,Yes,4,2023
INV-00530,2023-04-27,Personal Care,PE-075,تهران,Online,104669.2,6,4.0,628015.18,84993.23,118055.79,Retail,Cash,No,4,2023
INV-00531,2023-04-28,Snacks,SN-149,قم,Supermarket,71452.76,10,0.14,714527.57,48849.1,226036.61,Retail,Card,No,4,2023
INV-00532,2023-04-28,Snacks,SN-139,اصفهان,Supermarket,58981.09,3,2.48,176943.26,39544.15,58310.82,Retail,Transfer,No,4,2023
INV-00533,2023-04-28,Home Care,HO-126,شیراز,Pharmacy,47428.48,2,4.0,94856.97,38181.73,18493.51,Retail,Card,No,4,2023
INV-00534,2023-04-28,Snacks,SN-031,تبریز,Wholesale,68914.15,150,1.73,10337122.9,58962.18,1492795.25,Corporate,Card,No,4,2023
INV-00535,2023-04-29,Snacks,SN-054,اصفهان,Supermarket,69231.98,8,7.93,553855.86,48688.34,164349.17,Retail,Card,Yes,4,2023
INV-00536,2023-04-29,Snacks,SN-035,کرج,Supermarket,51136.39,12,14.24,613636.67,36706.23,173161.94,Corporate,Cash,Yes,4,2023
INV-00537,2023-04-29,Home Care,HO-149,تبریز,Supermarket,41637.04,1,1.64,41637.04,28729.89,12907.15,Retail,Card,No,4,2023
INV-00538,2023-04-29,Snacks,SN-010,مشهد,Hypermarket,56707.48,6,2.92,340244.88,40183.35,99144.81,Retail,Transfer,No,4,2023
INV-00539,2023-04-30,Dairy,DA-065,رشت,Pharmacy,87167.83,7,0.93,610174.81,70143.5,119170.35,Retail,Cash,No,4,2023
INV-00540,2023-04-30,Home Care,HO-014,کرج,Pharmacy,46373.75,49,23.35,2272313.66,38584.79,381659.1,Corporate,Card,Yes,4,2023
INV-00541,2023-04-30,Personal Care,PE-101,تبریز,Supermarket,107716.34,5,5.5,538581.68,74780.95,164676.94,Retail,Card,No,4,2023
INV-00542,2023-04-30,Snacks,SN-147,اهواز,Online,67606.15,61,3.52,4123974.99,50627.42,1035702.63,Corporate,Cash,No,4,2023
INV-00543,2023-04-30,Snacks,SN-006,قم,Wholesale,73930.91,44,12.01,3252959.87,61986.78,525541.58,Corporate,Card,Yes,4,2023
INV-00544,2023-04-30,Snacks,SN-085,تبریز,Online,55102.96,12,4.0,661235.5,42066.87,156433.12,Corporate,Cash,No,4,2023
INV-00545,2023-05-02,Snacks,SN-090,تبریز,Supermarket,62195.55,39,2.57,2425626.31,42630.48,763037.78,Corporate,Card,No,5,2023
INV-00546,2023-05-02,Beverages,BE-110,اهواز,Pharmacy,68948.46,24,3.96,1654762.92,51730.01,413242.57,Corporate,Card,No,5,2023
INV-00547,2023-05-02,Beverages,BE-094,رشت,Supermarket,60389.13,1,16.11,60389.13,43811.47,16577.66,Retail,Card,Yes,5,2023
INV-00548,2023-05-02,Home Care,HO-053,رشت,Pharmacy,52487.51,1,6.36,52487.51,41766.77,10720.75,Retail,Cash,Yes,5,2023
INV-00549,2023-05-02,Home Care,HO-025,شیراز,Pharmacy,60891.45,2,3.88,121782.9,49306.09,23170.71,Retail,Card,No,5,2023
INV-00550,2023-05-02,Home Care,HO-022,اهواز,Online,48734.89,3,3.64,146204.67,37492.67,33726.66,Retail,Card,No,5,2023
INV-00551,2023-05-02,Dairy,DA-055,تهران,Pharmacy,127728.03,71,4.0,9068690.02,104197.22,1670687.66,Corporate,Card,No,5,2023
INV-00552,2023-05-03,Dairy,DA-148,رشت,Hypermarket,83050.84,14,5.97,1162711.75,60537.36,315188.66,Corporate,Cash,No,5,2023
INV-00553,2023-05-03,Snacks,SN-016,مشهد,Wholesale,60313.0,1,5.01,60313.0,52336.56,7976.44,Retail,Transfer,No,5,2023
INV-00554,2023-05-03,Beverages,BE-055,اهواز,Online,74661.47,10,1.42,746614.73,55641.61,190198.6,Retail,Card,No,5,2023
INV-00555,2023-05-03,Home Care,HO-064,رشت,Wholesale,52682.32,141,5.36,7428207.41,43717.15,1264088.71,Corporate,Cash,No,5,2023
INV-00556,2023-05-03,Snacks,SN-030,کرج,Pharmacy,59519.59,2,0.87,119039.18,49187.09,20665.01,Retail,Transfer,No,5,2023
INV-00557,2023-05-03,Snacks,SN-103,کرمانشاه,Wholesale,73755.49,130,4.61,9588213.11,58901.07,1931073.74,Corporate,POS,No,5,2023
INV-00558,2023-05-03,Dairy,DA-140,اهواز,Wholesale,110432.12,15,10.73,1656481.83,93336.26,256437.91,Retail,Transfer,Yes,5,2023
INV-00559,2023-05-03,Snacks,SN-097,کرمانشاه,Wholesale,45966.55,112,22.7,5148253.33,38874.16,794347.32,Corporate,Cash,Yes,5,2023
INV-00560,2023-05-04,Dairy,DA-150,رشت,Pharmacy,106374.35,1,3.47,106374.35,83424.47,22949.88,Retail,Cash,No,5,2023
INV-00561,2023-05-05,Home Care,HO-014,تبریز,Supermarket,41472.07,7,13.93,290304.47,27983.13,94422.57,Retail,Cash,Yes,5,2023
INV-00562,2023-05-05,Personal Care,PE-079,شیراز,Hypermarket,87805.42,86,18.5,7551266.38,64463.32,2007420.7,Corporate,Card,Yes,5,2023
INV-00563,2023-05-05,Beverages,BE-104,مشهد,Online,77527.16,2,3.5,155054.32,60474.21,34105.9,Retail,Card,No,5,2023
INV-00564,2023-05-05,Snacks,SN-031,تهران,Supermarket,67160.01,11,8.51,738760.11,47062.03,221077.75,Retail,Transfer,Yes,5,2023
INV-00565,2023-05-05,Home Care,HO-021,رشت,Pharmacy,57402.26,7,4.0,401815.85,47354.08,70337.32,Retail,Card,No,5,2023
INV-00566,2023-05-05,Personal Care,PE-077,اصفهان,Hypermarket,103083.59,5,4.52,515417.94,72843.8,151198.96,Retail,POS,No,5,2023
INV-00567,2023-05-06,Personal Care,PE-090,قم,Pharmacy,100934.59,1,4.0,100934.59,82101.03,18833.56,Retail,Transfer,No,5,2023
INV-00568,2023-05-06,Personal Care,PE-112,اهواز,Wholesale,102868.96,28,4.35,2880330.78,83451.47,543689.73,Corporate,Card,No,5,2023
INV-00569,2023-05-06,Dairy,DA-009,قم,Pharmacy,88153.88,74,1.94,6523386.76,72907.31,1128245.62,Corporate,Card,No,5,2023
INV-00570,2023-05-06,Beverages,BE-043,مشهد,Hypermarket,58819.87,77,24.93,4529130.25,40810.59,1386714.71,Corporate,Card,Yes,5,2023
INV-00571,2023-05-07,Home Care,HO-138,کرمانشاه,Wholesale,58225.32,8,4.23,465802.55,48315.86,79275.66,Retail,Transfer,No,5,2023
INV-00572,2023-05-07,Snacks,SN-065,رشت,Hypermarket,71864.15,8,3.49,574913.2,54097.9,142129.98,Retail,Card,No,5,2023
INV-00573,2023-05-07,Personal Care,PE-089,کرج,Wholesale,77000.48,8,3.21,616003.87,61564.95,123484.24,Retail,Card,No,5,2023
INV-00574,2023-05-07,Snacks,SN-079,تبریز,Wholesale,49367.77,9,1.62,444309.97,39843.28,85720.44,Retail,Card,No,5,2023
INV-00575,2023-05-07,Dairy,DA-147,مشهد,Wholesale,105041.06,9,9.09,945369.5,85953.55,171787.56,Retail,Card,Yes,5,2023
INV-00576,2023-05-07,Beverages,BE-001,تهران,Hypermarket,62761.92,2,0.8,125523.84,44145.94,37231.95,Retail,Cash,No,5,2023
INV-00577,2023-05-08,Personal Care,PE-118,رشت,Wholesale,79332.58,23,24.48,1824649.3,65981.23,307081.01,Corporate,Card,Yes,5,2023
INV-00578,2023-05-08,Dairy,DA-134,کرج,Supermarket,95505.05,9,14.05,859545.49,66420.84,261757.96,Retail,Transfer,Yes,5,2023
INV-00579,2023-05-08,Beverages,BE-089,کرج,Pharmacy,59306.15,3,4.0,177918.46,48055.51,33751.92,Retail,POS,No,5,2023
INV-00580,2023-05-09,Beverages,BE-022,اصفهان,Supermarket,56285.64,10,5.5,562856.37,39760.33,165253.04,Retail,Transfer,No,5,2023
INV-00581,2023-05-09,Beverages,BE-080,تهران,Online,78279.61,9,0.69,704516.49,58166.33,181019.5,Retail,Cash,No,5,2023
INV-00582,2023-05-09,Snacks,SN-048,رشت,Wholesale,62045.68,9,5.89,558411.13,51073.52,98749.44,Retail,Card,No,5,2023
INV-00583,2023-05-10,Beverages,BE-104,کرمانشاه,Pharmacy,65888.85,4,4.0,263555.39,54656.31,44930.13,Retail,Transfer,No,5,2023
INV-00584,2023-05-10,Snacks,SN-042,تبریز,Hypermarket,59220.91,3,3.15,177662.74,42019.47,51604.33,Retail,Transfer,No,5,2023
INV-00585,2023-05-10,Dairy,DA-069,رشت,Supermarket,99939.0,43,3.16,4297376.8,66323.53,1445465.18,Corporate,Transfer,No,5,2023
INV-00586,2023-05-10,Beverages,BE-095,اهواز,Pharmacy,63496.48,22,0.79,1396922.53,49482.68,308303.47,Corporate,Card,No,5,2023
INV-00587,2023-05-10,Home Care,HO-125,تبریز,Supermarket,44273.27,59,0.97,2612123.19,29894.89,848324.65,Corporate,Transfer,No,5,2023
INV-00588,2023-05-10,Home Care,HO-034,رشت,Pharmacy,45955.29,52,1.23,2389675.3,38926.86,365478.36,Corporate,POS,No,5,2023
INV-00589,2023-05-10,Dairy,DA-053,رشت,Hypermarket,89616.96,10,4.07,896169.62,67410.1,222068.6,Corporate,Card,No,5,2023
INV-00590,2023-05-11,Snacks,SN-081,تبریز,Pharmacy,69197.34,6,3.23,415184.04,55290.34,83441.98,Retail,Transfer,No,5,2023
INV-00591,2023-05-11,Dairy,DA-080,اهواز,Supermarket,91770.71,10,3.48,917707.11,61424.94,303457.71,Retail,POS,No,5,2023
INV-00592,2023-05-11,Personal Care,PE-083,تهران,Pharmacy,100245.82,13,4.0,1303195.71,80168.97,260999.06,Corporate,Transfer,No,5,2023
INV-00593,2023-05-11,Beverages,BE-064,مشهد,Hypermarket,68357.53,2,2.28,136715.07,53297.53,30120.0,Retail,Card,No,5,2023
INV-00594,2023-05-11,Dairy,DA-142,کرج,Wholesale,90611.25,10,0.4,906112.53,71045.89,195653.63,Retail,Cash,No,5,2023
INV-00595,2023-05-11,Personal Care,PE-088,رشت,Wholesale,81742.18,37,0.73,3024460.79,65907.76,585873.75,Corporate,Card,No,5,2023
INV-00596,2023-05-11,Home Care,HO-057,تهران,Pharmacy,47773.51,8,3.89,382188.06,39222.27,68409.91,Retail,Card,No,5,2023
INV-00597,2023-05-12,Snacks,SN-002,تهران,Pharmacy,59198.33,1,12.35,59198.33,44454.5,14743.84,Retail,Cash,Yes,5,2023
INV-00598,2023-05-12,Beverages,BE-043,مشهد,Pharmacy,70515.13,8,4.0,564121.02,53826.68,133507.59,Retail,Transfer,No,5,2023
INV-00599,2023-05-12,Snacks,SN-012,تهران,Online,51581.93,1,15.48,51581.93,41310.21,10271.72,Retail,Transfer,Yes,5,2023
INV-00600,2023-05-12,Dairy,DA-035,کرج,Supermarket,138555.75,119,3.9,16488134.62,95274.09,5150517.74,Corporate,Transfer,No,5,2023
INV-00601,2023-05-12,Home Care,HO-056,رشت,Wholesale,45035.1,13,3.95,585456.33,37922.23,92467.33,Retail,Card,No,5,2023
INV-00602,2023-05-12,Personal Care,PE-048,اصفهان,Pharmacy,104757.19,5,4.0,523785.96,87899.91,84286.38,Retail,Transfer,No,5,2023
INV-00603,2023-05-13,Beverages,BE-060,رشت,Wholesale,71373.15,13,5.7,927850.95,61376.28,129959.3,Retail,Card,No,5,2023
INV-00604,2023-05-13,Home Care,HO-150,شیراز,Supermarket,50489.48,12,3.73,605873.74,35207.01,183389.66,Retail,Transfer,No,5,2023
INV-00605,2023-05-14,Beverages,BE-051,اصفهان,Wholesale,59971.08,8,3.09,479768.6,47361.89,100873.52,Retail,Transfer,No,5,2023
INV-00606,2023-05-14,Home Care,HO-059,کرمانشاه,Pharmacy,55878.24,7,8.53,391147.65,43003.94,90120.1,Retail,Card,Yes,5,2023
INV-00607,2023-05-14,Personal Care,PE-097,تبریز,Online,76020.79,61,18.44,4637268.13,60098.5,971259.54,Corporate,Card,Yes,5,2023
INV-00608,2023-05-14,Snacks,SN-137,اصفهان,Online,80468.25,3,0.24,241404.75,63734.59,50200.99,Retail,Cash,No,5,2023
INV-00609,2023-05-14,Dairy,DA-011,شیراز,Hypermarket,104500.43,74,4.94,7733032.09,71333.21,2454374.82,Corporate,Card,No,5,2023
INV-00610,2023-05-14,Dairy,DA-038,قم,Pharmacy,117106.89,3,3.63,351320.66,94365.12,68225.29,Retail,Transfer,No,5,2023
INV-00611,2023-05-15,Personal Care,PE-017,اصفهان,Wholesale,101300.86,150,3.98,15195128.92,88337.5,1944504.12,Corporate,Transfer,No,5,2023
INV-00612,2023-05-15,Home Care,HO-066,تبریز,Pharmacy,51715.06,19,4.0,982586.2,40212.13,218555.78,Corporate,POS,No,5,2023
INV-00613,2023-05-15,Home Care,HO-019,تبریز,Hypermarket,42390.3,98,3.76,4154249.17,32102.03,1008249.79,Corporate,Card,No,5,2023
INV-00614,2023-05-15,Home Care,HO-058,تبریز,Pharmacy,57371.11,83,2.15,4761802.21,48063.28,772549.86,Corporate,Card,No,5,2023
INV-00615,2023-05-15,Snacks,SN-048,کرمانشاه,Wholesale,58280.75,148,0.74,8625550.42,46161.76,1793609.9,Corporate,Transfer,No,5,2023
INV-00616,2023-05-16,Beverages,BE-036,رشت,Pharmacy,68245.61,7,1.23,477719.24,57846.93,72790.76,Retail,Card,No,5,2023
INV-00617,2023-05-16,Snacks,SN-024,کرمانشاه,Wholesale,57797.34,6,5.11,346784.04,46562.8,67407.25,Retail,Transfer,No,5,2023
INV-00618,2023-05-16,Beverages,BE-016,مشهد,Hypermarket,71413.89,7,5.34,499897.2,49676.6,152160.98,Retail,POS,No,5,2023
INV-00619,2023-05-16,Beverages,BE-091,شیراز,Pharmacy,53297.54,9,3.61,479677.86,45187.89,72986.83,Retail,Transfer,No,5,2023
INV-00620,2023-05-16,Home Care,HO-150,اهواز,Supermarket,52273.67,11,5.26,575010.4,35345.01,186215.27,Retail,Transfer,No,5,2023
INV-00621,2023-05-16,Home Care,HO-006,قم,Supermarket,50262.97,2,2.39,100525.94,32740.0,35045.93,Retail,Card,No,5,2023
INV-00622,2023-05-17,Snacks,SN-103,کرمانشاه,Supermarket,60449.52,96,9.47,5803154.27,42985.56,1676540.03,Corporate,Cash,Yes,5,2023
INV-00623,2023-05-17,Beverages,BE-125,مشهد,Hypermarket,68783.87,12,0.26,825406.43,48621.96,241942.87,Retail,Card,No,5,2023
INV-00624,2023-05-17,Beverages,BE-029,کرمانشاه,Hypermarket,84115.98,10,3.62,841159.84,64025.11,200908.72,Retail,POS,No,5,2023
INV-00625,2023-05-18,Beverages,BE-064,مشهد,Pharmacy,66019.31,6,9.66,396115.87,55443.8,63453.06,Retail,Card,Yes,5,2023
INV-00626,2023-05-18,Beverages,BE-047,قم,Wholesale,60599.95,3,5.55,181799.84,52456.41,24430.6,Retail,Transfer,No,5,2023
INV-00627,2023-05-19,Personal Care,PE-077,رشت,Online,105297.17,1,2.45,105297.17,80232.98,25064.19,Retail,Card,No,5,2023
INV-00628,2023-05-19,Beverages,BE-009,کرج,Supermarket,74742.86,7,2.71,523200.05,54983.6,138314.83,Retail,Card,No,5,2023
INV-00629,2023-05-19,Home Care,HO-016,رشت,Supermarket,52357.19,8,0.34,418857.49,37302.22,120439.72,Retail,Transfer,No,5,2023
INV-00630,2023-05-19,Snacks,SN-066,اهواز,Hypermarket,39885.83,93,14.63,3709382.14,30589.46,864562.19,Corporate,Transfer,Yes,5,2023
INV-00631,2023-05-20,Beverages,BE-064,قم,Pharmacy,70482.77,5,12.71,352413.83,57329.93,65764.16,Retail,Card,Yes,5,2023
INV-00632,2023-05-20,Dairy,DA-060,مشهد,Supermarket,118173.09,8,5.06,945384.75,83709.73,275706.88,Retail,Transfer,No,5,2023
INV-00633,2023-05-20,Beverages,BE-079,مشهد,Supermarket,70199.59,3,3.63,210598.76,49071.75,63383.51,Retail,Transfer,No,5,2023
INV-00634,2023-05-20,Dairy,DA-040,اهواز,Wholesale,89282.04,7,9.03,624974.28,78275.73,77044.18,Retail,Transfer,Yes,5,2023
INV-00635,2023-05-20,Beverages,BE-081,تبریز,Pharmacy,66369.16,9,2.57,597322.4,56109.5,92336.88,Retail,Transfer,No,5,2023
INV-00636,2023-05-20,Beverages,BE-053,تبریز,Hypermarket,56977.14,9,4.38,512794.24,42025.77,134562.35,Retail,Transfer,No,5,2023
INV-00637,2023-05-20,Personal Care,PE-020,رشت,Supermarket,105640.67,7,5.28,739484.68,74400.56,218680.75,Retail,Card,Yes,5,2023
INV-00638,2023-05-20,Beverages,BE-149,کرمانشاه,Supermarket,77562.62,32,4.44,2482003.78,50532.58,864961.06,Corporate,POS,No,5,2023
INV-00639,2023-05-21,Home Care,HO-055,شیراز,Hypermarket,47940.12,121,24.41,5800754.83,32830.49,1828265.98,Corporate,Transfer,Yes,5,2023
INV-00640,2023-05-21,Snacks,SN-106,اهواز,Supermarket,61691.19,5,1.38,308455.93,41710.97,99901.09,Retail,Cash,No,5,2023
INV-00641,2023-05-21,Snacks,SN-092,کرمانشاه,Pharmacy,53512.51,4,14.06,214050.04,44544.93,35870.33,Retail,Transfer,Yes,5,2023
INV-00642,2023-05-21,Snacks,SN-088,کرج,Online,67357.4,1,5.75,67357.4,50043.25,17314.14,Retail,Card,Yes,5,2023
INV-00643,2023-05-21,Personal Care,PE-006,اهواز,Supermarket,98218.13,20,2.15,1964362.54,68270.67,598949.16,Corporate,Transfer,No,5,2023
INV-00644,2023-05-21,Snacks,SN-106,اهواز,Wholesale,72168.65,31,1.26,2237228.21,62061.46,313322.95,Corporate,POS,No,5,2023
INV-00645,2023-05-21,Beverages,BE-066,اصفهان,Wholesale,53579.06,14,10.77,750106.89,45772.82,109287.39,Retail,Transfer,Yes,5,2023
INV-00646,2023-05-21,Beverages,BE-092,قم,Pharmacy,62872.23,3,7.34,188616.7,48630.47,42725.3,Retail,POS,Yes,5,2023
INV-00647,2023-05-21,Snacks,SN-076,رشت,Online,52066.72,74,3.78,3852937.63,39510.5,929160.93,Corporate,Card,No,5,2023
INV-00648,2023-05-22,Beverages,BE-080,اصفهان,Hypermarket,61800.65,4,7.32,247202.59,47675.87,56499.13,Retail,Cash,Yes,5,2023
INV-00649,2023-05-22,Beverages,BE-091,تبریز,Supermarket,81658.25,11,1.29,898240.8,53131.54,313793.89,Retail,Transfer,No,5,2023
INV-00650,2023-05-22,Snacks,SN-082,اهواز,Hypermarket,58509.71,110,4.72,6436068.39,39276.48,2115655.67,Corporate,Transfer,No,5,2023
INV-00651,2023-05-22,Home Care,HO-092,شیراز,Online,46484.85,9,11.85,418363.63,34976.34,103576.56,Retail,Cash,Yes,5,2023
INV-00652,2023-05-22,Dairy,DA-086,اصفهان,Pharmacy,109493.49,9,10.05,985441.41,84007.96,229369.79,Retail,Card,Yes,5,2023
INV-00653,2023-05-22,Dairy,DA-111,اصفهان,Hypermarket,131866.11,8,1.89,1054928.9,94406.24,299678.95,Retail,Card,No,5,2023
INV-00654,2023-05-23,Personal Care,PE-135,کرج,Pharmacy,121337.01,1,4.0,121337.01,93530.34,27806.67,Retail,Transfer,No,5,2023
INV-00655,2023-05-23,Dairy,DA-106,اصفهان,Wholesale,126528.75,11,0.26,1391816.24,109786.55,184164.14,Retail,Transfer,No,5,2023
INV-00656,2023-05-24,Home Care,HO-130,تهران,Supermarket,58246.14,1,1.98,58246.14,40652.2,17593.93,Retail,POS,No,5,2023
INV-00657,2023-05-24,Dairy,DA-088,کرج,Hypermarket,94759.65,88,24.29,8338849.24,64792.9,2637074.45,Corporate,Card,Yes,5,2023
INV-00658,2023-05-24,Beverages,BE-118,تبریز,Hypermarket,61826.03,4,12.83,247304.11,47257.48,58274.17,Retail,Card,Yes,5,2023
INV-00659,2023-05-24,Dairy,DA-113,تهران,Supermarket,104245.74,53,19.23,5525024.23,71166.83,1753182.02,Corporate,Card,Yes,5,2023
INV-00660,2023-05-24,Snacks,SN-113,مشهد,Supermarket,70919.06,97,0.61,6879148.59,48170.58,2206602.64,Corporate,Card,No,5,2023
INV-00661,2023-05-24,Snacks,SN-057,کرج,Wholesale,69092.83,63,3.83,4352848.56,58921.78,640776.19,Corporate,POS,No,5,2023
INV-00662,2023-05-24,Home Care,HO-039,اصفهان,Online,58566.65,1,0.38,58566.65,42286.92,16279.73,Retail,Card,No,5,2023
INV-00663,2023-05-24,Home Care,HO-024,کرج,Pharmacy,52918.57,35,1.6,1852150.12,40031.16,451059.63,Corporate,Cash,No,5,2023
INV-00664,2023-05-25,Personal Care,PE-054,اهواز,Supermarket,94412.83,3,3.26,283238.5,66298.66,84342.51,Retail,Transfer,No,5,2023
INV-00665,2023-05-25,Personal Care,PE-072,کرمانشاه,Supermarket,106625.6,12,0.0,1279507.18,79792.63,321995.62,Retail,Transfer,No,5,2023
INV-00666,2023-05-25,Home Care,HO-008,اصفهان,Online,48160.04,78,14.83,3756483.25,35202.69,1010673.36,Corporate,POS,Yes,5,2023
INV-00667,2023-05-25,Dairy,DA-075,اهواز,Pharmacy,88442.14,6,0.54,530652.81,74491.24,83705.36,Retail,Cash,No,5,2023
INV-00668,2023-05-25,Home Care,HO-052,کرج,Hypermarket,64572.64,4,4.58,258290.57,49695.53,59508.47,Retail,Cash,No,5,2023
INV-00669,2023-05-25,Home Care,HO-042,اهواز,Pharmacy,52797.27,2,16.49,105594.54,43853.83,17886.88,Retail,POS,Yes,5,2023
INV-00670,2023-05-26,Personal Care,PE-081,اصفهان,Wholesale,96676.3,155,5.13,14984826.55,83293.08,2074399.6,Corporate,Transfer,No,5,2023
INV-00671,2023-05-26,Snacks,SN-144,مشهد,Pharmacy,55371.05,39,0.93,2159470.76,42962.08,483949.55,Corporate,Transfer,No,5,2023
INV-00672,2023-05-26,Personal Care,PE-123,کرمانشاه,Supermarket,98882.26,7,1.54,692175.79,73750.77,175920.38,Retail,Transfer,No,5,2023
INV-00673,2023-05-26,Home Care,HO-022,قم,Online,56511.28,4,2.21,226045.11,42287.97,56893.25,Retail,Cash,No,5,2023
INV-00674,2023-05-27,Personal Care,PE-081,اهواز,Wholesale,105531.41,50,2.28,5276570.43,84295.86,1061777.42,Corporate,Card,No,5,2023
INV-00675,2023-05-27,Snacks,SN-013,قم,Online,67095.67,6,3.45,402574.02,48730.18,110192.92,Retail,Transfer,No,5,2023
INV-00676,2023-05-27,Beverages,BE-064,اصفهان,Wholesale,68807.53,7,2.48,481652.74,56335.02,87307.6,Retail,Card,No,5,2023
INV-00677,2023-05-27,Home Care,HO-032,تهران,Pharmacy,53790.26,9,2.54,484112.33,43119.62,96035.76,Retail,Cash,No,5,2023
INV-00678,2023-05-27,Beverages,BE-077,اصفهان,Hypermarket,62194.62,2,5.2,124389.24,47964.69,28459.86,Retail,Transfer,No,5,2023
INV-00679,2023-05-28,Dairy,DA-034,تهران,Supermarket,94121.33,7,6.38,658849.34,66509.1,193285.61,Retail,Cash,Yes,5,2023
INV-00680,2023-05-28,Home Care,HO-041,شیراز,Pharmacy,49226.95,7,4.0,344588.62,37582.89,81508.41,Retail,Transfer,No,5,2023
INV-00681,2023-05-28,Snacks,SN-085,اهواز,Supermarket,54916.9,10,9.31,549169.05,39320.55,155963.52,Retail,Card,Yes,5,2023
INV-00682,2023-05-28,Dairy,DA-114,کرج,Supermarket,108242.65,5,4.68,541213.27,79101.91,145703.71,Retail,POS,No,5,2023
INV-00683,2023-05-28,Snacks,SN-093,قم,Online,57083.4,78,12.46,4452505.29,41245.79,1235333.66,Corporate,Card,Yes,5,2023
INV-00684,2023-05-29,Home Care,HO-074,مشهد,Wholesale,53363.41,12,11.01,640360.91,43054.86,123702.55,Retail,Cash,Yes,5,2023
INV-00685,2023-05-29,Personal Care,PE-116,اهواز,Pharmacy,131443.1,1,2.99,131443.1,99168.54,32274.57,Retail,Transfer,No,5,2023
INV-00686,2023-05-29,Snacks,SN-079,کرمانشاه,Online,66029.51,4,0.32,264118.04,49249.12,67121.54,Retail,POS,No,5,2023
INV-00687,2023-05-30,Home Care,HO-017,اصفهان,Wholesale,61351.84,51,2.93,3128943.76,48283.9,666464.87,Corporate,Transfer,No,5,2023
INV-00688,2023-05-30,Personal Care,PE-055,تهران,Wholesale,102934.86,7,1.2,720544.05,85086.87,124935.96,Retail,Card,No,5,2023
INV-00689,2023-05-30,Home Care,HO-093,کرمانشاه,Supermarket,52302.27,6,3.48,313813.6,36221.98,96481.69,Retail,Card,No,5,2023
INV-00690,2023-05-30,Dairy,DA-065,تبریز,Supermarket,119359.2,6,2.48,716155.19,86057.4,199810.79,Retail,Transfer,No,5,2023
INV-00691,2023-05-31,Snacks,SN-107,شیراز,Pharmacy,71141.12,71,3.75,5051019.39,57638.37,958695.41,Corporate,Card,No,5,2023
INV-00692,2023-05-31,Personal Care,PE-051,قم,Wholesale,123564.84,60,2.1,7413890.19,98077.76,1529224.51,Corporate,Card,No,5,2023
INV-00693,2023-05-31,Personal Care,PE-094,تهران,Hypermarket,125304.21,10,0.34,1253042.12,97276.68,280275.34,Retail,Transfer,No,5,2023
INV-00694,2023-06-01,Snacks,SN-140,کرمانشاه,Pharmacy,60954.22,72,2.98,4388703.87,50708.78,737671.7,Corporate,Card,No,6,2023
INV-00695,2023-06-01,Personal Care,PE-117,قم,Wholesale,125053.77,3,6.22,375161.3,109974.39,45238.14,Retail,Card,Yes,6,2023
INV-00696,2023-06-01,Personal Care,PE-099,رشت,Hypermarket,93838.01,9,11.93,844542.07,67138.61,240294.58,Retail,POS,Yes,6,2023
INV-00697,2023-06-01,Snacks,SN-034,رشت,Online,57252.19,1,4.0,57252.19,44624.0,12628.19,Retail,POS,No,6,2023
INV-00698,2023-06-01,Home Care,HO-065,اهواز,Pharmacy,53853.77,3,2.29,161561.3,45455.45,25194.96,Retail,Transfer,No,6,2023
INV-00699,2023-06-01,Beverages,BE-059,کرج,Supermarket,67301.87,74,0.99,4980338.37,48668.79,1378847.67,Corporate,POS,No,6,2023
INV-00700,2023-06-02,Home Care,HO-063,رشت,Online,49458.79,7,2.26,346211.53,35620.57,96867.54,Retail,Transfer,No,6,2023
INV-00701,2023-06-03,Snacks,SN-093,اصفهان,Supermarket,65735.5,10,1.23,657354.96,45645.28,200902.21,Retail,Transfer,No,6,2023
INV-00702,2023-06-03,Snacks,SN-091,قم,Wholesale,52723.75,8,5.61,421789.99,43490.87,73863.04,Retail,Card,No,6,2023
INV-00703,2023-06-03,Beverages,BE-031,تبریز,Pharmacy,66117.92,23,16.29,1520712.18,52368.88,316228.0,Corporate,Transfer,Yes,6,2023
INV-00704,2023-06-03,Personal Care,PE-018,کرج,Supermarket,93086.21,82,4.41,7633069.56,65471.44,2264411.15,Corporate,Transfer,No,6,2023
INV-00705,2023-06-03,Beverages,BE-148,تهران,Wholesale,80150.53,9,4.06,721354.79,69705.54,94004.9,Retail,Card,No,6,2023
INV-00706,2023-06-03,Home Care,HO-131,رشت,Online,53670.67,6,4.0,322024.02,42747.7,65537.81,Retail,POS,No,6,2023
INV-00707,2023-06-03,Dairy,DA-043,تهران,Supermarket,109345.11,11,1.38,1202796.2,81126.15,310408.57,Retail,Transfer,No,6,2023
INV-00708,2023-06-03,Dairy,DA-121,اهواز,Online,108910.97,9,4.0,980198.76,86521.96,201501.09,Retail,POS,No,6,2023
INV-00709,2023-06-03,Snacks,SN-041,تهران,Online,53664.33,9,2.16,482978.98,39250.6,129723.61,Retail,Card,No,6,2023
INV-00710,2023-06-03,Dairy,DA-047,شیراز,Wholesale,99611.81,14,4.53,1394565.3,86194.41,187843.53,Retail,Card,No,6,2023
INV-00711,2023-06-03,Beverages,BE-105,کرج,Supermarket,79181.83,46,1.36,3642364.31,53830.17,1166176.39,Corporate,Card,No,6,2023
INV-00712,2023-06-03,Snacks,SN-145,تبریز,Hypermarket,55749.78,5,4.71,278748.92,37671.31,90392.36,Retail,Transfer,No,6,2023
INV-00713,2023-06-03,Home Care,HO-001,مشهد,Pharmacy,46284.22,9,3.61,416558.01,37365.74,80266.36,Retail,Transfer,No,6,2023
INV-00714,2023-06-03,Home Care,HO-072,کرج,Supermarket,58502.12,12,4.46,702025.44,42441.9,192722.65,Retail,POS,No,6,2023
INV-00715,2023-06-04,Dairy,DA-092,تبریز,Supermarket,104331.17,107,3.94,11163435.71,73786.07,3268326.06,Corporate,Card,No,6,2023
INV-00716,2023-06-04,Home Care,HO-007,تبریز,Wholesale,31934.33,128,19.8,4087594.06,26371.67,712020.88,Corporate,Transfer,Yes,6,2023
INV-00717,2023-06-04,Dairy,DA-120,کرج,Pharmacy,99077.24,9,16.29,891695.2,76628.6,202037.78,Retail,Card,Yes,6,2023
INV-00718,2023-06-05,Dairy,DA-009,اصفهان,Pharmacy,104090.56,8,0.94,832724.45,81810.16,178243.14,Retail,Card,No,6,2023
INV-00719,2023-06-05,Personal Care,PE-054,مشهد,Wholesale,83577.27,15,3.5,1253659.12,67747.86,237441.27,Retail,Transfer,No,6,2023
INV-00720,2023-06-05,Personal Care,PE-083,کرمانشاه,Hypermarket,102669.24,1,5.58,102669.24,77682.43,24986.81,Retail,Cash,No,6,2023
INV-00721,2023-06-06,Beverages,BE-005,قم,Online,70196.16,10,4.0,701961.65,54325.82,158703.47,Retail,POS,No,6,2023
INV-00722,2023-06-06,Beverages,BE-108,مشهد,Supermarket,71041.81,3,2.27,213125.44,53087.57,53862.74,Retail,Transfer,No,6,2023
INV-00723,2023-06-06,Snacks,SN-073,رشت,Wholesale,62665.33,6,3.23,375991.99,53933.02,52393.87,Retail,Card,No,6,2023
INV-00724,2023-06-06,Beverages,BE-021,قم,Pharmacy,70455.35,1,2.76,70455.35,56134.75,14320.6,Retail,Card,No,6,2023
INV-00725,2023-06-06,Beverages,BE-087,قم,Pharmacy,59574.0,8,11.42,476591.98,49852.33,77773.34,Retail,Cash,Yes,6,2023
INV-00726,2023-06-07,Dairy,DA-110,اصفهان,Online,114612.04,9,4.0,1031508.39,92378.02,200106.23,Retail,Card,No,6,2023
INV-00727,2023-06-07,Beverages,BE-121,شیراز,Supermarket,65205.09,7,0.59,456435.6,47872.94,121325.02,Retail,Transfer,No,6,2023
INV-00728,2023-06-07,Personal Care,PE-138,اصفهان,Wholesale,111461.16,29,0.98,3232373.57,96429.77,435910.12,Corporate,Card,No,6,2023
INV-00729,2023-06-07,Beverages,BE-072,اهواز,Pharmacy,67465.68,48,2.5,3238352.46,51316.12,775178.79,Corporate,Card,No,6,2023
INV-00730,2023-06-07,Home Care,HO-069,اهواز,Online,47702.05,46,1.72,2194294.18,34754.02,595609.22,Corporate,Transfer,No,6,2023
INV-00731,2023-06-07,Beverages,BE-133,مشهد,Hypermarket,73567.17,11,3.71,809238.82,55102.0,203116.86,Retail,Card,No,6,2023
INV-00732,2023-06-08,Beverages,BE-033,کرمانشاه,Pharmacy,69721.77,36,4.0,2509983.66,55320.25,518454.49,Corporate,Transfer,No,6,2023
INV-00733,2023-06-08,Personal Care,PE-122,شیراز,Online,84387.18,59,10.87,4978843.5,65867.0,1092690.44,Corporate,Card,Yes,6,2023
INV-00734,2023-06-09,Home Care,HO-017,مشهد,Wholesale,50696.16,13,4.3,659050.12,41130.61,124352.16,Retail,Card,No,6,2023
INV-00735,2023-06-10,Beverages,BE-134,تهران,Pharmacy,63227.45,69,12.69,4362693.95,47442.94,1089130.76,Corporate,Transfer,Yes,6,2023
INV-00736,2023-06-10,Personal Care,PE-098,شیراز,Pharmacy,107785.3,3,4.0,323355.91,84932.54,68558.28,Retail,Transfer,No,6,2023
INV-00737,2023-06-10,Personal Care,PE-077,کرج,Online,94425.18,8,3.55,755401.48,71669.5,182045.52,Retail,Card,No,6,2023
INV-00738,2023-06-10,Beverages,BE-021,تهران,Online,69638.4,6,1.12,417830.39,53404.59,97402.85,Retail,Transfer,No,6,2023
INV-00739,2023-06-11,Snacks,SN-077,تهران,Wholesale,58768.92,6,1.32,352613.54,50959.11,46858.87,Retail,Transfer,No,6,2023
INV-00740,2023-06-11,Beverages,BE-103,اصفهان,Wholesale,61387.56,11,13.66,675263.13,50245.93,122557.93,Retail,Card,Yes,6,2023
INV-00741,2023-06-12,Dairy,DA-054,کرمانشاه,Online,125399.63,3,1.28,376198.89,91090.63,102926.99,Retail,Transfer,No,6,2023
INV-00742,2023-06-12,Beverages,BE-003,تبریز,Online,59147.24,1,1.04,59147.24,46787.17,12360.07,Retail,Card,No,6,2023
INV-00743,2023-06-12,Snacks,SN-078,تهران,Online,57652.79,4,2.14,230611.17,43825.23,55310.26,Retail,POS,No,6,2023
INV-00744,2023-06-12,Dairy,DA-088,شیراز,Pharmacy,84204.85,83,23.49,6989002.93,64218.49,1658868.36,Corporate,POS,Yes,6,2023
INV-00745,2023-06-12,Home Care,HO-111,کرج,Supermarket,50493.33,29,5.03,1464306.51,36803.36,397009.19,Corporate,Transfer,No,6,2023
INV-00746,2023-06-12,Home Care,HO-123,اهواز,Hypermarket,61061.45,2,2.52,122122.89,45561.0,31000.89,Retail,Transfer,No,6,2023
INV-00747,2023-06-12,Home Care,HO-128,قم,Online,49884.19,10,1.74,498841.95,38262.72,116214.72,Retail,Card,No,6,2023
INV-00748,2023-06-12,Dairy,DA-146,شیراز,Supermarket,105294.42,12,4.27,1263533.07,76766.05,342340.48,Retail,Card,No,6,2023
INV-00749,2023-06-13,Personal Care,PE-016,تهران,Wholesale,91683.62,3,15.45,275050.87,77983.58,41100.14,Retail,Transfer,Yes,6,2023
INV-00750,2023-06-13,Home Care,HO-076,شیراز,Supermarket,65192.43,8,0.08,521539.43,43815.73,171013.6,Retail,Transfer,No,6,2023
INV-00751,2023-06-13,Home Care,HO-008,تبریز,Online,48244.04,83,4.0,4004255.27,35309.04,1073605.24,Corporate,Cash,No,6,2023
INV-00752,2023-06-14,Snacks,SN-013,اهواز,Pharmacy,51634.43,36,21.54,1858839.43,42171.63,340660.79,Corporate,Card,Yes,6,2023
INV-00753,2023-06-14,Beverages,BE-099,کرج,Pharmacy,68629.02,2,4.0,137258.04,53938.52,29381.0,Retail,Card,No,6,2023
INV-00754,2023-06-14,Snacks,SN-022,شیراز,Supermarket,53881.15,59,17.15,3178987.93,39745.35,834012.09,Corporate,Transfer,Yes,6,2023
INV-00755,2023-06-14,Home Care,HO-133,تهران,Pharmacy,64317.17,3,3.55,192951.51,54630.06,29061.32,Retail,Transfer,No,6,2023
INV-00756,2023-06-14,Personal Care,PE-137,تهران,Wholesale,94402.54,2,1.72,188805.08,81621.29,25562.5,Retail,Card,No,6,2023
INV-00757,2023-06-14,Beverages,BE-113,قم,Pharmacy,72703.63,5,1.0,363518.17,60106.95,62983.41,Retail,Card,No,6,2023
INV-00758,2023-06-15,Personal Care,PE-142,اهواز,Wholesale,91336.38,13,1.14,1187372.88,77440.83,180642.15,Retail,POS,No,6,2023
INV-00759,2023-06-15,Home Care,HO-097,رشت,Pharmacy,57612.79,21,10.94,1209868.68,44016.73,285517.27,Corporate,Transfer,Yes,6,2023
INV-00760,2023-06-15,Home Care,HO-048,رشت,Hypermarket,52678.5,11,5.01,579463.46,40632.93,132501.25,Retail,Card,No,6,2023
INV-00761,2023-06-15,Dairy,DA-010,رشت,Hypermarket,116950.81,2,2.89,233901.62,86238.16,61425.3,Retail,Transfer,No,6,2023
INV-00762,2023-06-15,Snacks,SN-009,کرمانشاه,Wholesale,61222.49,3,9.77,183667.46,51279.04,29830.34,Retail,Cash,Yes,6,2023
INV-00763,2023-06-15,Personal Care,PE-054,کرج,Pharmacy,95158.26,9,3.41,856424.32,72613.67,202901.3,Retail,Transfer,No,6,2023
INV-00764,2023-06-16,Personal Care,PE-024,کرج,Pharmacy,119539.06,3,0.7,358617.19,96692.35,68540.15,Retail,Transfer,No,6,2023
INV-00765,2023-06-16,Beverages,BE-079,اهواز,Hypermarket,58837.43,11,2.16,647211.72,40212.27,204876.77,Retail,Transfer,No,6,2023
INV-00766,2023-06-16,Personal Care,PE-062,شیراز,Wholesale,96773.93,4,1.95,387095.7,81711.86,60248.25,Retail,Card,No,6,2023
INV-00767,2023-06-16,Personal Care,PE-003,مشهد,Online,101652.25,10,4.0,1016522.52,82337.6,193146.52,Retail,Transfer,No,6,2023
INV-00768,2023-06-16,Personal Care,PE-036,قم,Wholesale,104173.03,9,4.07,937557.29,86685.64,157386.55,Retail,Card,No,6,2023
INV-00769,2023-06-16,Beverages,BE-098,کرج,Online,58722.18,10,7.24,587221.83,47498.9,112232.86,Retail,Cash,Yes,6,2023
INV-00770,2023-06-17,Snacks,SN-053,تهران,Pharmacy,54538.9,6,10.24,327233.41,45906.08,51796.95,Retail,Cash,Yes,6,2023
INV-00771,2023-06-17,Home Care,HO-133,مشهد,Supermarket,40243.36,9,2.89,362190.24,26748.38,121454.79,Retail,Card,No,6,2023
INV-00772,2023-06-17,Personal Care,PE-101,رشت,Wholesale,115190.74,48,0.4,5529155.54,90502.8,1185021.31,Corporate,Card,No,6,2023
INV-00773,2023-06-17,Personal Care,PE-001,رشت,Wholesale,87038.31,10,2.42,870383.07,71244.18,157941.23,Retail,Transfer,No,6,2023
INV-00774,2023-06-17,Personal Care,PE-024,تهران,Pharmacy,90614.73,3,6.73,271844.19,73115.9,52496.48,Retail,Transfer,Yes,6,2023
INV-00775,2023-06-17,Personal Care,PE-093,مشهد,Online,76426.72,4,12.7,305706.86,57470.88,75823.34,Retail,Card,Yes,6,2023
INV-00776,2023-06-18,Beverages,BE-097,اهواز,Online,70883.25,29,0.04,2055614.11,51243.2,569561.26,Corporate,Card,No,6,2023
INV-00777,2023-06-18,Dairy,DA-126,تهران,Hypermarket,116484.75,10,0.45,1164847.46,82911.05,335736.92,Retail,POS,No,6,2023
INV-00778,2023-06-18,Dairy,DA-010,اصفهان,Wholesale,101616.65,81,8.81,8230948.3,84102.28,1418663.36,Corporate,Card,Yes,6,2023
INV-00779,2023-06-18,Personal Care,PE-131,شیراز,Hypermarket,95760.63,3,3.69,287281.9,68170.23,82771.2,Retail,Cash,No,6,2023
INV-00780,2023-06-18,Beverages,BE-043,اصفهان,Wholesale,75501.67,3,3.06,226505.0,62892.97,37826.08,Retail,Transfer,No,6,2023
INV-00781,2023-06-18,Dairy,DA-114,اهواز,Supermarket,96482.84,4,1.54,385931.37,69799.11,106734.92,Retail,Card,No,6,2023
INV-00782,2023-06-18,Home Care,HO-060,اصفهان,Hypermarket,52150.64,6,1.6,312903.84,38529.07,81729.41,Retail,Transfer,No,6,2023
INV-00783,2023-06-18,Snacks,SN-065,کرمانشاه,Supermarket,74511.79,51,4.66,3800101.17,50506.49,1224270.4,Corporate,Transfer,No,6,2023
INV-00784,2023-06-18,Dairy,DA-066,کرمانشاه,Online,119806.23,5,0.98,599031.13,88452.62,156768.04,Retail,Card,No,6,2023
INV-00785,2023-06-18,Personal Care,PE-013,اصفهان,Hypermarket,92502.77,1,5.15,92502.77,68475.05,24027.73,Retail,Transfer,No,6,2023
INV-00786,2023-06-19,Snacks,SN-109,قم,Wholesale,60812.68,14,4.02,851377.51,49565.88,157455.24,Retail,Card,No,6,2023
INV-00787,2023-06-19,Dairy,DA-032,رشت,Hypermarket,78582.7,9,5.99,707244.27,59837.68,168705.15,Retail,Card,No,6,2023
INV-00788,2023-06-19,Home Care,HO-089,شیراز,Pharmacy,50597.39,2,10.08,101194.79,41927.37,17340.05,Retail,Transfer,Yes,6,2023
INV-00789,2023-06-20,Personal Care,PE-114,اصفهان,Wholesale,81140.48,1,7.82,81140.48,64443.42,16697.05,Retail,Transfer,Yes,6,2023
INV-00790,2023-06-20,Beverages,BE-122,شیراز,Hypermarket,64682.18,10,3.31,646821.77,45579.06,191031.19,Retail,Transfer,No,6,2023
INV-00791,2023-06-20,Snacks,SN-149,اهواز,Supermarket,74102.84,58,3.55,4297964.54,50600.56,1363131.98,Corporate,Card,No,6,2023
INV-00792,2023-06-20,Dairy,DA-013,اصفهان,Hypermarket,105544.06,11,4.63,1160984.7,71707.92,372197.55,Retail,Cash,No,6,2023
INV-00793,2023-06-20,Beverages,BE-048,تبریز,Hypermarket,71961.12,10,1.84,719611.23,52194.11,197670.13,Retail,Card,No,6,2023
INV-00794,2023-06-20,Home Care,HO-010,مشهد,Supermarket,61793.41,18,2.96,1112281.41,46127.84,281980.2,Corporate,Transfer,No,6,2023
INV-00795,2023-06-20,Snacks,SN-110,قم,Supermarket,66779.14,12,0.59,801349.71,45224.65,258653.91,Retail,Card,No,6,2023
INV-00796,2023-06-20,Beverages,BE-048,قم,Pharmacy,79225.64,6,1.91,475353.81,62833.8,98351.0,Retail,Card,No,6,2023
INV-00797,2023-06-20,Personal Care,PE-081,قم,Online,107984.33,100,3.27,10798432.78,88428.69,1955564.14,Corporate,POS,No,6,2023
INV-00798,2023-06-21,Dairy,DA-045,کرج,Wholesale,119309.62,91,4.49,10857175.41,101607.51,1610891.66,Corporate,Cash,No,6,2023
INV-00799,2023-06-21,Dairy,DA-149,اهواز,Online,116505.08,7,4.0,815535.54,85680.31,215773.4,Retail,Cash,No,6,2023
INV-00800,2023-06-21,Snacks,SN-070,اهواز,Wholesale,53038.66,50,2.8,2651932.86,42369.82,533441.99,Corporate,Card,No,6,2023
INV-00801,2023-06-21,Dairy,DA-027,رشت,Hypermarket,101208.92,12,2.58,1214507.0,74388.57,321844.13,Retail,Card,No,6,2023
INV-00802,2023-06-21,Dairy,DA-110,تهران,Hypermarket,124084.65,8,1.45,992677.2,91350.25,261875.17,Retail,POS,No,6,2023
INV-00803,2023-06-21,Dairy,DA-005,کرمانشاه,Online,119259.61,59,0.85,7036317.12,89561.25,1752203.25,Corporate,Transfer,No,6,2023
INV-00804,2023-06-22,Dairy,DA-138,کرمانشاه,Pharmacy,103924.61,5,9.58,519623.07,78900.59,125120.14,Retail,Cash,Yes,6,2023
INV-00805,2023-06-22,Dairy,DA-098,کرج,Wholesale,108373.14,4,7.81,433492.54,91866.05,66028.36,Retail,Card,Yes,6,2023
INV-00806,2023-06-22,Snacks,SN-072,رشت,Pharmacy,49897.29,49,22.74,2444967.39,37961.92,584833.28,Corporate,Card,Yes,6,2023
INV-00807,2023-06-22,Snacks,SN-095,تهران,Hypermarket,63609.19,3,0.78,190827.57,44604.39,57014.4,Retail,Transfer,No,6,2023
INV-00808,2023-06-23,Dairy,DA-141,قم,Hypermarket,110953.81,5,2.47,554769.06,75865.91,175439.52,Retail,Card,No,6,2023
INV-00809,2023-06-24,Dairy,DA-007,کرمانشاه,Online,95969.03,10,0.49,959690.34,73290.36,226786.77,Retail,Card,No,6,2023
INV-00810,2023-06-25,Dairy,DA-132,رشت,Hypermarket,111482.42,38,3.87,4236332.11,77406.0,1294904.2,Corporate,POS,No,6,2023
INV-00811,2023-06-25,Dairy,DA-123,رشت,Online,103354.35,2,4.0,206708.69,78631.21,49446.27,Retail,Card,No,6,2023
INV-00812,2023-06-25,Beverages,BE-143,کرج,Pharmacy,74094.26,16,4.0,1185508.14,59490.43,233661.27,Corporate,Card,No,6,2023
INV-00813,2023-06-25,Dairy,DA-123,مشهد,Wholesale,98383.96,123,8.17,12101227.0,82994.62,1892889.17,Corporate,Transfer,Yes,6,2023
INV-00814,2023-06-26,Personal Care,PE-054,تهران,Wholesale,114442.65,89,1.44,10185395.64,91216.43,2067133.28,Corporate,Cash,No,6,2023
INV-00815,2023-06-26,Beverages,BE-112,اهواز,Pharmacy,86155.12,13,4.0,1120016.51,66288.19,258270.1,Corporate,Card,No,6,2023
INV-00816,2023-06-26,Home Care,HO-074,اهواز,Supermarket,56926.7,7,1.0,398486.89,41162.03,110352.68,Retail,Cash,No,6,2023
INV-00817,2023-06-26,Dairy,DA-033,اهواز,Hypermarket,108532.87,12,9.88,1302394.45,73476.9,420671.7,Retail,Card,Yes,6,2023
INV-00818,2023-06-26,Beverages,BE-124,کرمانشاه,Pharmacy,56115.53,7,0.64,392808.74,43651.14,87250.76,Retail,Transfer,No,6,2023
INV-00819,2023-06-26,Dairy,DA-007,کرمانشاه,Wholesale,106730.23,7,4.11,747111.63,92901.11,96803.85,Retail,Card,No,6,2023
INV-00820,2023-06-26,Snacks,SN-141,اهواز,Supermarket,64471.94,10,3.94,644719.42,45413.18,190587.65,Retail,Transfer,No,6,2023
INV-00821,2023-06-26,Personal Care,PE-038,کرمانشاه,Pharmacy,82066.4,1,17.12,82066.4,62111.17,19955.23,Retail,Transfer,Yes,6,2023
INV-00822,2023-06-27,Snacks,SN-054,کرمانشاه,Pharmacy,50743.22,75,2.64,3805741.29,42124.38,646412.82,Corporate,Transfer,No,6,2023
INV-00823,2023-06-27,Dairy,DA-103,تبریز,Online,123967.8,1,3.07,123967.8,101645.61,22322.19,Retail,POS,No,6,2023
INV-00824,2023-06-27,Snacks,SN-050,شیراز,Wholesale,54830.26,5,0.95,274151.32,46747.61,40413.27,Retail,Cash,No,6,2023
INV-00825,2023-06-27,Dairy,DA-077,کرج,Hypermarket,102342.58,11,0.46,1125768.38,70157.91,354031.42,Retail,Card,No,6,2023
INV-00826,2023-06-28,Snacks,SN-127,تبریز,Hypermarket,64350.54,3,5.55,193051.62,49861.0,43468.62,Retail,Card,No,6,2023
INV-00827,2023-06-28,Home Care,HO-023,شیراز,Supermarket,47742.44,12,11.03,572909.25,35523.03,146632.87,Retail,Card,Yes,6,2023
INV-00828,2023-06-28,Home Care,HO-086,کرمانشاه,Wholesale,45980.48,3,16.63,137941.45,39259.48,20163.0,Retail,Transfer,Yes,6,2023
INV-00829,2023-06-28,Personal Care,PE-047,مشهد,Online,88816.57,1,13.68,88816.57,65986.73,22829.84,Retail,Cash,Yes,6,2023
INV-00830,2023-06-28,Snacks,SN-083,رشت,Online,46053.66,4,4.0,184214.63,35073.0,43922.65,Retail,Card,No,6,2023
INV-00831,2023-06-28,Beverages,BE-100,شیراز,Hypermarket,57833.5,57,5.55,3296509.7,42913.87,850419.12,Corporate,Cash,No,6,2023
INV-00832,2023-06-29,Dairy,DA-071,مشهد,Supermarket,77781.4,3,2.5,233344.21,52979.8,74404.8,Retail,POS,No,6,2023
INV-00833,2023-06-29,Dairy,DA-118,تهران,Wholesale,123781.51,4,0.28,495126.04,105653.26,72513.01,Retail,Transfer,No,6,2023
INV-00834,2023-06-29,Dairy,DA-092,تبریز,Wholesale,81466.24,103,20.45,8391022.69,68461.89,1339448.5,Corporate,Card,Yes,6,2023
INV-00835,2023-06-29,Beverages,BE-043,کرج,Pharmacy,50547.49,85,15.34,4296536.58,39337.72,952830.44,Corporate,Transfer,Yes,6,2023
INV-00836,2023-06-30,Home Care,HO-031,قم,Supermarket,49114.17,5,4.58,245570.83,35816.94,66486.15,Retail,Transfer,No,6,2023
INV-00837,2023-06-30,Snacks,SN-027,تبریز,Hypermarket,68622.61,9,0.0,617603.45,48697.74,179323.8,Retail,Card,No,6,2023
INV-00838,2023-06-30,Beverages,BE-068,تبریز,Wholesale,68938.38,119,0.59,8203667.29,60382.22,1018183.23,Corporate,Cash,No,6,2023
INV-00839,2023-06-30,Beverages,BE-150,قم,Online,54893.38,8,4.0,439147.07,43056.68,94693.6,Retail,Card,No,6,2023
INV-00840,2023-06-30,Home Care,HO-045,شیراز,Supermarket,60244.46,8,3.09,481955.67,40514.16,157842.42,Retail,Cash,No,6,2023
INV-00841,2023-07-01,Dairy,DA-056,تهران,Online,93721.97,14,4.0,1312107.52,72102.1,302678.16,Corporate,Cash,No,7,2023
INV-00842,2023-07-01,Beverages,BE-090,قم,Wholesale,75515.61,11,3.1,830671.71,64292.62,123452.84,Retail,POS,No,7,2023
INV-00843,2023-07-01,Personal Care,PE-085,تهران,Hypermarket,106493.33,10,4.35,1064933.34,76701.85,297914.86,Retail,Transfer,No,7,2023
INV-00844,2023-07-01,Dairy,DA-050,اهواز,Wholesale,122189.51,12,0.14,1466274.07,106957.6,182782.91,Retail,POS,No,7,2023
INV-00845,2023-07-01,Dairy,DA-085,شیراز,Hypermarket,80728.68,120,4.25,9687441.18,61780.18,2273819.52,Corporate,Transfer,No,7,2023
INV-00846,2023-07-01,Beverages,BE-057,کرمانشاه,Supermarket,59879.3,1,4.88,59879.3,43544.69,16334.61,Retail,Transfer,No,7,2023
INV-00847,2023-07-01,Home Care,HO-008,تهران,Online,41759.38,1,15.88,41759.38,31183.47,10575.91,Retail,POS,Yes,7,2023
INV-00848,2023-07-01,Dairy,DA-051,رشت,Supermarket,113588.55,10,2.03,1135885.47,81407.64,321809.11,Retail,Transfer,No,7,2023
INV-00849,2023-07-01,Snacks,SN-137,مشهد,Hypermarket,56319.17,12,13.81,675830.05,39403.12,202992.58,Retail,Card,Yes,7,2023
INV-00850,2023-07-02,Home Care,HO-068,تهران,Online,49456.79,22,4.0,1088049.41,39235.75,224862.89,Corporate,Card,No,7,2023
INV-00851,2023-07-02,Personal Care,PE-097,اهواز,Pharmacy,72412.68,28,13.82,2027555.17,61290.76,311413.77,Corporate,Cash,Yes,7,2023
INV-00852,2023-07-03,Beverages,BE-063,اهواز,Hypermarket,77667.07,1,2.14,77667.07,52681.22,24985.85,Retail,Card,No,7,2023
INV-00853,2023-07-03,Beverages,BE-111,تبریز,Hypermarket,65932.16,2,0.22,131864.31,45131.18,41601.96,Retail,Transfer,No,7,2023
INV-00854,2023-07-03,Snacks,SN-021,تبریز,Online,62971.54,6,1.42,377829.25,51004.96,71799.47,Retail,Transfer,No,7,2023
INV-00855,2023-07-03,Dairy,DA-008,رشت,Pharmacy,93445.51,9,14.61,841009.56,72374.24,189641.41,Retail,Card,Yes,7,2023
INV-00856,2023-07-03,Personal Care,PE-091,اهواز,Online,83337.83,4,15.4,333351.31,66973.16,65458.66,Retail,Transfer,Yes,7,2023
INV-00857,2023-07-03,Snacks,SN-076,کرمانشاه,Supermarket,61666.43,108,12.18,6659973.94,45939.47,1698511.66,Corporate,Transfer,Yes,7,2023
INV-00858,2023-07-04,Personal Care,PE-086,کرمانشاه,Pharmacy,124430.26,1,1.82,124430.26,95158.71,29271.55,Retail,Card,No,7,2023
INV-00859,2023-07-05,Dairy,DA-130,کرج,Wholesale,130777.04,3,0.59,392331.12,115059.71,47151.98,Retail,Cash,No,7,2023
INV-00860,2023-07-05,Home Care,HO-089,اصفهان,Online,60463.51,9,3.62,544171.63,48152.08,110802.87,Retail,Transfer,No,7,2023
INV-00861,2023-07-05,Personal Care,PE-016,قم,Online,117471.36,42,1.99,4933797.19,85215.66,1354739.58,Corporate,Transfer,No,7,2023
INV-00862,2023-07-05,Snacks,SN-043,مشهد,Hypermarket,79459.13,10,2.85,794591.3,60254.77,192043.61,Retail,Card,No,7,2023
INV-00863,2023-07-05,Snacks,SN-093,رشت,Wholesale,49151.71,7,3.03,344062.0,42402.34,47245.62,Retail,Transfer,No,7,2023
INV-00864,2023-07-06,Beverages,BE-102,تبریز,Pharmacy,72504.72,5,4.0,362523.58,59208.91,66479.04,Retail,Transfer,No,7,2023
INV-00865,2023-07-06,Home Care,HO-083,کرج,Online,62084.76,1,4.0,62084.76,44719.86,17364.9,Retail,Transfer,No,7,2023
INV-00866,2023-07-06,Snacks,SN-012,رشت,Online,60983.13,5,2.96,304915.66,45223.62,78797.54,Retail,Card,No,7,2023
INV-00867,2023-07-06,Beverages,BE-061,تهران,Hypermarket,76384.06,2,5.93,152768.11,55871.23,41025.65,Retail,POS,No,7,2023
INV-00868,2023-07-06,Dairy,DA-078,تبریز,Hypermarket,107697.46,118,3.11,12708300.73,80478.41,3211848.54,Corporate,Card,No,7,2023
INV-00869,2023-07-06,Dairy,DA-045,کرج,Pharmacy,103862.32,3,13.42,311586.95,82530.37,63995.84,Retail,Card,Yes,7,2023
INV-00870,2023-07-06,Dairy,DA-058,کرمانشاه,Supermarket,122232.47,2,3.76,244464.95,85472.4,73520.15,Retail,Card,No,7,2023
INV-00871,2023-07-06,Dairy,DA-051,اصفهان,Online,108593.78,6,2.59,651562.69,84726.7,143202.48,Retail,Card,No,7,2023
INV-00872,2023-07-07,Beverages,BE-078,رشت,Supermarket,64134.19,2,5.65,128268.38,44675.53,38917.32,Retail,Transfer,No,7,2023
INV-00873,2023-07-07,Snacks,SN-113,قم,Online,62700.12,5,1.09,313500.59,48328.2,71859.56,Retail,Cash,No,7,2023
INV-00874,2023-07-08,Home Care,HO-016,تهران,Wholesale,38375.57,4,5.25,153502.28,30203.17,32689.6,Retail,Transfer,No,7,2023
INV-00875,2023-07-08,Personal Care,PE-017,اصفهان,Wholesale,70695.35,11,4.61,777648.81,61108.96,105450.26,Retail,Transfer,No,7,2023
INV-00876,2023-07-08,Home Care,HO-077,کرج,Supermarket,56524.64,2,2.05,113049.29,37378.55,38292.19,Retail,POS,No,7,2023
INV-00877,2023-07-08,Personal Care,PE-023,شیراز,Supermarket,98396.18,6,5.5,590377.07,66783.53,189675.87,Retail,POS,No,7,2023
INV-00878,2023-07-09,Home Care,HO-027,تهران,Supermarket,59551.94,6,5.77,357311.63,41076.62,110851.9,Retail,Card,No,7,2023
INV-00879,2023-07-09,Dairy,DA-125,اهواز,Hypermarket,76569.62,6,15.85,459417.75,54794.68,130649.69,Retail,Cash,Yes,7,2023
INV-00880,2023-07-09,Snacks,SN-056,شیراز,Supermarket,68241.13,8,5.62,545929.05,49338.85,151218.27,Retail,Transfer,No,7,2023
INV-00881,2023-07-09,Personal Care,PE-148,مشهد,Supermarket,92701.85,1,5.82,92701.85,62830.21,29871.64,Retail,POS,Yes,7,2023
INV-00882,2023-07-10,Beverages,BE-062,اصفهان,Supermarket,59239.12,97,3.22,5746194.67,43770.7,1500436.54,Corporate,Card,No,7,2023
INV-00883,2023-07-10,Snacks,SN-111,کرج,Supermarket,61935.71,9,9.76,557421.41,42604.24,173983.21,Retail,POS,Yes,7,2023
INV-00884,2023-07-11,Home Care,HO-146,قم,Online,61894.81,1,3.06,61894.81,48171.17,13723.63,Retail,Card,No,7,2023
INV-00885,2023-07-11,Beverages,BE-131,تهران,Pharmacy,67897.02,6,4.0,407382.15,52857.56,90236.76,Retail,Card,No,7,2023
INV-00886,2023-07-11,Personal Care,PE-132,تهران,Pharmacy,74550.83,68,23.99,5069456.32,56947.72,1197011.67,Corporate,Card,Yes,7,2023
INV-00887,2023-07-11,Home Care,HO-150,کرج,Wholesale,43572.56,15,2.0,653588.46,36373.7,107982.96,Retail,Card,No,7,2023
INV-00888,2023-07-11,Snacks,SN-085,شیراز,Supermarket,52308.85,12,9.56,627706.21,37005.51,183640.1,Retail,Card,Yes,7,2023
INV-00889,2023-07-11,Beverages,BE-007,تبریز,Hypermarket,58372.1,5,2.43,291860.48,41424.87,84736.15,Retail,POS,No,7,2023
INV-00890,2023-07-11,Dairy,DA-097,رشت,Supermarket,118449.19,12,0.05,1421390.3,80191.35,459094.04,Retail,Transfer,No,7,2023
INV-00891,2023-07-12,Dairy,DA-030,مشهد,Supermarket,77620.05,10,3.21,776200.47,56964.59,206554.62,Retail,Transfer,No,7,2023
INV-00892,2023-07-12,Personal Care,PE-041,شیراز,Online,92440.37,42,3.07,3882495.72,66793.82,1077155.42,Corporate,Card,No,7,2023
INV-00893,2023-07-12,Dairy,DA-031,اصفهان,Online,84122.54,6,11.86,504735.25,62983.32,126835.35,Retail,Transfer,Yes,7,2023
INV-00894,2023-07-12,Personal Care,PE-077,شیراز,Hypermarket,102400.36,3,4.4,307201.09,70137.79,96787.73,Retail,Card,No,7,2023
INV-00895,2023-07-13,Home Care,HO-090,مشهد,Hypermarket,62074.65,3,8.42,186223.96,42891.82,57548.5,Retail,Transfer,Yes,7,2023
INV-00896,2023-07-13,Snacks,SN-100,قم,Pharmacy,63021.21,2,3.41,126042.43,50644.27,24753.88,Retail,Card,No,7,2023
INV-00897,2023-07-13,Home Care,HO-052,اهواز,Supermarket,60928.99,10,2.99,609289.88,41989.17,189398.14,Retail,Card,No,7,2023
INV-00898,2023-07-13,Personal Care,PE-126,رشت,Wholesale,100308.65,9,2.29,902777.86,84786.69,139697.68,Retail,Card,No,7,2023
INV-00899,2023-07-13,Snacks,SN-019,اهواز,Supermarket,61961.19,2,3.48,123922.37,40446.95,43028.48,Retail,Card,No,7,2023
INV-00900,2023-07-13,Beverages,BE-018,تبریز,Supermarket,57818.2,10,7.86,578182.0,38014.16,198040.39,Retail,Card,Yes,7,2023
INV-00901,2023-07-13,Beverages,BE-114,اصفهان,Online,69678.47,1,0.54,69678.47,53555.33,16123.14,Retail,Transfer,No,7,2023
INV-00902,2023-07-13,Dairy,DA-088,اصفهان,Wholesale,112362.74,11,2.54,1235990.13,89396.01,252634.01,Retail,Transfer,No,7,2023
INV-00903,2023-07-13,Home Care,HO-078,اهواز,Pharmacy,59032.79,3,6.17,177098.38,47075.28,35872.53,Retail,Transfer,Yes,7,2023
INV-00904,2023-07-13,Home Care,HO-005,کرج,Online,69693.82,3,0.91,209081.47,52900.63,50379.59,Retail,Transfer,No,7,2023
INV-00905,2023-07-14,Dairy,DA-099,رشت,Online,123600.26,32,8.15,3955208.37,94764.42,922746.88,Corporate,Cash,Yes,7,2023
INV-00906,2023-07-14,Personal Care,PE-102,اهواز,Wholesale,93607.06,5,0.88,468035.28,80181.42,67128.16,Retail,Cash,No,7,2023
INV-00907,2023-07-14,Home Care,HO-063,مشهد,Hypermarket,51987.31,7,1.14,363911.14,35107.96,118155.39,Retail,Card,No,7,2023
INV-00908,2023-07-14,Beverages,BE-086,کرمانشاه,Wholesale,54107.42,4,13.13,216429.69,47593.04,26057.53,Retail,Transfer,Yes,7,2023
INV-00909,2023-07-14,Personal Care,PE-095,اهواز,Hypermarket,106744.57,116,3.04,12382370.5,74591.97,3729701.75,Corporate,Card,No,7,2023
INV-00910,2023-07-14,Personal Care,PE-009,کرج,Online,109378.09,5,4.0,546890.47,85679.74,118491.74,Retail,Transfer,No,7,2023
INV-00911,2023-07-14,Home Care,HO-126,قم,Hypermarket,49338.5,1,12.25,49338.5,35130.3,14208.2,Retail,Card,Yes,7,2023
INV-00912,2023-07-15,Dairy,DA-150,کرمانشاه,Online,100874.86,91,0.61,9179612.18,78337.37,2050911.24,Corporate,Card,No,7,2023
INV-00913,2023-07-15,Dairy,DA-091,شیراز,Pharmacy,144726.15,1,0.12,144726.15,116020.93,28705.21,Retail,Card,No,7,2023
INV-00914,2023-07-15,Beverages,BE-132,کرج,Wholesale,69878.45,3,0.08,209635.34,57141.29,38211.47,Retail,Card,No,7,2023
INV-00915,2023-07-16,Dairy,DA-147,کرج,Pharmacy,113357.43,51,4.0,5781229.15,86555.09,1366919.44,Corporate,Card,No,7,2023
INV-00916,2023-07-16,Personal Care,PE-008,رشت,Supermarket,101697.63,4,2.83,406790.53,70849.61,123392.08,Retail,Cash,No,7,2023
INV-00917,2023-07-16,Dairy,DA-023,شیراز,Online,121737.05,6,0.95,730422.28,88684.34,198316.23,Retail,Transfer,No,7,2023
INV-00918,2023-07-16,Dairy,DA-088,شیراز,Hypermarket,90863.95,55,13.87,4997517.26,69210.31,1190950.48,Corporate,Card,Yes,7,2023
INV-00919,2023-07-17,Beverages,BE-046,شیراز,Hypermarket,62097.89,10,2.74,620978.94,44618.32,174795.76,Retail,Cash,No,7,2023
INV-00920,2023-07-17,Snacks,SN-004,رشت,Pharmacy,61881.3,13,4.0,804456.87,47636.45,185183.01,Corporate,Transfer,No,7,2023
INV-00921,2023-07-18,Dairy,DA-046,مشهد,Pharmacy,69218.24,67,22.45,4637622.06,55550.99,915705.66,Corporate,Card,Yes,7,2023
INV-00922,2023-07-18,Personal Care,PE-053,کرمانشاه,Pharmacy,107649.36,5,0.04,538246.78,86704.68,104723.37,Retail,Cash,No,7,2023
INV-00923,2023-07-18,Home Care,HO-093,تهران,Online,57434.61,32,4.0,1837907.5,42360.65,482366.79,Corporate,Card,No,7,2023
INV-00924,2023-07-18,Snacks,SN-012,رشت,Online,55639.4,42,4.0,2336854.91,41108.26,610307.81,Corporate,Card,No,7,2023
INV-00925,2023-07-18,Snacks,SN-115,تهران,Pharmacy,58323.11,2,4.0,116646.22,48284.77,20076.68,Retail,Card,No,7,2023
INV-00926,2023-07-18,Beverages,BE-112,شیراز,Hypermarket,74550.75,11,11.54,820058.25,55994.82,204115.27,Retail,Cash,Yes,7,2023
INV-00927,2023-07-18,Snacks,SN-147,اهواز,Online,72015.58,45,4.0,3240701.2,57953.79,632780.85,Corporate,Transfer,No,7,2023
INV-00928,2023-07-18,Home Care,HO-032,قم,Wholesale,44792.67,7,14.82,313548.66,36309.04,59385.36,Retail,Transfer,Yes,7,2023
INV-00929,2023-07-19,Personal Care,PE-108,رشت,Wholesale,131527.33,8,4.05,1052218.61,112529.84,151979.86,Retail,Card,No,7,2023
INV-00930,2023-07-19,Personal Care,PE-048,رشت,Wholesale,96550.27,3,2.52,289650.81,78459.38,54272.68,Retail,Cash,No,7,2023
INV-00931,2023-07-19,Beverages,BE-087,اهواز,Wholesale,72793.88,5,13.96,363969.41,61056.31,58687.86,Retail,Transfer,Yes,7,2023
INV-00932,2023-07-20,Personal Care,PE-012,شیراز,Supermarket,115909.1,12,3.56,1390909.17,81348.16,414731.23,Retail,POS,No,7,2023
INV-00933,2023-07-20,Personal Care,PE-108,رشت,Wholesale,88370.22,14,1.0,1237183.03,74490.62,194314.42,Retail,Transfer,No,7,2023
INV-00934,2023-07-20,Personal Care,PE-146,مشهد,Wholesale,87198.91,11,9.56,959188.05,75199.91,131989.04,Retail,Card,Yes,7,2023
INV-00935,2023-07-20,Personal Care,PE-092,رشت,Supermarket,105524.83,19,2.26,2004971.81,68879.26,696265.82,Corporate,Transfer,No,7,2023
INV-00936,2023-07-21,Beverages,BE-128,قم,Pharmacy,87341.88,5,6.32,436709.38,66953.76,101940.59,Retail,Card,Yes,7,2023
INV-00937,2023-07-21,Personal Care,PE-132,اصفهان,Wholesale,78755.62,102,24.36,8033073.7,63200.58,1586614.22,Corporate,Card,Yes,7,2023
INV-00938,2023-07-21,Dairy,DA-142,اهواز,Hypermarket,99726.55,3,3.88,299179.66,72435.95,81871.81,Retail,Transfer,No,7,2023
INV-00939,2023-07-21,Beverages,BE-080,اهواز,Wholesale,72339.46,15,3.96,1085091.84,62579.87,146393.84,Retail,Transfer,No,7,2023
INV-00940,2023-07-22,Personal Care,PE-030,تهران,Hypermarket,91205.13,11,3.53,1003256.41,65496.5,282794.89,Retail,Transfer,No,7,2023
INV-00941,2023-07-22,Dairy,DA-010,قم,Online,123471.65,1,2.72,123471.65,99965.34,23506.32,Retail,Cash,No,7,2023
INV-00942,2023-07-23,Personal Care,PE-080,کرمانشاه,Supermarket,105848.9,4,15.81,423395.59,73076.54,131089.45,Retail,Card,Yes,7,2023
INV-00943,2023-07-23,Beverages,BE-148,مشهد,Pharmacy,55882.0,11,2.95,614702.05,44146.9,129086.2,Corporate,Card,No,7,2023
INV-00944,2023-07-23,Dairy,DA-071,رشت,Hypermarket,89638.57,11,1.3,986024.31,64412.92,277482.18,Retail,Card,No,7,2023
INV-00945,2023-07-23,Dairy,DA-069,رشت,Hypermarket,111422.0,8,7.21,891375.99,81780.46,237132.31,Retail,Transfer,Yes,7,2023
INV-00946,2023-07-23,Snacks,SN-133,تهران,Online,60140.4,20,0.95,1202808.01,47858.73,245633.32,Corporate,Card,No,7,2023
INV-00947,2023-07-23,Snacks,SN-095,تهران,Online,73495.05,98,1.12,7202515.26,60095.49,1313157.18,Corporate,Card,No,7,2023
INV-00948,2023-07-23,Home Care,HO-007,اهواز,Wholesale,54960.48,8,4.93,439683.84,43908.96,88412.19,Retail,Transfer,No,7,2023
INV-00949,2023-07-24,Dairy,DA-103,مشهد,Pharmacy,120134.79,52,4.0,6247009.26,97028.0,1201553.38,Corporate,Card,No,7,2023
INV-00950,2023-07-24,Dairy,DA-150,اهواز,Pharmacy,101645.02,39,4.0,3964155.91,84600.82,664724.04,Corporate,Card,No,7,2023
INV-00951,2023-07-25,Personal Care,PE-016,شیراز,Pharmacy,114921.95,35,1.01,4022268.19,97021.3,626522.81,Corporate,Cash,No,7,2023
INV-00952,2023-07-25,Dairy,DA-086,تهران,Supermarket,112222.55,6,5.06,673335.28,82740.57,176891.88,Retail,Card,Yes,7,2023
INV-00953,2023-07-25,Personal Care,PE-065,اهواز,Hypermarket,90540.49,36,11.63,3259457.5,62159.46,1021717.08,Corporate,Card,Yes,7,2023
INV-00954,2023-07-25,Home Care,HO-099,شیراز,Supermarket,63310.31,6,2.79,379861.88,41201.5,132652.86,Retail,Transfer,No,7,2023
INV-00955,2023-07-25,Dairy,DA-092,شیراز,Hypermarket,107411.76,9,0.66,966705.85,77720.66,267219.94,Retail,Card,No,7,2023
INV-00956,2023-07-25,Dairy,DA-080,مشهد,Pharmacy,102300.53,5,0.59,511502.67,81106.78,105968.79,Retail,Card,No,7,2023
INV-00957,2023-07-25,Snacks,SN-100,قم,Online,45876.1,1,4.0,45876.1,37131.91,8744.19,Retail,Card,No,7,2023
INV-00958,2023-07-25,Beverages,BE-067,تبریز,Pharmacy,60444.4,8,1.23,483555.24,49685.97,86067.46,Retail,Transfer,No,7,2023
INV-00959,2023-07-26,Dairy,DA-054,کرمانشاه,Hypermarket,101888.42,1,5.65,101888.42,74778.63,27109.78,Retail,Transfer,No,7,2023
INV-00960,2023-07-26,Personal Care,PE-097,اصفهان,Hypermarket,105978.39,11,1.68,1165762.29,77562.72,312572.32,Retail,POS,No,7,2023
INV-00961,2023-07-26,Home Care,HO-013,کرج,Pharmacy,54515.56,5,15.27,272577.79,41809.64,63529.58,Retail,Card,Yes,7,2023
INV-00962,2023-07-26,Personal Care,PE-084,تبریز,Wholesale,102028.21,12,1.42,1224338.47,83109.6,227023.31,Retail,POS,No,7,2023
INV-00963,2023-07-26,Beverages,BE-106,تهران,Hypermarket,76134.67,8,0.39,609077.36,51484.66,197200.07,Retail,Cash,No,7,2023
INV-00964,2023-07-26,Dairy,DA-040,قم,Supermarket,114943.29,6,9.15,689659.75,78859.22,216504.41,Retail,Transfer,Yes,7,2023
INV-00965,2023-07-26,Snacks,SN-088,اهواز,Pharmacy,58193.44,1,9.34,58193.44,47827.8,10365.64,Retail,Card,Yes,7,2023
INV-00966,2023-07-26,Dairy,DA-052,کرج,Wholesale,87594.61,3,5.32,262783.82,72289.27,45915.99,Retail,Transfer,Yes,7,2023
INV-00967,2023-07-27,Beverages,BE-030,کرمانشاه,Wholesale,62439.27,7,12.2,437074.88,52573.9,69057.55,Retail,Card,Yes,7,2023
INV-00968,2023-07-27,Snacks,SN-048,رشت,Hypermarket,59540.33,109,1.41,6489895.62,41107.3,2009199.79,Corporate,Card,No,7,2023
INV-00969,2023-07-27,Snacks,SN-054,اهواز,Pharmacy,61861.89,89,2.45,5505708.3,47530.2,1275520.64,Corporate,Cash,No,7,2023
INV-00970,2023-07-27,Beverages,BE-056,اهواز,Hypermarket,58485.74,64,5.73,3743087.2,40645.26,1141790.59,Corporate,POS,No,7,2023
INV-00971,2023-07-27,Dairy,DA-001,کرمانشاه,Online,100291.6,3,2.78,300874.81,77778.04,67540.69,Retail,Transfer,No,7,2023
INV-00972,2023-07-27,Snacks,SN-030,کرمانشاه,Pharmacy,57393.49,23,4.0,1320050.28,47324.83,231579.3,Corporate,Card,No,7,2023
INV-00973,2023-07-27,Beverages,BE-075,رشت,Supermarket,81521.22,11,4.29,896733.38,57811.59,260805.93,Retail,Card,No,7,2023
INV-00974,2023-07-27,Personal Care,PE-041,شیراز,Online,105253.52,10,4.0,1052535.24,84691.33,205621.91,Retail,Card,No,7,2023
INV-00975,2023-07-28,Home Care,HO-072,تهران,Wholesale,50372.33,14,16.14,705212.68,41117.99,129560.8,Retail,Card,Yes,7,2023
INV-00976,2023-07-28,Snacks,SN-050,مشهد,Online,54826.9,4,13.39,219307.6,41543.8,53132.4,Retail,Transfer,Yes,7,2023
INV-00977,2023-07-28,Personal Care,PE-021,شیراز,Wholesale,78759.45,11,3.2,866353.93,67028.47,129040.79,Retail,Card,No,7,2023
INV-00978,2023-07-28,Personal Care,PE-064,اصفهان,Supermarket,67924.75,1,4.61,67924.75,50502.59,17422.16,Retail,Cash,No,7,2023
INV-00979,2023-07-29,Personal Care,PE-040,کرج,Online,78503.85,9,7.72,706534.62,63449.9,135485.5,Retail,Transfer,Yes,7,2023
INV-00980,2023-07-29,Dairy,DA-038,تهران,Pharmacy,114268.63,33,3.39,3770864.93,94057.2,666977.46,Corporate,Transfer,No,7,2023
INV-00981,2023-07-29,Snacks,SN-074,تبریز,Supermarket,63273.85,2,4.5,126547.7,45193.37,36160.96,Retail,Card,No,7,2023
INV-00982,2023-07-30,Dairy,DA-045,مشهد,Hypermarket,98873.83,2,16.75,197747.66,69548.21,58651.25,Retail,Cash,Yes,7,2023
INV-00983,2023-07-30,Snacks,SN-063,تبریز,Wholesale,59857.08,14,5.5,837999.11,50612.44,129424.89,Retail,Transfer,No,7,2023
INV-00984,2023-07-30,Personal Care,PE-050,رشت,Supermarket,101279.07,10,0.04,1012790.69,75616.81,256622.6,Retail,Card,No,7,2023
INV-00985,2023-07-30,Snacks,SN-037,تبریز,Hypermarket,68635.36,25,8.77,1715884.04,52729.81,397638.79,Corporate,Transfer,Yes,7,2023
INV-00986,2023-07-30,Beverages,BE-041,اهواز,Wholesale,75759.61,135,2.31,10227547.68,60801.59,2019332.85,Corporate,Transfer,No,7,2023
INV-00987,2023-07-31,Personal Care,PE-099,اصفهان,Pharmacy,91765.16,47,11.09,4312962.61,72038.68,927144.66,Corporate,Card,Yes,7,2023
INV-00988,2023-07-31,Beverages,BE-091,اصفهان,Hypermarket,63615.98,12,5.09,763391.73,48218.91,184764.77,Retail,Card,No,7,2023
INV-00989,2023-07-31,Snacks,SN-131,تهران,Hypermarket,40222.49,2,11.21,80444.98,30085.64,20273.69,Retail,Card,Yes,7,2023
INV-00990,2023-07-31,Personal Care,PE-032,تبریز,Supermarket,96353.74,9,4.83,867183.62,71230.18,226112.02,Retail,Cash,No,7,2023
INV-00991,2023-07-31,Beverages,BE-042,قم,Online,67510.89,94,13.61,6346023.65,50886.66,1562677.85,Corporate,Transfer,Yes,7,2023
INV-00992,2023-07-31,Dairy,DA-111,کرج,Wholesale,94789.58,67,3.1,6350901.99,82512.5,822564.26,Corporate,Card,No,7,2023
INV-00993,2023-07-31,Home Care,HO-131,رشت,Pharmacy,41634.24,40,22.65,1665369.51,34633.06,280047.14,Corporate,Transfer,Yes,7,2023
INV-00994,2023-08-01,Personal Care,PE-139,قم,Wholesale,86922.52,75,1.56,6519188.71,75164.81,881827.95,Corporate,Cash,No,8,2023
INV-00995,2023-08-01,Snacks,SN-029,اهواز,Hypermarket,66265.76,44,2.24,2915693.4,49703.42,728742.79,Corporate,Transfer,No,8,2023
INV-00996,2023-08-02,Dairy,DA-034,رشت,Hypermarket,112487.21,5,14.3,562436.05,83165.82,146606.95,Retail,Card,Yes,8,2023
INV-00997,2023-08-02,Dairy,DA-039,اهواز,Online,105232.41,5,4.0,526162.07,85122.4,100550.04,Retail,Transfer,No,8,2023
INV-00998,2023-08-02,Beverages,BE-099,مشهد,Hypermarket,59105.91,9,4.21,531953.21,39616.08,175408.51,Retail,Transfer,No,8,2023
INV-00999,2023-08-02,Home Care,HO-091,تهران,Pharmacy,55216.08,10,4.0,552160.8,44400.51,108155.65,Corporate,Card,No,8,2023
INV-01000,2023-08-02,Beverages,BE-138,اهواز,Hypermarket,78802.87,8,1.52,630422.96,54413.45,195115.4,Retail,Transfer,No,8,2023
INV-01001,2023-08-02,Dairy,DA-084,شیراز,Online,109844.46,10,16.82,1098444.65,88089.16,217553.08,Corporate,Transfer,Yes,8,2023
INV-01002,2023-08-02,Dairy,DA-092,مشهد,Supermarket,117556.19,7,0.89,822893.33,84836.21,229039.88,Retail,Cash,No,8,2023
INV-01003,2023-08-03,Snacks,SN-123,شیراز,Supermarket,45325.58,105,4.66,4759185.7,33056.41,1288262.54,Corporate,Transfer,No,8,2023
INV-01004,2023-08-03,Personal Care,PE-031,مشهد,Hypermarket,75116.06,12,12.72,901392.77,54899.23,242602.06,Retail,Transfer,Yes,8,2023
INV-01005,2023-08-04,Snacks,SN-030,شیراز,Wholesale,74767.14,98,1.93,7327179.88,61772.36,1273488.36,Corporate,POS,No,8,2023
INV-01006,2023-08-04,Dairy,DA-149,رشت,Online,112681.5,4,4.0,450725.98,82290.83,121562.65,Retail,Cash,No,8,2023
INV-01007,2023-08-04,Beverages,BE-065,تهران,Hypermarket,72871.22,73,4.66,5319599.28,50043.07,1666454.82,Corporate,Card,No,8,2023
INV-01008,2023-08-04,Beverages,BE-074,اصفهان,Pharmacy,69385.95,3,2.04,208157.84,53338.96,48140.97,Retail,Cash,No,8,2023
INV-01009,2023-08-04,Beverages,BE-014,اهواز,Pharmacy,52536.5,8,12.74,420292.02,41009.24,92218.08,Retail,Card,Yes,8,2023
INV-01010,2023-08-04,Beverages,BE-113,اصفهان,Wholesale,77397.03,3,0.19,232191.08,66847.08,31649.85,Retail,Cash,No,8,2023
INV-01011,2023-08-04,Home Care,HO-138,شیراز,Hypermarket,46697.27,60,1.76,2801836.03,31572.86,907464.68,Corporate,Cash,No,8,2023
INV-01012,2023-08-04,Home Care,HO-025,مشهد,Pharmacy,59756.97,20,3.24,1195139.41,45699.85,281142.45,Corporate,Transfer,No,8,2023
INV-01013,2023-08-05,Beverages,BE-144,کرمانشاه,Supermarket,60836.7,9,4.47,547530.33,41154.89,177136.29,Retail,Cash,No,8,2023
INV-01014,2023-08-05,Personal Care,PE-046,قم,Online,77357.26,67,21.51,5182936.3,57458.15,1333240.1,Corporate,Cash,Yes,8,2023
INV-01015,2023-08-05,Dairy,DA-030,کرج,Hypermarket,103250.36,6,16.46,619502.19,69417.9,202994.81,Retail,Transfer,Yes,8,2023
INV-01016,2023-08-05,Dairy,DA-096,کرمانشاه,Online,124500.11,1,1.02,124500.11,96846.28,27653.83,Retail,Card,No,8,2023
INV-01017,2023-08-05,Snacks,SN-059,رشت,Pharmacy,75082.37,78,9.75,5856424.88,61303.62,1074742.2,Corporate,Card,Yes,8,2023
INV-01018,2023-08-06,Dairy,DA-047,مشهد,Pharmacy,90865.67,9,4.0,817791.07,68993.62,196848.51,Corporate,Transfer,No,8,2023
INV-01019,2023-08-06,Snacks,SN-065,تبریز,Supermarket,53162.24,4,6.42,212648.97,36370.69,67166.22,Retail,Card,Yes,8,2023
INV-01020,2023-08-06,Personal Care,PE-081,تهران,Supermarket,99124.05,6,3.95,594744.29,69820.65,175820.39,Retail,Transfer,No,8,2023
INV-01021,2023-08-06,Dairy,DA-023,کرمانشاه,Supermarket,109608.43,99,5.41,10851234.26,74356.31,3489959.84,Corporate,Transfer,No,8,2023
INV-01022,2023-08-06,Dairy,DA-023,اهواز,Pharmacy,112193.42,4,2.54,448773.69,91320.44,83491.92,Retail,Card,No,8,2023
INV-01023,2023-08-07,Dairy,DA-130,قم,Online,125271.46,25,2.53,3131786.57,102667.47,565099.88,Corporate,Transfer,No,8,2023
INV-01024,2023-08-07,Snacks,SN-043,اهواز,Online,51057.79,4,12.71,204231.17,41021.47,40145.27,Retail,Transfer,Yes,8,2023
INV-01025,2023-08-07,Dairy,DA-087,مشهد,Pharmacy,109151.22,21,3.67,2292175.6,82527.37,559100.79,Corporate,Transfer,No,8,2023
INV-01026,2023-08-07,Home Care,HO-086,کرمانشاه,Online,58041.28,1,2.12,58041.28,46101.19,11940.09,Retail,Cash,No,8,2023
INV-01027,2023-08-07,Beverages,BE-145,تبریز,Supermarket,71176.58,12,0.95,854118.92,46727.61,293387.55,Retail,Card,No,8,2023
INV-01028,2023-08-07,Beverages,BE-088,قم,Wholesale,66462.95,7,4.52,465240.68,54237.28,85579.72,Retail,Card,No,8,2023
INV-01029,2023-08-08,Personal Care,PE-003,کرج,Pharmacy,113543.1,1,3.64,113543.1,87627.27,25915.82,Retail,Card,No,8,2023
INV-01030,2023-08-08,Snacks,SN-034,قم,Supermarket,53917.82,70,4.32,3774247.72,40182.32,961485.45,Corporate,Card,No,8,2023
INV-01031,2023-08-08,Snacks,SN-017,تهران,Online,66081.55,9,3.9,594733.93,48780.55,155708.95,Retail,POS,No,8,2023
INV-01032,2023-08-08,Personal Care,PE-126,تهران,Pharmacy,78555.14,6,0.94,471330.81,61358.54,103179.58,Retail,Transfer,No,8,2023
INV-01033,2023-08-08,Beverages,BE-051,اهواز,Wholesale,72961.78,3,1.04,218885.34,62384.86,31730.74,Retail,Card,No,8,2023
INV-01034,2023-08-09,Dairy,DA-041,شیراز,Supermarket,92030.74,11,17.7,1012338.11,60615.98,345562.32,Retail,Transfer,Yes,8,2023
INV-01035,2023-08-09,Beverages,BE-109,کرج,Supermarket,61916.71,96,0.62,5944004.2,40375.39,2067966.57,Corporate,Cash,No,8,2023
INV-01036,2023-08-09,Home Care,HO-118,شیراز,Pharmacy,47075.22,4,12.75,188300.86,39340.16,30940.24,Retail,Transfer,Yes,8,2023
INV-01037,2023-08-09,Personal Care,PE-141,کرمانشاه,Wholesale,100115.01,45,5.94,4505175.23,83016.83,769417.97,Corporate,Transfer,No,8,2023
INV-01038,2023-08-10,Snacks,SN-014,شیراز,Pharmacy,73497.52,9,2.26,661477.66,58819.29,132104.07,Retail,Card,No,8,2023
INV-01039,2023-08-10,Snacks,SN-108,رشت,Online,63146.38,10,3.89,631463.79,46001.02,171453.6,Retail,Cash,No,8,2023
INV-01040,2023-08-10,Beverages,BE-068,رشت,Online,54607.37,100,16.93,5460737.26,40439.7,1416767.48,Corporate,POS,Yes,8,2023
INV-01041,2023-08-10,Beverages,BE-115,اصفهان,Online,68700.5,7,4.0,480903.5,55202.88,94483.36,Retail,Card,No,8,2023
INV-01042,2023-08-10,Dairy,DA-127,رشت,Wholesale,93403.83,87,5.48,8126133.17,81243.6,1057940.32,Corporate,Card,No,8,2023
INV-01043,2023-08-10,Dairy,DA-139,کرمانشاه,Wholesale,90101.25,10,4.41,901012.49,75764.18,143370.64,Retail,Cash,No,8,2023
INV-01044,2023-08-10,Beverages,BE-056,رشت,Pharmacy,81040.76,1,4.0,81040.76,64645.44,16395.32,Retail,Transfer,No,8,2023
INV-01045,2023-08-10,Home Care,HO-086,رشت,Hypermarket,57616.67,11,2.71,633783.35,39396.52,200421.63,Retail,Card,No,8,2023
INV-01046,2023-08-10,Snacks,SN-112,اهواز,Pharmacy,61267.24,6,2.41,367603.44,50477.75,64736.95,Retail,Transfer,No,8,2023
INV-01047,2023-08-10,Home Care,HO-092,رشت,Hypermarket,74290.96,47,4.85,3491675.26,53479.28,978148.87,Corporate,Card,No,8,2023
INV-01048,2023-08-11,Beverages,BE-133,اهواز,Supermarket,81295.59,9,1.72,731660.29,55033.01,236363.19,Retail,Card,No,8,2023
INV-01049,2023-08-11,Snacks,SN-078,رشت,Hypermarket,45028.64,12,11.87,540343.69,33976.52,132625.5,Retail,Cash,Yes,8,2023
INV-01050,2023-08-11,Personal Care,PE-133,کرج,Pharmacy,78123.4,3,9.72,234370.21,58768.03,58066.13,Retail,Cash,Yes,8,2023
INV-01051,2023-08-11,Snacks,SN-036,تهران,Online,55373.73,6,5.37,332242.37,44560.02,64882.24,Retail,Transfer,Yes,8,2023
INV-01052,2023-08-12,Home Care,HO-122,تهران,Pharmacy,36679.53,87,4.0,3191119.07,27589.92,790795.76,Corporate,Transfer,No,8,2023
INV-01053,2023-08-12,Snacks,SN-007,قم,Wholesale,76650.21,14,0.53,1073103.0,62629.23,196293.75,Retail,Card,No,8,2023
INV-01054,2023-08-12,Home Care,HO-140,کرج,Wholesale,53335.84,7,3.96,373350.9,43450.97,69194.13,Retail,Card,No,8,2023
INV-01055,2023-08-13,Snacks,SN-055,قم,Online,73394.17,2,2.22,146788.33,54163.44,38461.45,Retail,Transfer,No,8,2023
INV-01056,2023-08-13,Home Care,HO-148,اصفهان,Pharmacy,50560.47,4,8.9,202241.88,40357.97,40810.0,Retail,Transfer,Yes,8,2023
INV-01057,2023-08-13,Snacks,SN-030,اصفهان,Pharmacy,57281.98,4,0.82,229127.92,43720.1,54247.5,Retail,Transfer,No,8,2023
INV-01058,2023-08-14,Home Care,HO-145,قم,Online,55455.68,20,4.0,1109113.5,43597.65,237160.49,Corporate,Transfer,No,8,2023
INV-01059,2023-08-14,Dairy,DA-139,مشهد,Wholesale,91998.42,7,7.91,643988.92,72592.24,135843.24,Retail,Cash,Yes,8,2023
INV-01060,2023-08-14,Snacks,SN-090,قم,Online,57134.49,4,5.81,228537.96,41384.69,62999.22,Retail,Card,Yes,8,2023
INV-01061,2023-08-15,Snacks,SN-083,رشت,Supermarket,74566.49,12,5.39,894797.94,53498.51,252815.84,Retail,POS,No,8,2023
INV-01062,2023-08-15,Home Care,HO-092,کرمانشاه,Hypermarket,71207.7,4,0.2,284830.79,48327.6,91520.38,Retail,Cash,No,8,2023
INV-01063,2023-08-15,Beverages,BE-064,کرج,Online,63655.32,72,4.0,4583183.1,47475.58,1164941.44,Corporate,Transfer,No,8,2023
INV-01064,2023-08-15,Beverages,BE-119,اصفهان,Pharmacy,72902.41,4,3.0,291609.65,56947.83,63818.35,Retail,Card,No,8,2023
INV-01065,2023-08-16,Dairy,DA-094,قم,Pharmacy,106967.94,2,2.28,213935.87,86375.33,41185.22,Retail,Transfer,No,8,2023
INV-01066,2023-08-16,Home Care,HO-120,شیراز,Online,53986.18,38,4.0,2051474.8,43092.05,413976.73,Corporate,Card,No,8,2023
INV-01067,2023-08-16,Home Care,HO-122,اهواز,Wholesale,59880.24,9,0.21,538922.17,50644.14,83124.93,Retail,POS,No,8,2023
INV-01068,2023-08-16,Beverages,BE-047,تبریز,Online,72096.23,5,0.8,360481.14,53254.46,94208.83,Retail,Transfer,No,8,2023
INV-01069,2023-08-17,Personal Care,PE-088,اهواز,Pharmacy,124229.62,1,0.79,124229.62,99208.56,25021.06,Retail,Card,No,8,2023
INV-01070,2023-08-17,Dairy,DA-065,اهواز,Online,113339.47,5,0.76,566697.37,86967.32,131860.75,Retail,Card,No,8,2023
INV-01071,2023-08-17,Personal Care,PE-059,کرمانشاه,Hypermarket,103877.23,95,8.96,9868337.17,72584.82,2972778.86,Corporate,Transfer,Yes,8,2023
INV-01072,2023-08-18,Dairy,DA-146,کرمانشاه,Online,117971.79,7,0.92,825802.53,85386.33,228098.21,Retail,Transfer,No,8,2023
INV-01073,2023-08-18,Personal Care,PE-113,قم,Hypermarket,94712.19,5,15.59,473560.95,70449.91,121311.41,Retail,Transfer,Yes,8,2023
INV-01074,2023-08-19,Home Care,HO-060,تهران,Online,65759.87,1,3.32,65759.87,52604.1,13155.77,Retail,Card,No,8,2023
INV-01075,2023-08-19,Snacks,SN-068,تهران,Wholesale,49590.02,105,12.65,5206951.93,39610.93,1047804.28,Corporate,Card,Yes,8,2023
INV-01076,2023-08-19,Beverages,BE-131,تهران,Hypermarket,71982.26,44,3.87,3167219.34,52525.63,856091.83,Corporate,Card,No,8,2023
INV-01077,2023-08-19,Home Care,HO-030,کرج,Supermarket,46659.68,6,11.26,279958.06,31248.73,92465.7,Retail,POS,Yes,8,2023
INV-01078,2023-08-19,Beverages,BE-147,قم,Online,64618.83,6,8.32,387713.0,52109.56,75055.61,Retail,Cash,Yes,8,2023
INV-01079,2023-08-19,Home Care,HO-087,مشهد,Wholesale,48274.88,12,5.2,579298.51,41986.58,75459.52,Retail,Transfer,No,8,2023
INV-01080,2023-08-20,Snacks,SN-018,اصفهان,Pharmacy,73298.73,8,1.09,586389.8,62217.08,88653.16,Retail,Card,No,8,2023
INV-01081,2023-08-20,Beverages,BE-128,کرج,Hypermarket,64676.86,12,5.67,776122.32,47848.91,201935.41,Corporate,Transfer,No,8,2023
INV-01082,2023-08-21,Personal Care,PE-141,تهران,Hypermarket,104636.64,9,4.1,941729.78,77879.15,240817.45,Retail,Transfer,No,8,2023
INV-01083,2023-08-21,Snacks,SN-076,اصفهان,Hypermarket,61344.04,9,3.31,552096.32,45161.38,145643.87,Retail,Transfer,No,8,2023
INV-01084,2023-08-21,Snacks,SN-007,کرج,Pharmacy,63576.68,8,0.33,508613.46,52068.02,92069.27,Retail,POS,No,8,2023
INV-01085,2023-08-21,Snacks,SN-144,اهواز,Online,48028.84,1,4.0,48028.84,35959.95,12068.89,Retail,Transfer,No,8,2023
INV-01086,2023-08-21,Snacks,SN-033,تبریز,Wholesale,58986.76,15,5.39,884801.35,48735.67,153766.3,Retail,Card,No,8,2023
INV-01087,2023-08-21,Personal Care,PE-137,قم,Supermarket,104632.63,91,3.59,9521568.92,73539.2,2829501.3,Corporate,Transfer,No,8,2023
INV-01088,2023-08-21,Beverages,BE-137,رشت,Supermarket,71395.42,111,1.19,7924891.88,46922.07,2716542.5,Corporate,Card,No,8,2023
INV-01089,2023-08-22,Beverages,BE-019,قم,Supermarket,59338.11,3,17.57,178014.33,38997.0,61023.32,Retail,Card,Yes,8,2023
INV-01090,2023-08-23,Snacks,SN-065,تهران,Supermarket,57435.77,8,1.7,459486.12,41382.6,128425.29,Retail,Transfer,No,8,2023
INV-01091,2023-08-23,Dairy,DA-053,رشت,Wholesale,122322.26,117,1.42,14311704.39,105608.15,1955550.77,Corporate,Card,No,8,2023
INV-01092,2023-08-23,Beverages,BE-116,اهواز,Hypermarket,71933.89,11,9.96,791272.8,48860.78,253804.18,Retail,Transfer,Yes,8,2023
INV-01093,2023-08-24,Home Care,HO-106,رشت,Pharmacy,45564.14,5,8.89,227820.72,36565.57,44992.88,Retail,Cash,Yes,8,2023
INV-01094,2023-08-24,Dairy,DA-031,اصفهان,Online,112759.29,8,4.0,902074.33,88576.39,193463.23,Retail,POS,No,8,2023
INV-01095,2023-08-24,Dairy,DA-045,اهواز,Online,108127.41,9,3.99,973146.72,86621.44,193553.75,Retail,POS,No,8,2023
INV-01096,2023-08-24,Personal Care,PE-041,کرج,Wholesale,78102.68,5,9.91,390513.42,65441.23,63307.28,Retail,Card,Yes,8,2023
INV-01097,2023-08-24,Home Care,HO-120,قم,Pharmacy,49845.49,7,7.44,348918.41,42241.98,53224.56,Retail,Card,Yes,8,2023
INV-01098,2023-08-24,Home Care,HO-137,مشهد,Supermarket,63244.6,2,0.23,126489.2,43220.84,40047.52,Retail,Card,No,8,2023
INV-01099,2023-08-25,Dairy,DA-077,قم,Hypermarket,117519.55,12,0.57,1410234.57,90064.0,329466.58,Retail,Transfer,No,8,2023
INV-01100,2023-08-25,Personal Care,PE-093,کرمانشاه,Hypermarket,88121.14,79,8.55,6961569.87,67610.96,1620303.78,Corporate,Transfer,Yes,8,2023
INV-01101,2023-08-25,Snacks,SN-088,رشت,Supermarket,58656.69,8,2.97,469253.51,43414.73,121935.68,Retail,POS,No,8,2023
INV-01102,2023-08-25,Home Care,HO-090,اهواز,Pharmacy,58654.07,7,4.0,410578.46,45438.11,92511.66,Retail,Transfer,No,8,2023
INV-01103,2023-08-25,Personal Care,PE-050,رشت,Pharmacy,88675.07,12,2.84,1064100.79,69766.94,226897.46,Corporate,Transfer,No,8,2023
INV-01104,2023-08-25,Dairy,DA-089,اهواز,Pharmacy,107515.04,1,8.7,107515.04,81208.89,26306.14,Retail,POS,Yes,8,2023
INV-01105,2023-08-26,Dairy,DA-108,رشت,Wholesale,108848.19,2,5.45,217696.38,92586.13,32524.13,Retail,Card,No,8,2023
INV-01106,2023-08-26,Beverages,BE-123,رشت,Pharmacy,69247.85,8,9.02,553982.83,57749.92,91983.49,Retail,Card,Yes,8,2023
INV-01107,2023-08-26,Snacks,SN-100,کرج,Wholesale,63958.96,9,5.15,575630.67,52773.15,100672.34,Retail,Transfer,No,8,2023
INV-01108,2023-08-26,Home Care,HO-061,اهواز,Hypermarket,59427.07,26,1.43,1545103.89,46203.66,343808.75,Corporate,Card,No,8,2023
INV-01109,2023-08-26,Dairy,DA-099,اهواز,Wholesale,104489.61,3,4.08,313468.82,85636.88,56558.18,Retail,Cash,No,8,2023
INV-01110,2023-08-27,Beverages,BE-001,قم,Supermarket,61145.57,6,1.26,366873.43,44247.24,101389.98,Retail,Card,No,8,2023
INV-01111,2023-08-28,Home Care,HO-010,اهواز,Supermarket,51620.48,11,2.73,567825.23,36641.84,164765.01,Retail,Card,No,8,2023
INV-01112,2023-08-28,Beverages,BE-077,مشهد,Hypermarket,65178.73,1,2.57,65178.73,48438.71,16740.03,Retail,Card,No,8,2023
INV-01113,2023-08-29,Dairy,DA-006,اهواز,Wholesale,115197.6,1,4.11,115197.6,90843.72,24353.87,Retail,Cash,No,8,2023
INV-01114,2023-08-29,Personal Care,PE-149,مشهد,Supermarket,105798.41,3,4.15,317395.22,79278.65,79559.28,Retail,Transfer,No,8,2023
INV-01115,2023-08-29,Beverages,BE-056,رشت,Pharmacy,62069.63,1,0.24,62069.63,50312.15,11757.48,Retail,Transfer,No,8,2023
INV-01116,2023-08-29,Personal Care,PE-005,کرمانشاه,Hypermarket,89928.28,103,11.96,9262612.83,67302.04,2330502.7,Corporate,Cash,Yes,8,2023
INV-01117,2023-08-30,Beverages,BE-119,اصفهان,Supermarket,55124.39,65,15.36,3583085.48,36118.49,1235383.68,Corporate,Card,Yes,8,2023
INV-01118,2023-08-30,Dairy,DA-057,شیراز,Online,93680.33,25,2.69,2342008.21,72374.6,532643.25,Corporate,Transfer,No,8,2023
INV-01119,2023-08-31,Personal Care,PE-054,شیراز,Supermarket,116409.34,1,2.1,116409.34,84436.68,31972.66,Retail,Cash,No,8,2023
INV-01120,2023-08-31,Snacks,SN-094,اصفهان,Online,77520.9,2,3.81,155041.79,59937.94,35165.92,Retail,POS,No,8,2023
INV-01121,2023-08-31,Personal Care,PE-103,کرمانشاه,Pharmacy,81446.28,6,3.87,488677.7,64041.48,104428.83,Retail,Card,No,8,2023
INV-01122,2023-09-01,Snacks,SN-026,مشهد,Pharmacy,82442.75,44,4.0,3627480.83,69772.25,557502.04,Corporate,Card,No,9,2023
INV-01123,2023-09-01,Beverages,BE-143,تهران,Pharmacy,61210.75,7,4.0,428475.22,51857.49,65472.76,Retail,Transfer,No,9,2023
INV-01124,2023-09-01,Beverages,BE-066,کرمانشاه,Supermarket,61864.77,3,0.72,185594.32,44975.39,50668.14,Retail,Card,No,9,2023
INV-01125,2023-09-01,Snacks,SN-123,تهران,Online,76151.4,22,4.0,1675330.89,61812.69,315451.77,Corporate,Transfer,No,9,2023
INV-01126,2023-09-01,Personal Care,PE-013,مشهد,Hypermarket,106609.12,57,0.98,6076719.73,81905.93,1408081.69,Corporate,Card,No,9,2023
INV-01127,2023-09-01,Dairy,DA-037,تهران,Supermarket,120101.6,7,5.59,840711.19,89296.66,215634.58,Retail,Transfer,Yes,9,2023
INV-01128,2023-09-02,Snacks,SN-083,اهواز,Hypermarket,60321.81,6,15.18,361930.88,41401.68,113520.81,Retail,Cash,Yes,9,2023
INV-01129,2023-09-02,Snacks,SN-092,مشهد,Pharmacy,71296.75,2,2.03,142593.49,55967.37,30658.75,Retail,POS,No,9,2023
INV-01130,2023-09-03,Home Care,HO-036,کرمانشاه,Hypermarket,59196.2,1,1.33,59196.2,42342.45,16853.75,Retail,Cash,No,9,2023
INV-01131,2023-09-03,Snacks,SN-102,کرمانشاه,Wholesale,72392.43,4,4.01,289569.73,63675.65,34867.13,Retail,Transfer,No,9,2023
INV-01132,2023-09-03,Snacks,SN-035,تهران,Wholesale,59559.96,11,3.66,655159.51,48535.73,121266.43,Retail,Card,No,9,2023
INV-01133,2023-09-03,Snacks,SN-051,اهواز,Supermarket,67138.84,10,1.36,671388.36,44321.57,228172.66,Retail,Card,No,9,2023
INV-01134,2023-09-03,Dairy,DA-107,کرج,Online,111227.62,2,4.0,222455.25,81378.18,59698.89,Retail,Transfer,No,9,2023
INV-01135,2023-09-04,Snacks,SN-031,مشهد,Pharmacy,77069.6,5,0.46,385348.02,64536.83,62663.88,Retail,Card,No,9,2023
INV-01136,2023-09-04,Home Care,HO-049,تهران,Hypermarket,48841.27,71,19.76,3467729.93,32881.88,1133116.72,Corporate,Card,Yes,9,2023
INV-01137,2023-09-04,Home Care,HO-090,تبریز,Hypermarket,50643.38,51,11.09,2582812.44,37061.81,692660.13,Corporate,Card,Yes,9,2023
INV-01138,2023-09-04,Dairy,DA-079,مشهد,Pharmacy,117632.34,4,3.52,470529.36,89681.64,111802.79,Retail,Cash,No,9,2023
INV-01139,2023-09-04,Snacks,SN-094,اصفهان,Supermarket,62018.81,103,10.45,6387937.17,42512.39,2009160.8,Corporate,Card,Yes,9,2023
INV-01140,2023-09-05,Beverages,BE-061,اصفهان,Wholesale,57152.27,51,16.73,2914766.02,47732.91,480387.56,Corporate,Card,Yes,9,2023
INV-01141,2023-09-05,Home Care,HO-071,اهواز,Hypermarket,40528.17,81,18.3,3282781.64,27977.88,1016573.08,Corporate,POS,Yes,9,2023
INV-01142,2023-09-05,Snacks,SN-022,کرمانشاه,Supermarket,62031.38,3,1.51,186094.13,43531.18,55500.58,Retail,Card,No,9,2023
INV-01143,2023-09-05,Personal Care,PE-026,شیراز,Wholesale,104050.85,6,2.02,624305.09,86878.6,103033.49,Retail,Transfer,No,9,2023
INV-01144,2023-09-05,Beverages,BE-147,کرمانشاه,Supermarket,85143.67,69,0.24,5874913.45,57959.46,1875710.9,Corporate,Card,No,9,2023
INV-01145,2023-09-06,Home Care,HO-077,اهواز,Hypermarket,47851.77,9,17.56,430665.9,32129.54,141500.07,Retail,Transfer,Yes,9,2023
INV-01146,2023-09-06,Dairy,DA-133,اصفهان,Online,83909.45,86,21.5,7216212.34,64228.2,1692586.92,Corporate,Cash,Yes,9,2023
INV-01147,2023-09-06,Home Care,HO-068,اصفهان,Hypermarket,46522.65,2,9.48,93045.3,35339.03,22367.25,Retail,Card,Yes,9,2023
INV-01148,2023-09-06,Dairy,DA-150,تبریز,Supermarket,97858.9,4,5.83,391435.59,68190.77,118672.5,Retail,Card,No,9,2023
INV-01149,2023-09-06,Beverages,BE-120,قم,Supermarket,61937.1,8,14.72,495496.82,45449.51,131900.71,Retail,Card,Yes,9,2023
INV-01150,2023-09-07,Home Care,HO-044,کرج,Supermarket,44868.44,7,12.43,314079.05,33558.62,79168.71,Retail,Transfer,Yes,9,2023
INV-01151,2023-09-07,Beverages,BE-094,اهواز,Online,73730.4,14,0.77,1032225.6,54182.26,273673.9,Corporate,Card,No,9,2023
INV-01152,2023-09-07,Beverages,BE-111,قم,Wholesale,64579.42,3,0.21,193738.25,54692.01,29662.21,Retail,Card,No,9,2023
INV-01153,2023-09-07,Beverages,BE-027,کرمانشاه,Wholesale,84763.05,64,3.48,5424835.41,66282.5,1182755.53,Corporate,Card,No,9,2023
INV-01154,2023-09-07,Snacks,SN-072,اصفهان,Pharmacy,82852.91,53,2.96,4391204.41,63242.88,1039331.72,Corporate,Transfer,No,9,2023
INV-01155,2023-09-08,Home Care,HO-098,شیراز,Online,58207.4,105,0.22,6111776.53,47150.16,1161009.94,Corporate,POS,No,9,2023
INV-01156,2023-09-08,Home Care,HO-092,مشهد,Online,48844.46,10,1.36,488444.64,37507.42,113370.47,Retail,Transfer,No,9,2023
INV-01157,2023-09-08,Dairy,DA-111,شیراز,Hypermarket,89400.0,5,9.34,447000.01,61385.8,140071.01,Retail,Card,Yes,9,2023
INV-01158,2023-09-09,Snacks,SN-114,اصفهان,Hypermarket,63298.42,11,3.95,696282.66,48499.4,162789.3,Retail,POS,No,9,2023
INV-01159,2023-09-09,Snacks,SN-003,کرج,Online,60183.48,10,3.59,601834.79,44392.02,157914.61,Retail,Transfer,No,9,2023
INV-01160,2023-09-10,Home Care,HO-055,تبریز,Online,48285.99,1,1.03,48285.99,39290.36,8995.62,Retail,Card,No,9,2023
INV-01161,2023-09-10,Dairy,DA-127,شیراز,Supermarket,111608.39,76,15.23,8482237.3,82196.38,2235312.14,Corporate,Card,Yes,9,2023
INV-01162,2023-09-10,Personal Care,PE-026,رشت,Wholesale,106374.36,106,1.55,11275682.68,93579.59,1356246.13,Corporate,Cash,No,9,2023
INV-01163,2023-09-10,Dairy,DA-150,رشت,Supermarket,108092.11,10,1.59,1080921.05,72437.13,356549.76,Retail,Cash,No,9,2023
INV-01164,2023-09-10,Beverages,BE-019,اهواز,Hypermarket,77763.28,121,3.72,9409357.32,58488.47,2332252.99,Corporate,Transfer,No,9,2023
INV-01165,2023-09-11,Personal Care,PE-101,تهران,Wholesale,92741.59,10,0.65,927415.85,75031.71,177098.72,Retail,Cash,No,9,2023
INV-01166,2023-09-11,Home Care,HO-038,کرج,Online,48455.8,54,1.62,2616613.12,36155.81,664199.36,Corporate,Transfer,No,9,2023
INV-01167,2023-09-12,Dairy,DA-046,قم,Hypermarket,105036.46,10,8.76,1050364.57,70545.16,344913.0,Retail,Card,Yes,9,2023
INV-01168,2023-09-12,Beverages,BE-005,تهران,Wholesale,44324.93,10,0.66,443249.29,36084.95,82399.75,Retail,POS,No,9,2023
INV-01169,2023-09-12,Personal Care,PE-053,رشت,Online,104238.07,3,0.63,312714.21,76047.68,84571.18,Retail,Card,No,9,2023
INV-01170,2023-09-13,Dairy,DA-017,مشهد,Online,110232.18,99,4.0,10912985.67,82560.67,2739479.0,Corporate,Transfer,No,9,2023
INV-01171,2023-09-13,Snacks,SN-132,کرج,Pharmacy,55134.76,7,1.43,385943.29,43726.6,79857.09,Retail,Transfer,No,9,2023
INV-01172,2023-09-13,Snacks,SN-096,تبریز,Pharmacy,58449.05,7,2.82,409143.32,46667.56,82470.39,Retail,Card,No,9,2023
INV-01173,2023-09-14,Home Care,HO-088,قم,Wholesale,58323.36,2,9.66,116646.72,46588.09,23470.54,Retail,Card,Yes,9,2023
INV-01174,2023-09-14,Home Care,HO-076,شیراز,Pharmacy,51521.74,1,3.34,51521.74,41938.59,9583.14,Retail,Card,No,9,2023
INV-01175,2023-09-14,Snacks,SN-124,اهواز,Supermarket,61724.09,7,10.32,432068.64,41643.34,140565.23,Retail,Card,Yes,9,2023
INV-01176,2023-09-15,Beverages,BE-060,اهواز,Online,56635.16,18,22.12,1019432.94,46169.52,188381.66,Corporate,POS,Yes,9,2023
INV-01177,2023-09-15,Snacks,SN-109,تبریز,Pharmacy,67144.17,2,0.09,134288.33,56608.37,21071.59,Retail,Card,No,9,2023
INV-01178,2023-09-15,Home Care,HO-110,رشت,Supermarket,51365.9,7,9.96,359561.33,36744.55,102349.5,Retail,Transfer,Yes,9,2023
INV-01179,2023-09-15,Beverages,BE-061,کرمانشاه,Online,53638.12,6,16.58,321828.71,38916.73,88328.36,Retail,Card,Yes,9,2023
INV-01180,2023-09-15,Snacks,SN-081,اصفهان,Supermarket,59997.13,12,4.55,719965.51,39009.0,251857.56,Retail,Transfer,No,9,2023
INV-01181,2023-09-15,Home Care,HO-143,شیراز,Online,54246.87,98,4.0,5316193.44,40496.5,1347536.4,Corporate,Transfer,No,9,2023
INV-01182,2023-09-15,Beverages,BE-138,تهران,Wholesale,75293.86,4,2.09,301175.43,65350.1,39775.03,Retail,Transfer,No,9,2023
INV-01183,2023-09-15,Dairy,DA-057,شیراز,Pharmacy,107860.03,7,13.4,755020.21,86574.73,148997.13,Retail,Cash,Yes,9,2023
INV-01184,2023-09-16,Dairy,DA-093,رشت,Online,100672.79,7,4.0,704709.54,76104.01,171981.5,Retail,Transfer,No,9,2023
INV-01185,2023-09-16,Home Care,HO-024,قم,Wholesale,68469.57,8,1.62,547756.57,55539.0,103444.6,Retail,POS,No,9,2023
INV-01186,2023-09-16,Beverages,BE-006,شیراز,Hypermarket,85523.76,8,3.59,684190.09,59021.48,212018.27,Retail,Card,No,9,2023
INV-01187,2023-09-16,Dairy,DA-044,تهران,Pharmacy,97214.48,6,15.82,583286.9,79374.98,107037.02,Retail,Card,Yes,9,2023
INV-01188,2023-09-17,Home Care,HO-079,شیراز,Pharmacy,55411.19,9,4.0,498700.67,43301.5,108987.15,Retail,Transfer,No,9,2023
INV-01189,2023-09-17,Dairy,DA-075,اصفهان,Hypermarket,103349.96,12,1.51,1240199.48,72121.88,374736.87,Retail,Transfer,No,9,2023
INV-01190,2023-09-17,Snacks,SN-131,اهواز,Online,61544.12,79,3.28,4861985.62,44465.07,1349245.21,Corporate,Card,No,9,2023
INV-01191,2023-09-17,Home Care,HO-016,کرج,Pharmacy,43636.41,3,4.0,130909.23,36283.14,22059.8,Retail,Card,No,9,2023
INV-01192,2023-09-17,Home Care,HO-113,تبریز,Wholesale,65728.8,7,17.07,460101.62,52441.19,93013.3,Retail,Cash,Yes,9,2023
INV-01193,2023-09-17,Personal Care,PE-148,کرج,Online,105160.05,1,2.93,105160.05,85435.46,19724.59,Retail,Transfer,No,9,2023
INV-01194,2023-09-17,Personal Care,PE-031,کرج,Pharmacy,103664.21,64,20.19,6634509.45,79143.72,1569311.07,Corporate,Card,Yes,9,2023
INV-01195,2023-09-18,Snacks,SN-057,اصفهان,Online,61783.11,3,0.62,185349.32,48528.19,39764.76,Retail,Transfer,No,9,2023
INV-01196,2023-09-18,Dairy,DA-003,تبریز,Hypermarket,114173.51,57,3.13,6507889.86,86914.82,1553745.12,Corporate,Transfer,No,9,2023
INV-01197,2023-09-18,Dairy,DA-055,قم,Supermarket,139580.29,4,2.88,558321.14,92968.23,186448.22,Retail,Cash,No,9,2023
INV-01198,2023-09-19,Personal Care,PE-143,اصفهان,Supermarket,121958.14,36,3.6,4390492.99,86722.21,1268493.55,Corporate,Card,No,9,2023
INV-01199,2023-09-19,Snacks,SN-146,تهران,Wholesale,63882.33,15,3.68,958234.91,54127.87,146316.8,Retail,Card,No,9,2023
INV-01200,2023-09-19,Home Care,HO-018,مشهد,Supermarket,62853.96,3,4.97,188561.88,42992.33,59584.88,Retail,Transfer,No,9,2023
INV-01201,2023-09-19,Home Care,HO-053,کرمانشاه,Pharmacy,58044.41,41,3.03,2379820.66,48325.6,398471.23,Corporate,Card,No,9,2023
INV-01202,2023-09-19,Beverages,BE-002,کرج,Wholesale,85655.16,77,9.55,6595447.54,73551.86,931954.03,Corporate,Card,Yes,9,2023
INV-01203,2023-09-20,Snacks,SN-043,تهران,Online,68188.87,1,3.57,68188.87,49643.55,18545.31,Retail,Card,No,9,2023
INV-01204,2023-09-20,Dairy,DA-068,اصفهان,Wholesale,117987.64,93,0.9,10972850.33,102398.07,1449829.54,Corporate,Cash,No,9,2023
INV-01205,2023-09-20,Personal Care,PE-148,تهران,Wholesale,108271.5,14,2.74,1515800.97,92509.32,220670.49,Retail,Card,No,9,2023
INV-01206,2023-09-20,Personal Care,PE-146,مشهد,Pharmacy,109734.44,13,4.0,1426547.71,82990.75,347668.01,Corporate,Cash,No,9,2023
INV-01207,2023-09-21,Beverages,BE-140,تهران,Wholesale,76040.71,92,1.62,6995745.4,60334.65,1444957.71,Corporate,Card,No,9,2023
INV-01208,2023-09-21,Snacks,SN-070,کرج,Pharmacy,52620.85,3,13.19,157862.54,41260.27,34081.72,Retail,Cash,Yes,9,2023
INV-01209,2023-09-21,Beverages,BE-120,کرمانشاه,Pharmacy,63215.45,14,15.46,885016.3,49053.15,198272.25,Corporate,Transfer,Yes,9,2023
INV-01210,2023-09-21,Personal Care,PE-070,کرج,Online,90301.46,7,4.0,632110.23,71251.76,133347.88,Retail,Card,No,9,2023
INV-01211,2023-09-21,Snacks,SN-098,رشت,Hypermarket,60151.11,119,0.49,7157982.1,43662.54,1962139.63,Corporate,POS,No,9,2023
INV-01212,2023-09-21,Dairy,DA-071,کرمانشاه,Pharmacy,88687.88,5,11.64,443439.42,74613.27,70373.07,Retail,Transfer,Yes,9,2023
INV-01213,2023-09-21,Home Care,HO-010,کرج,Online,49052.94,80,8.13,3924235.57,38878.04,813992.48,Corporate,Transfer,Yes,9,2023
INV-01214,2023-09-21,Personal Care,PE-038,اصفهان,Supermarket,89698.5,5,3.54,448492.51,58614.0,155422.5,Retail,Cash,No,9,2023
INV-01215,2023-09-22,Beverages,BE-103,تبریز,Supermarket,72145.03,109,0.98,7863808.32,52026.68,2192900.41,Corporate,Cash,No,9,2023
INV-01216,2023-09-22,Personal Care,PE-124,تهران,Wholesale,107152.54,10,0.03,1071525.35,89431.89,177206.48,Retail,Card,No,9,2023
INV-01217,2023-09-22,Snacks,SN-048,تهران,Online,74366.87,1,2.7,74366.87,54240.74,20126.13,Retail,Card,No,9,2023
INV-01218,2023-09-22,Beverages,BE-006,مشهد,Online,55621.27,4,1.8,222485.09,44784.77,43346.02,Retail,POS,No,9,2023
INV-01219,2023-09-22,Beverages,BE-115,اهواز,Supermarket,67773.19,112,2.01,7590597.49,47284.9,2294688.6,Corporate,Transfer,No,9,2023
INV-01220,2023-09-22,Home Care,HO-121,تبریز,Supermarket,51346.69,64,2.66,3286187.94,33560.35,1138325.59,Corporate,Card,No,9,2023
INV-01221,2023-09-23,Personal Care,PE-132,تهران,Supermarket,63514.48,8,13.99,508115.84,42395.96,168948.16,Retail,Card,Yes,9,2023
INV-01222,2023-09-23,Beverages,BE-114,رشت,Wholesale,70856.65,34,1.29,2409126.19,57034.98,469936.76,Corporate,Transfer,No,9,2023
INV-01223,2023-09-24,Dairy,DA-139,قم,Hypermarket,106512.45,7,5.24,745587.17,82335.4,169239.38,Retail,Transfer,No,9,2023
INV-01224,2023-09-24,Home Care,HO-078,تبریز,Pharmacy,46136.03,8,4.0,369088.26,35077.26,88470.2,Retail,Transfer,No,9,2023
INV-01225,2023-09-25,Snacks,SN-055,مشهد,Online,57677.14,21,3.63,1211220.02,44456.34,277636.91,Corporate,Transfer,No,9,2023
INV-01226,2023-09-25,Home Care,HO-026,رشت,Hypermarket,65968.56,84,1.25,5541359.0,45275.98,1738176.95,Corporate,Transfer,No,9,2023
INV-01227,2023-09-25,Home Care,HO-146,اهواز,Wholesale,50961.24,10,3.04,509612.39,41598.13,93631.06,Retail,Card,No,9,2023
INV-01228,2023-09-25,Dairy,DA-051,قم,Hypermarket,118616.41,6,4.51,711698.47,87371.75,187468.0,Retail,Cash,No,9,2023
INV-01229,2023-09-25,Personal Care,PE-029,کرج,Wholesale,99748.81,8,0.34,797990.51,86167.43,108651.05,Retail,Transfer,No,9,2023
INV-01230,2023-09-25,Beverages,BE-064,کرج,Online,76007.37,7,4.0,532051.58,58582.18,121976.33,Retail,Card,No,9,2023
INV-01231,2023-09-25,Snacks,SN-080,کرمانشاه,Supermarket,44343.19,6,8.19,266059.14,29218.14,90750.3,Retail,Transfer,Yes,9,2023
INV-01232,2023-09-25,Dairy,DA-093,رشت,Supermarket,116525.75,10,0.51,1165257.53,80725.01,358007.4,Retail,Transfer,No,9,2023
INV-01233,2023-09-25,Personal Care,PE-077,قم,Supermarket,118098.57,3,2.2,354295.72,82712.83,106157.23,Retail,Card,No,9,2023
INV-01234,2023-09-26,Snacks,SN-097,مشهد,Online,76996.57,4,2.78,307986.29,58943.02,72214.2,Retail,Cash,No,9,2023
INV-01235,2023-09-26,Personal Care,PE-097,قم,Pharmacy,90085.28,50,10.27,4504264.12,72087.43,899892.81,Corporate,Card,Yes,9,2023
INV-01236,2023-09-26,Beverages,BE-040,تهران,Pharmacy,73644.33,7,3.38,515510.34,58080.47,108947.04,Retail,Cash,No,9,2023
INV-01237,2023-09-26,Home Care,HO-041,کرمانشاه,Hypermarket,51566.31,2,2.97,103132.62,37408.89,28314.84,Retail,Cash,No,9,2023
INV-01238,2023-09-26,Dairy,DA-069,اصفهان,Hypermarket,85802.99,42,3.67,3603725.66,61103.85,1037363.76,Corporate,Transfer,No,9,2023
INV-01239,2023-09-27,Beverages,BE-045,رشت,Wholesale,79452.75,2,2.01,158905.49,62916.62,33072.25,Retail,Cash,No,9,2023
INV-01240,2023-09-27,Personal Care,PE-005,تبریز,Hypermarket,89927.5,107,5.85,9622242.3,60969.56,3098499.66,Corporate,POS,No,9,2023
INV-01241,2023-09-27,Home Care,HO-070,کرج,Pharmacy,47658.74,9,4.0,428928.64,38758.19,80104.91,Retail,Transfer,No,9,2023
INV-01242,2023-09-27,Personal Care,PE-120,شیراز,Pharmacy,108076.67,47,2.53,5079603.49,86441.04,1016874.6,Corporate,Transfer,No,9,2023
INV-01243,2023-09-27,Personal Care,PE-098,اهواز,Wholesale,79842.3,60,18.22,4790537.83,64806.01,902177.52,Corporate,Cash,Yes,9,2023
INV-01244,2023-09-27,Home Care,HO-077,مشهد,Online,59004.08,4,4.0,236016.3,45376.93,54508.59,Retail,POS,No,9,2023
INV-01245,2023-09-27,Beverages,BE-011,کرج,Hypermarket,72149.33,9,3.31,649343.97,54381.56,159909.93,Retail,Card,No,9,2023
INV-01246,2023-09-27,Personal Care,PE-090,مشهد,Online,99669.92,2,1.38,199339.85,78388.38,42563.09,Retail,Transfer,No,9,2023
INV-01247,2023-09-28,Home Care,HO-113,اهواز,Wholesale,60361.04,30,2.37,1810831.19,48556.25,354143.76,Corporate,Card,No,9,2023
INV-01248,2023-09-28,Dairy,DA-034,مشهد,Pharmacy,105966.97,6,0.99,635801.85,80366.43,153603.29,Retail,Transfer,No,9,2023
INV-01249,2023-09-28,Home Care,HO-099,تبریز,Wholesale,53044.04,15,15.35,795660.63,42519.7,157865.09,Retail,Transfer,Yes,9,2023
INV-01250,2023-09-28,Home Care,HO-076,اهواز,Hypermarket,59591.01,72,2.45,4290552.59,44729.04,1070061.58,Corporate,Card,No,9,2023
INV-01251,2023-09-28,Snacks,SN-134,کرج,Supermarket,54996.5,10,3.38,549965.0,36165.99,188305.11,Retail,Card,No,9,2023
INV-01252,2023-09-29,Dairy,DA-121,قم,Hypermarket,95478.67,5,4.0,477393.35,67541.13,139687.69,Retail,Card,No,9,2023
INV-01253,2023-09-29,Home Care,HO-063,رشت,Hypermarket,67973.9,24,4.81,1631373.51,52723.16,366017.63,Corporate,Transfer,No,9,2023
INV-01254,2023-09-29,Personal Care,PE-119,کرمانشاه,Pharmacy,108932.73,73,4.0,7952089.12,92179.76,1222966.33,Corporate,Card,No,9,2023
INV-01255,2023-09-29,Snacks,SN-003,رشت,Wholesale,54139.59,10,3.15,541395.91,42903.96,112356.29,Retail,POS,No,9,2023
INV-01256,2023-09-30,Home Care,HO-073,کرج,Supermarket,53311.37,8,1.03,426490.98,39434.42,111015.58,Retail,Transfer,No,9,2023
INV-01257,2023-09-30,Dairy,DA-147,رشت,Supermarket,100081.92,39,9.67,3903194.71,68594.41,1228012.59,Corporate,Transfer,Yes,9,2023
INV-01258,2023-09-30,Snacks,SN-130,تهران,Wholesale,70393.16,36,1.31,2534153.83,60328.49,362328.09,Corporate,Card,No,9,2023
INV-01259,2023-09-30,Home Care,HO-007,مشهد,Supermarket,52021.24,3,11.49,156063.73,36949.89,45214.07,Retail,Transfer,Yes,9,2023
INV-01260,2023-09-30,Beverages,BE-044,شیراز,Online,62525.44,9,2.64,562728.95,49586.93,116446.58,Retail,POS,No,9,2023
INV-01261,2023-09-30,Snacks,SN-069,تهران,Pharmacy,68902.12,38,3.76,2618280.6,56590.3,467849.22,Corporate,Card,No,9,2023
INV-01262,2023-10-01,Beverages,BE-057,مشهد,Pharmacy,64608.18,34,4.0,2196678.19,51196.44,455999.15,Corporate,Card,No,10,2023
INV-01263,2023-10-01,Home Care,HO-126,تبریز,Hypermarket,51552.22,2,2.23,103104.44,37025.64,29053.16,Retail,Transfer,No,10,2023
INV-01264,2023-10-01,Dairy,DA-058,رشت,Pharmacy,89073.98,8,2.15,712591.86,73579.53,123955.64,Retail,Transfer,No,10,2023
INV-01265,2023-10-01,Personal Care,PE-145,مشهد,Hypermarket,104375.29,10,8.24,1043752.89,70762.44,336128.51,Retail,Card,Yes,10,2023
INV-01266,2023-10-01,Home Care,HO-080,قم,Supermarket,48276.57,28,3.54,1351744.08,34275.29,392035.95,Corporate,Transfer,No,10,2023
INV-01267,2023-10-02,Beverages,BE-146,رشت,Hypermarket,63062.78,102,20.4,6432403.17,44064.28,1937846.15,Corporate,POS,Yes,10,2023
INV-01268,2023-10-02,Snacks,SN-033,اهواز,Wholesale,53830.84,6,10.84,322985.02,43949.5,59288.01,Retail,Transfer,Yes,10,2023
INV-01269,2023-10-02,Snacks,SN-124,مشهد,Supermarket,55217.81,9,0.39,496960.31,36429.35,169096.15,Retail,Card,No,10,2023
INV-01270,2023-10-02,Dairy,DA-122,رشت,Online,107027.53,58,3.06,6207596.87,83578.05,1360069.91,Corporate,POS,No,10,2023
INV-01271,2023-10-03,Personal Care,PE-029,مشهد,Hypermarket,110122.43,12,2.98,1321469.13,81071.6,348609.91,Retail,Card,No,10,2023
INV-01272,2023-10-04,Dairy,DA-145,مشهد,Hypermarket,102813.51,7,1.27,719694.59,70465.98,226432.74,Retail,Cash,No,10,2023
INV-01273,2023-10-04,Snacks,SN-044,قم,Pharmacy,69983.65,24,1.39,1679607.64,56334.21,327586.62,Corporate,Card,No,10,2023
INV-01274,2023-10-05,Dairy,DA-113,مشهد,Online,98830.42,9,4.0,889473.76,73059.79,231935.67,Retail,Card,No,10,2023
INV-01275,2023-10-05,Snacks,SN-058,تبریز,Online,68348.61,2,0.9,136697.22,53675.21,29346.79,Retail,Card,No,10,2023
INV-01276,2023-10-05,Beverages,BE-108,کرمانشاه,Supermarket,69352.27,9,7.3,624170.39,51492.95,160733.87,Retail,Card,Yes,10,2023
INV-01277,2023-10-05,Home Care,HO-004,مشهد,Online,51108.99,1,7.06,51108.99,39210.21,11898.79,Retail,Transfer,Yes,10,2023
INV-01278,2023-10-05,Beverages,BE-016,قم,Hypermarket,72411.74,109,0.89,7892879.66,54431.97,1959794.58,Corporate,Card,No,10,2023
INV-01279,2023-10-05,Snacks,SN-026,کرج,Supermarket,54669.4,83,4.86,4537559.83,40873.33,1145073.24,Corporate,Cash,No,10,2023
INV-01280,2023-10-06,Personal Care,PE-150,تبریز,Online,101778.07,7,1.8,712446.47,76018.56,180316.56,Retail,Transfer,No,10,2023
INV-01281,2023-10-06,Beverages,BE-119,تبریز,Online,54463.68,74,17.47,4030311.96,44435.01,742121.2,Corporate,Card,Yes,10,2023
INV-01282,2023-10-06,Personal Care,PE-021,شیراز,Wholesale,104272.39,15,0.09,1564085.92,90744.85,202913.11,Retail,Transfer,No,10,2023
INV-01283,2023-10-06,Beverages,BE-124,اهواز,Pharmacy,55792.9,4,16.68,223171.62,42765.83,52108.29,Retail,Cash,Yes,10,2023
INV-01284,2023-10-07,Home Care,HO-029,کرج,Online,52226.28,9,9.6,470036.53,42125.64,90905.78,Retail,Transfer,Yes,10,2023
INV-01285,2023-10-07,Home Care,HO-024,قم,Hypermarket,54389.86,9,1.07,489508.77,42309.59,108722.47,Retail,Cash,No,10,2023
INV-01286,2023-10-07,Snacks,SN-101,کرج,Online,70127.49,19,2.33,1332422.35,53800.72,310208.71,Corporate,POS,No,10,2023
INV-01287,2023-10-07,Personal Care,PE-125,شیراز,Hypermarket,93571.66,5,0.69,467858.28,67404.12,130837.69,Retail,Cash,No,10,2023
INV-01288,2023-10-08,Beverages,BE-038,مشهد,Hypermarket,61782.25,6,4.5,370693.52,41859.83,119534.53,Retail,Transfer,No,10,2023
INV-01289,2023-10-08,Home Care,HO-049,رشت,Online,51329.83,8,4.0,410638.61,37250.03,112638.35,Retail,Card,No,10,2023
INV-01290,2023-10-08,Beverages,BE-126,کرمانشاه,Pharmacy,65361.44,3,4.0,196084.33,52235.83,39376.83,Retail,Card,No,10,2023
INV-01291,2023-10-09,Snacks,SN-147,تبریز,Pharmacy,81355.22,34,2.6,2766077.51,62016.55,657514.91,Corporate,Card,No,10,2023
INV-01292,2023-10-09,Dairy,DA-139,تبریز,Hypermarket,100511.6,61,3.98,6131207.4,76267.64,1478881.5,Corporate,Card,No,10,2023
INV-01293,2023-10-10,Beverages,BE-082,کرمانشاه,Pharmacy,48853.33,9,13.72,439680.0,41181.68,69044.92,Retail,Transfer,Yes,10,2023
INV-01294,2023-10-10,Beverages,BE-059,کرمانشاه,Pharmacy,64745.36,4,2.8,258981.42,53343.41,45607.78,Retail,Card,No,10,2023
INV-01295,2023-10-10,Personal Care,PE-090,اهواز,Supermarket,103591.88,63,5.35,6526288.44,71719.48,2007960.95,Corporate,Card,No,10,2023
INV-01296,2023-10-10,Personal Care,PE-120,کرمانشاه,Supermarket,108045.23,1,0.11,108045.23,72703.7,35341.53,Retail,Card,No,10,2023
INV-01297,2023-10-10,Dairy,DA-092,تبریز,Hypermarket,106868.56,1,3.88,106868.56,81776.02,25092.54,Retail,Card,No,10,2023
INV-01298,2023-10-10,Beverages,BE-059,اهواز,Hypermarket,65118.14,3,5.01,195354.43,47071.02,54141.37,Retail,Card,No,10,2023
INV-01299,2023-10-10,Beverages,BE-022,اهواز,Supermarket,59842.03,2,14.41,119684.05,42843.52,33997.01,Retail,Card,Yes,10,2023
INV-01300,2023-10-10,Dairy,DA-025,مشهد,Pharmacy,91310.89,3,14.52,273932.66,74391.63,50757.77,Retail,Transfer,Yes,10,2023
INV-01301,2023-10-11,Home Care,HO-081,تهران,Online,58335.59,10,9.45,583355.92,42254.48,160811.16,Retail,Card,Yes,10,2023
INV-01302,2023-10-11,Beverages,BE-124,اصفهان,Online,67684.72,2,3.95,135369.45,53582.2,28205.05,Retail,Cash,No,10,2023
INV-01303,2023-10-11,Personal Care,PE-079,اهواز,Hypermarket,84307.4,5,5.86,421537.01,59568.75,123693.27,Retail,Cash,No,10,2023
INV-01304,2023-10-11,Snacks,SN-106,اصفهان,Online,65690.89,45,4.0,2956090.13,52097.51,611702.2,Corporate,POS,No,10,2023
INV-01305,2023-10-11,Snacks,SN-065,تهران,Supermarket,53426.43,85,18.47,4541246.28,35122.95,1555795.22,Corporate,Transfer,Yes,10,2023
INV-01306,2023-10-11,Snacks,SN-067,اهواز,Hypermarket,55783.99,8,0.21,446271.92,39297.05,131895.51,Retail,Transfer,No,10,2023
INV-01307,2023-10-12,Personal Care,PE-142,مشهد,Pharmacy,73586.39,8,4.0,588691.15,56654.74,135453.19,Retail,Transfer,No,10,2023
INV-01308,2023-10-12,Home Care,HO-005,اصفهان,Hypermarket,48049.46,9,1.34,432445.17,36354.99,105250.22,Retail,POS,No,10,2023
INV-01309,2023-10-13,Beverages,BE-132,کرج,Hypermarket,72424.24,9,13.36,651818.18,55304.87,154074.34,Retail,Transfer,Yes,10,2023
INV-01310,2023-10-13,Home Care,HO-006,شیراز,Hypermarket,51640.43,35,1.5,1807415.14,35108.01,578634.75,Corporate,POS,No,10,2023
INV-01311,2023-10-13,Snacks,SN-005,تهران,Pharmacy,53698.13,9,1.51,483283.14,40571.52,118139.42,Retail,POS,No,10,2023
INV-01312,2023-10-13,Personal Care,PE-010,اهواز,Wholesale,93501.06,13,4.89,1215513.81,81809.09,151995.66,Retail,Transfer,No,10,2023
INV-01313,2023-10-13,Personal Care,PE-093,تبریز,Online,122102.67,55,2.4,6715647.01,90470.13,1739789.61,Corporate,Transfer,No,10,2023
INV-01314,2023-10-13,Personal Care,PE-077,کرمانشاه,Pharmacy,87674.93,3,3.08,263024.8,70458.81,51648.38,Retail,POS,No,10,2023
INV-01315,2023-10-14,Personal Care,PE-132,مشهد,Hypermarket,103264.93,1,0.36,103264.93,75576.0,27688.92,Retail,Card,No,10,2023
INV-01316,2023-10-14,Dairy,DA-033,تهران,Supermarket,91210.3,9,4.55,820892.74,60317.57,278034.65,Retail,POS,No,10,2023
INV-01317,2023-10-15,Beverages,BE-150,تبریز,Online,67699.97,1,4.0,67699.97,53939.09,13760.88,Retail,Transfer,No,10,2023
INV-01318,2023-10-15,Snacks,SN-110,شیراز,Hypermarket,65805.13,11,3.08,723856.44,48360.28,191893.38,Retail,Transfer,No,10,2023
INV-01319,2023-10-15,Snacks,SN-132,اهواز,Online,52416.31,3,9.96,157248.94,42890.0,28578.92,Retail,Cash,Yes,10,2023
INV-01320,2023-10-15,Snacks,SN-086,شیراز,Hypermarket,66325.68,11,2.16,729582.52,46803.25,214746.72,Retail,Card,No,10,2023
INV-01321,2023-10-16,Snacks,SN-044,مشهد,Hypermarket,49004.81,11,4.72,539052.93,34296.34,161793.22,Retail,Transfer,No,10,2023
INV-01322,2023-10-16,Personal Care,PE-017,تهران,Online,110730.19,9,5.21,996571.71,90436.62,182642.12,Retail,Card,Yes,10,2023
INV-01323,2023-10-16,Dairy,DA-149,اصفهان,Hypermarket,124127.2,8,3.79,993017.63,86255.43,302974.2,Retail,Card,No,10,2023
INV-01324,2023-10-16,Beverages,BE-026,تهران,Pharmacy,69498.98,63,1.58,4378435.71,58797.8,674174.13,Corporate,Transfer,No,10,2023
INV-01325,2023-10-16,Snacks,SN-112,تبریز,Pharmacy,71844.77,3,4.0,215534.32,58408.44,40308.99,Retail,Transfer,No,10,2023
INV-01326,2023-10-16,Home Care,HO-025,تهران,Supermarket,56084.48,10,4.0,560844.77,38673.91,174105.65,Retail,Card,No,10,2023
INV-01327,2023-10-16,Personal Care,PE-114,قم,Wholesale,111740.46,79,0.5,8827496.31,91952.07,1563283.15,Corporate,Card,No,10,2023
INV-01328,2023-10-17,Dairy,DA-058,تهران,Hypermarket,108589.44,9,0.56,977304.96,79561.22,261254.01,Retail,Cash,No,10,2023
INV-01329,2023-10-17,Beverages,BE-104,رشت,Wholesale,73179.99,12,1.12,878159.82,57608.66,186855.94,Retail,Transfer,No,10,2023
INV-01330,2023-10-17,Beverages,BE-047,تبریز,Supermarket,63717.37,80,1.64,5097389.56,47357.65,1308777.94,Corporate,Transfer,No,10,2023
INV-01331,2023-10-17,Personal Care,PE-034,تبریز,Hypermarket,97518.95,12,0.14,1170227.41,75648.95,262439.96,Retail,Cash,No,10,2023
INV-01332,2023-10-18,Home Care,HO-060,کرمانشاه,Supermarket,52473.8,4,0.17,209895.21,37308.58,60660.88,Retail,Transfer,No,10,2023
INV-01333,2023-10-18,Home Care,HO-057,اهواز,Online,46672.03,8,4.0,373376.26,36253.9,83345.07,Retail,Cash,No,10,2023
INV-01334,2023-10-18,Home Care,HO-068,رشت,Wholesale,46187.4,46,17.3,2124620.23,40139.69,278194.33,Corporate,Card,Yes,10,2023
INV-01335,2023-10-18,Personal Care,PE-014,تبریز,Online,114518.5,9,1.63,1030666.48,92626.1,197031.56,Retail,Cash,No,10,2023
INV-01336,2023-10-18,Dairy,DA-123,قم,Wholesale,116791.92,1,2.9,116791.92,99843.77,16948.16,Retail,Card,No,10,2023
INV-01337,2023-10-18,Beverages,BE-075,قم,Hypermarket,64553.2,2,3.91,129106.41,45333.66,38439.08,Retail,Card,No,10,2023
INV-01338,2023-10-18,Home Care,HO-103,رشت,Hypermarket,45356.86,1,12.45,45356.86,31870.99,13485.87,Retail,Transfer,Yes,10,2023
INV-01339,2023-10-19,Beverages,BE-100,شیراز,Online,58248.85,2,4.0,116497.69,46091.82,24314.05,Retail,POS,No,10,2023
INV-01340,2023-10-19,Home Care,HO-101,قم,Hypermarket,50322.27,5,1.1,251611.34,36469.14,69265.64,Retail,Card,No,10,2023
INV-01341,2023-10-19,Beverages,BE-002,اصفهان,Wholesale,69186.32,2,9.61,138372.65,58045.7,22281.26,Retail,POS,Yes,10,2023
INV-01342,2023-10-19,Snacks,SN-004,کرج,Pharmacy,56581.08,80,16.74,4526486.06,44966.57,929160.28,Corporate,Card,Yes,10,2023
INV-01343,2023-10-19,Dairy,DA-075,مشهد,Hypermarket,103445.71,55,3.75,5689514.08,72900.68,1679976.87,Corporate,Transfer,No,10,2023
INV-01344,2023-10-19,Dairy,DA-036,کرمانشاه,Wholesale,110493.27,10,5.56,1104932.67,89096.81,213964.57,Retail,Card,No,10,2023
INV-01345,2023-10-20,Home Care,HO-126,مشهد,Pharmacy,48845.52,6,16.71,293073.14,39801.7,54262.92,Retail,Cash,Yes,10,2023
INV-01346,2023-10-20,Dairy,DA-028,کرمانشاه,Wholesale,98309.37,91,5.89,8946152.66,84478.77,1258584.88,Corporate,Cash,No,10,2023
INV-01347,2023-10-20,Personal Care,PE-097,مشهد,Hypermarket,79360.44,44,18.38,3491859.43,53497.37,1137975.18,Corporate,Transfer,Yes,10,2023
INV-01348,2023-10-21,Personal Care,PE-115,شیراز,Wholesale,89622.09,6,4.52,537732.57,71889.81,106393.73,Retail,Card,No,10,2023
INV-01349,2023-10-21,Beverages,BE-137,مشهد,Pharmacy,75716.67,1,3.43,75716.67,62223.56,13493.11,Retail,Card,No,10,2023
INV-01350,2023-10-21,Beverages,BE-027,مشهد,Hypermarket,67006.76,91,2.0,6097615.04,50573.02,1495469.9,Corporate,POS,No,10,2023
INV-01351,2023-10-22,Personal Care,PE-004,کرمانشاه,Wholesale,122458.4,10,0.95,1224584.01,99687.65,227707.52,Retail,Card,No,10,2023
INV-01352,2023-10-22,Snacks,SN-067,کرمانشاه,Online,42897.63,74,2.28,3174424.85,34433.14,626372.57,Corporate,Cash,No,10,2023
INV-01353,2023-10-22,Home Care,HO-039,اصفهان,Pharmacy,65269.84,15,2.52,979047.56,54770.54,157489.53,Corporate,Cash,No,10,2023
INV-01354,2023-10-22,Beverages,BE-080,تهران,Online,62528.85,3,15.97,187586.56,48708.98,41459.63,Retail,Transfer,Yes,10,2023
INV-01355,2023-10-22,Personal Care,PE-077,قم,Hypermarket,110164.01,20,3.04,2203280.11,80399.96,595280.89,Corporate,Transfer,No,10,2023
INV-01356,2023-10-22,Beverages,BE-096,تبریز,Pharmacy,55602.04,91,22.21,5059786.05,46555.32,823252.12,Corporate,Transfer,Yes,10,2023
INV-01357,2023-10-23,Dairy,DA-117,کرج,Hypermarket,114321.12,11,5.4,1257532.32,79931.27,378288.31,Retail,Card,No,10,2023
INV-01358,2023-10-23,Personal Care,PE-069,تبریز,Hypermarket,103729.2,57,2.45,5912564.33,76125.54,1573408.68,Corporate,Card,No,10,2023
INV-01359,2023-10-24,Snacks,SN-150,تهران,Supermarket,57240.6,11,0.11,629646.58,38751.4,203381.23,Retail,Card,No,10,2023
INV-01360,2023-10-24,Personal Care,PE-044,تبریز,Pharmacy,102955.17,9,13.2,926596.57,82225.15,186570.2,Retail,Card,Yes,10,2023
INV-01361,2023-10-24,Snacks,SN-063,رشت,Supermarket,68594.94,10,1.05,685949.36,45314.08,232808.58,Retail,POS,No,10,2023
INV-01362,2023-10-24,Home Care,HO-061,اصفهان,Pharmacy,57965.52,7,2.52,405758.63,45738.17,85591.46,Retail,Transfer,No,10,2023
INV-01363,2023-10-24,Home Care,HO-041,تبریز,Pharmacy,59320.52,2,0.54,118641.04,47492.12,23656.8,Retail,Card,No,10,2023
INV-01364,2023-10-24,Beverages,BE-039,تبریز,Supermarket,50646.29,7,15.37,354524.01,33685.86,118723.01,Retail,Transfer,Yes,10,2023
INV-01365,2023-10-24,Beverages,BE-145,کرج,Online,47861.64,88,9.95,4211824.15,39199.39,762277.56,Corporate,Transfer,Yes,10,2023
INV-01366,2023-10-24,Beverages,BE-130,اصفهان,Online,66263.68,1,2.8,66263.68,48941.61,17322.07,Retail,POS,No,10,2023
INV-01367,2023-10-24,Home Care,HO-038,تهران,Supermarket,59166.08,4,2.53,236664.33,43258.36,63630.87,Retail,POS,No,10,2023
INV-01368,2023-10-26,Beverages,BE-044,تهران,Pharmacy,64524.16,3,3.76,193572.47,51582.51,38824.95,Retail,Transfer,No,10,2023
INV-01369,2023-10-26,Snacks,SN-071,قم,Hypermarket,58777.15,37,4.2,2174754.46,43580.69,562269.09,Corporate,Card,No,10,2023
INV-01370,2023-10-26,Personal Care,PE-042,شیراز,Wholesale,102757.81,7,10.21,719304.67,88150.19,102253.37,Retail,Card,Yes,10,2023
INV-01371,2023-10-27,Home Care,HO-013,تهران,Wholesale,64395.57,117,1.01,7534282.03,52041.2,1445461.77,Corporate,Card,No,10,2023
INV-01372,2023-10-27,Beverages,BE-062,تبریز,Hypermarket,60353.89,110,15.09,6638927.7,44081.53,1789959.45,Corporate,Transfer,Yes,10,2023
INV-01373,2023-10-27,Home Care,HO-087,قم,Wholesale,59468.62,1,4.45,59468.62,46459.9,13008.72,Retail,Card,No,10,2023
INV-01374,2023-10-27,Beverages,BE-018,تبریز,Wholesale,73733.06,125,1.67,9216632.6,59230.14,1812864.74,Corporate,Card,No,10,2023
INV-01375,2023-10-28,Snacks,SN-059,اصفهان,Wholesale,67222.67,7,3.96,470558.72,55859.38,79543.07,Retail,Transfer,No,10,2023
INV-01376,2023-10-28,Beverages,BE-060,اصفهان,Hypermarket,59715.4,11,14.47,656869.44,43663.83,176567.28,Retail,Transfer,Yes,10,2023
INV-01377,2023-10-28,Snacks,SN-149,شیراز,Online,63177.79,62,17.89,3917022.79,47024.06,1001531.17,Corporate,Transfer,Yes,10,2023
INV-01378,2023-10-29,Beverages,BE-128,رشت,Pharmacy,65553.6,38,4.0,2491036.72,49202.61,621337.44,Corporate,Transfer,No,10,2023
INV-01379,2023-10-29,Home Care,HO-077,شیراز,Pharmacy,52792.16,82,4.0,4328957.27,41528.88,923588.94,Corporate,Card,No,10,2023
INV-01380,2023-10-29,Personal Care,PE-003,قم,Hypermarket,87057.77,2,4.07,174115.54,67784.44,38546.67,Retail,Transfer,No,10,2023
INV-01381,2023-10-29,Beverages,BE-126,اصفهان,Supermarket,58726.69,103,2.68,6048848.84,39983.99,1930497.57,Corporate,Card,No,10,2023
INV-01382,2023-10-29,Dairy,DA-130,اهواز,Wholesale,113486.75,109,2.3,12370055.27,91775.98,2366473.95,Corporate,POS,No,10,2023
INV-01383,2023-10-29,Home Care,HO-063,شیراز,Supermarket,51339.06,110,0.72,5647296.42,37811.12,1488073.14,Corporate,Transfer,No,10,2023
INV-01384,2023-10-30,Personal Care,PE-107,تهران,Pharmacy,118167.22,9,1.79,1063505.01,94918.11,209242.01,Retail,Card,No,10,2023
INV-01385,2023-10-30,Dairy,DA-144,تهران,Wholesale,90563.05,7,2.08,633941.33,71238.32,135273.09,Retail,Transfer,No,10,2023
INV-01386,2023-10-30,Snacks,SN-076,اصفهان,Hypermarket,57261.89,19,8.82,1087975.9,42705.14,276578.16,Corporate,Transfer,Yes,10,2023
INV-01387,2023-10-30,Dairy,DA-016,رشت,Supermarket,91943.2,3,4.91,275829.59,66500.1,76329.27,Retail,Card,No,10,2023
INV-01388,2023-10-31,Beverages,BE-032,تهران,Online,61087.63,10,11.46,610876.32,45804.97,152826.6,Retail,Transfer,Yes,10,2023
INV-01389,2023-10-31,Snacks,SN-028,مشهد,Wholesale,74737.55,1,5.92,74737.55,62112.58,12624.97,Retail,Cash,No,10,2023
INV-01390,2023-10-31,Snacks,SN-083,قم,Online,62749.6,9,4.0,564746.37,48898.84,124656.8,Retail,Cash,No,10,2023
INV-01391,2023-10-31,Personal Care,PE-040,اصفهان,Pharmacy,114002.37,5,0.81,570011.83,96526.56,87379.03,Retail,Card,No,10,2023
INV-01392,2023-10-31,Home Care,HO-144,اهواز,Online,41509.98,84,22.73,3486838.57,29955.48,970578.1,Corporate,Card,Yes,10,2023
INV-01393,2023-10-31,Personal Care,PE-062,اصفهان,Online,107842.17,1,1.25,107842.17,81503.88,26338.29,Retail,Card,No,10,2023
INV-01394,2023-11-01,Dairy,DA-096,قم,Online,119574.61,7,2.26,837022.26,89890.77,207786.84,Retail,Card,No,11,2023
INV-01395,2023-11-01,Dairy,DA-018,کرج,Hypermarket,107219.81,98,4.55,10507541.49,73842.51,3270975.52,Corporate,Cash,No,11,2023
INV-01396,2023-11-01,Home Care,HO-110,رشت,Wholesale,41932.77,2,2.12,83865.55,34500.73,14864.08,Retail,Card,No,11,2023
INV-01397,2023-11-01,Snacks,SN-103,رشت,Hypermarket,51583.49,1,4.91,51583.49,39517.34,12066.16,Retail,Card,No,11,2023
INV-01398,2023-11-03,Snacks,SN-148,اصفهان,Supermarket,67370.3,2,2.47,134740.61,43904.8,46931.01,Retail,Card,No,11,2023
INV-01399,2023-11-03,Personal Care,PE-144,کرمانشاه,Supermarket,104586.13,1,4.02,104586.13,75589.46,28996.67,Retail,POS,No,11,2023
INV-01400,2023-11-03,Dairy,DA-046,تبریز,Hypermarket,93821.84,9,1.1,844396.55,67585.96,236122.88,Retail,Card,No,11,2023
INV-01401,2023-11-03,Dairy,DA-039,اهواز,Pharmacy,103712.88,8,1.18,829703.01,85941.67,142169.61,Retail,Card,No,11,2023
INV-01402,2023-11-03,Snacks,SN-058,قم,Pharmacy,57395.65,14,1.92,803539.06,47830.42,133913.23,Corporate,Card,No,11,2023
INV-01403,2023-11-04,Home Care,HO-032,شیراز,Supermarket,47066.88,67,20.57,3153481.24,31882.73,1017338.52,Corporate,Card,Yes,11,2023
INV-01404,2023-11-04,Snacks,SN-054,شیراز,Supermarket,90056.79,12,3.21,1080681.44,59788.44,363220.18,Retail,Card,No,11,2023
INV-01405,2023-11-04,Home Care,HO-032,مشهد,Supermarket,47470.67,110,0.26,5221773.4,32719.62,1622615.74,Corporate,Transfer,No,11,2023
INV-01406,2023-11-04,Home Care,HO-123,تهران,Pharmacy,70181.22,73,2.06,5123228.83,55118.85,1099553.12,Corporate,Transfer,No,11,2023
INV-01407,2023-11-04,Snacks,SN-055,اهواز,Supermarket,58751.6,9,3.99,528764.36,38427.75,182914.61,Retail,Card,No,11,2023
INV-01408,2023-11-04,Personal Care,PE-050,شیراز,Online,105747.36,10,0.61,1057473.62,81930.22,238171.39,Retail,Card,No,11,2023
INV-01409,2023-11-04,Beverages,BE-040,مشهد,Online,72096.72,74,4.0,5335157.17,55390.81,1236236.92,Corporate,Card,No,11,2023
INV-01410,2023-11-05,Dairy,DA-055,قم,Pharmacy,117917.0,6,3.64,707502.0,92060.58,155138.52,Retail,Card,No,11,2023
INV-01411,2023-11-05,Personal Care,PE-034,کرمانشاه,Wholesale,107414.36,21,2.68,2255701.6,93726.82,287438.39,Corporate,Transfer,No,11,2023
INV-01412,2023-11-05,Beverages,BE-049,رشت,Online,68340.15,6,1.29,410040.88,49962.29,110267.14,Retail,Card,No,11,2023
INV-01413,2023-11-06,Beverages,BE-027,تبریز,Hypermarket,62481.07,12,0.67,749772.84,45664.43,201799.74,Retail,Card,No,11,2023
INV-01414,2023-11-06,Beverages,BE-052,قم,Online,58298.21,8,0.26,466385.64,45458.2,102720.01,Retail,Card,No,11,2023
INV-01415,2023-11-06,Personal Care,PE-030,مشهد,Pharmacy,92825.98,37,4.0,3434561.11,70224.47,836255.83,Corporate,Transfer,No,11,2023
INV-01416,2023-11-06,Snacks,SN-041,اصفهان,Supermarket,61612.49,4,3.11,246449.96,46096.99,62061.98,Retail,Card,No,11,2023
INV-01417,2023-11-06,Dairy,DA-097,تبریز,Wholesale,97463.35,96,15.32,9356481.54,85254.92,1172009.01,Corporate,Transfer,Yes,11,2023
INV-01418,2023-11-06,Dairy,DA-064,کرج,Supermarket,82639.68,77,13.32,6363255.01,59979.81,1744809.75,Corporate,Card,Yes,11,2023
INV-01419,2023-11-06,Home Care,HO-018,اهواز,Hypermarket,38102.74,12,5.37,457232.91,28806.96,111549.41,Retail,Transfer,Yes,11,2023
INV-01420,2023-11-07,Home Care,HO-081,شیراز,Supermarket,44870.87,3,16.33,134612.61,32059.15,38435.16,Retail,Card,Yes,11,2023
INV-01421,2023-11-07,Beverages,BE-005,رشت,Hypermarket,73316.13,110,3.84,8064774.76,50063.9,2557745.73,Corporate,Card,No,11,2023
INV-01422,2023-11-08,Home Care,HO-054,اهواز,Wholesale,49109.76,128,1.0,6286049.57,40374.11,1118163.17,Corporate,Card,No,11,2023
INV-01423,2023-11-08,Beverages,BE-024,رشت,Wholesale,76008.25,51,2.27,3876420.91,64728.03,575291.49,Corporate,Card,No,11,2023
INV-01424,2023-11-08,Beverages,BE-115,اصفهان,Supermarket,76122.83,9,1.5,685105.45,55244.04,187909.13,Retail,Transfer,No,11,2023
INV-01425,2023-11-08,Beverages,BE-143,کرج,Online,79772.0,7,2.64,558403.98,59630.69,140989.18,Retail,Transfer,No,11,2023
INV-01426,2023-11-08,Dairy,DA-082,اهواز,Pharmacy,74169.5,1,2.56,74169.5,58164.92,16004.58,Retail,Transfer,No,11,2023
INV-01427,2023-11-08,Dairy,DA-116,کرمانشاه,Wholesale,110432.04,2,5.35,220864.08,94830.84,31202.4,Retail,Cash,No,11,2023
INV-01428,2023-11-09,Home Care,HO-016,قم,Online,51265.02,5,4.0,256325.1,40172.08,55464.72,Retail,Transfer,No,11,2023
INV-01429,2023-11-09,Beverages,BE-080,مشهد,Pharmacy,53754.36,22,21.78,1182595.84,41670.28,265849.62,Corporate,Transfer,Yes,11,2023
INV-01430,2023-11-09,Snacks,SN-111,تهران,Supermarket,50352.17,10,7.87,503521.69,34057.88,162942.92,Retail,POS,Yes,11,2023
INV-01431,2023-11-09,Dairy,DA-100,کرمانشاه,Supermarket,124474.78,27,1.19,3360818.93,88707.79,965708.5,Corporate,Transfer,No,11,2023
INV-01432,2023-11-09,Snacks,SN-050,رشت,Online,53646.72,1,2.87,53646.72,40429.35,13217.37,Retail,POS,No,11,2023
INV-01433,2023-11-09,Dairy,DA-134,کرج,Wholesale,99921.0,142,5.07,14188781.47,79012.26,2969040.77,Corporate,Card,No,11,2023
INV-01434,2023-11-10,Snacks,SN-065,کرمانشاه,Hypermarket,75493.35,52,4.32,3925654.09,55004.89,1065399.79,Corporate,Transfer,No,11,2023
INV-01435,2023-11-10,Beverages,BE-141,قم,Supermarket,76253.29,11,2.59,838786.18,53391.68,251477.74,Retail,POS,No,11,2023
INV-01436,2023-11-10,Personal Care,PE-109,مشهد,Online,107606.69,102,4.0,10975882.59,85492.92,2255604.64,Corporate,Card,No,11,2023
INV-01437,2023-11-10,Dairy,DA-073,قم,Wholesale,102455.97,110,20.34,11270156.87,83166.52,2121839.47,Corporate,Transfer,Yes,11,2023
INV-01438,2023-11-11,Beverages,BE-050,اهواز,Online,69227.74,1,1.59,69227.74,55135.49,14092.25,Retail,Transfer,No,11,2023
INV-01439,2023-11-11,Beverages,BE-115,تهران,Online,69810.83,49,4.0,3420730.83,53722.88,788309.82,Corporate,Card,No,11,2023
INV-01440,2023-11-11,Snacks,SN-147,تبریز,Supermarket,59084.44,8,10.14,472675.51,39549.85,156276.71,Retail,POS,Yes,11,2023
INV-01441,2023-11-12,Home Care,HO-042,کرج,Pharmacy,55390.51,6,5.98,332343.07,44415.69,65848.95,Retail,POS,Yes,11,2023
INV-01442,2023-11-12,Snacks,SN-095,اصفهان,Online,58217.0,74,4.0,4308057.99,46916.66,836225.42,Corporate,Transfer,No,11,2023
INV-01443,2023-11-12,Dairy,DA-026,اصفهان,Hypermarket,112635.64,9,2.27,1013720.73,85851.1,241060.83,Retail,Card,No,11,2023
INV-01444,2023-11-12,Personal Care,PE-052,اصفهان,Pharmacy,110117.59,8,4.0,880940.74,85268.33,198794.09,Retail,Card,No,11,2023
INV-01445,2023-11-12,Snacks,SN-045,رشت,Wholesale,46020.99,114,10.19,5246393.02,37134.83,1013021.88,Corporate,Card,Yes,11,2023
INV-01446,2023-11-12,Snacks,SN-124,کرمانشاه,Pharmacy,57635.37,7,5.66,403447.61,47349.55,72000.77,Retail,Cash,Yes,11,2023
INV-01447,2023-11-12,Snacks,SN-009,اهواز,Pharmacy,68614.06,63,1.08,4322685.74,54704.44,876306.04,Corporate,Card,No,11,2023
INV-01448,2023-11-13,Dairy,DA-069,اصفهان,Supermarket,116822.76,6,9.61,700936.58,85847.48,185851.69,Retail,Card,Yes,11,2023
INV-01449,2023-11-13,Dairy,DA-125,تهران,Online,111993.27,45,4.0,5039697.17,86656.4,1140159.13,Corporate,Card,No,11,2023
INV-01450,2023-11-13,Beverages,BE-013,اهواز,Hypermarket,43634.45,6,7.92,261806.7,33869.03,58592.51,Retail,Card,Yes,11,2023
INV-01451,2023-11-13,Home Care,HO-022,اصفهان,Pharmacy,56081.34,26,4.0,1458114.77,44582.85,298960.65,Corporate,Cash,No,11,2023
INV-01452,2023-11-13,Personal Care,PE-148,کرج,Pharmacy,107268.82,7,1.22,750881.75,89515.84,124270.87,Retail,Card,No,11,2023
INV-01453,2023-11-14,Home Care,HO-056,رشت,Supermarket,68815.08,46,3.04,3165493.5,46461.89,1028246.37,Corporate,Card,No,11,2023
INV-01454,2023-11-14,Personal Care,PE-063,قم,Pharmacy,81174.18,45,18.1,3652838.3,67164.65,630429.25,Corporate,Cash,Yes,11,2023
INV-01455,2023-11-14,Personal Care,PE-123,کرمانشاه,Hypermarket,106406.08,5,1.26,532030.38,81885.66,122602.09,Retail,Transfer,No,11,2023
INV-01456,2023-11-14,Dairy,DA-011,مشهد,Online,98586.47,3,0.16,295759.42,73457.7,75386.33,Retail,Transfer,No,11,2023
INV-01457,2023-11-14,Snacks,SN-029,کرمانشاه,Hypermarket,71143.62,9,1.12,640292.58,48471.11,204052.55,Retail,Cash,No,11,2023
INV-01458,2023-11-14,Home Care,HO-093,قم,Wholesale,50913.34,33,1.83,1680140.33,40817.04,333177.85,Corporate,Cash,No,11,2023
INV-01459,2023-11-14,Home Care,HO-084,اهواز,Hypermarket,48011.08,71,2.61,3408787.03,34795.8,938285.45,Corporate,Cash,No,11,2023
INV-01460,2023-11-14,Dairy,DA-054,قم,Pharmacy,76563.04,58,4.0,4440656.45,61349.5,882385.17,Corporate,Transfer,No,11,2023
INV-01461,2023-11-14,Snacks,SN-070,تبریز,Online,62657.64,10,4.0,626576.38,50007.24,126504.03,Corporate,Cash,No,11,2023
INV-01462,2023-11-14,Snacks,SN-059,رشت,Hypermarket,56085.82,4,5.84,224343.3,39864.94,64883.53,Retail,Transfer,Yes,11,2023
INV-01463,2023-11-14,Home Care,HO-005,تهران,Pharmacy,54989.93,58,4.0,3189415.77,42503.1,724236.12,Corporate,Cash,No,11,2023
INV-01464,2023-11-15,Snacks,SN-090,رشت,Online,55606.97,85,2.71,4726592.5,45130.23,890523.27,Corporate,Card,No,11,2023
INV-01465,2023-11-15,Personal Care,PE-108,کرمانشاه,Online,91174.6,9,10.29,820571.4,70667.31,184565.58,Retail,Card,Yes,11,2023
INV-01466,2023-11-15,Beverages,BE-004,اهواز,Online,54437.27,5,5.22,272186.37,41060.5,66883.85,Retail,Transfer,Yes,11,2023
INV-01467,2023-11-15,Beverages,BE-108,مشهد,Supermarket,53801.03,71,4.38,3819873.05,39646.58,1004965.54,Corporate,Card,No,11,2023
INV-01468,2023-11-16,Personal Care,PE-136,مشهد,Hypermarket,64561.81,9,2.41,581056.27,44782.66,178012.38,Retail,Transfer,No,11,2023
INV-01469,2023-11-16,Personal Care,PE-058,کرج,Pharmacy,114797.0,3,4.0,344391.0,89675.54,75364.37,Retail,Card,No,11,2023
INV-01470,2023-11-16,Dairy,DA-065,رشت,Supermarket,104974.26,7,7.84,734819.84,77694.47,190958.52,Retail,Card,Yes,11,2023
INV-01471,2023-11-16,Snacks,SN-134,مشهد,Wholesale,70962.39,12,5.74,851548.63,55798.95,181961.28,Retail,Card,No,11,2023
INV-01472,2023-11-16,Beverages,BE-146,شیراز,Online,58854.8,1,17.94,58854.8,43043.28,15811.52,Retail,Card,Yes,11,2023
INV-01473,2023-11-17,Snacks,SN-116,تهران,Pharmacy,56355.17,2,4.0,112710.34,45247.6,22215.13,Retail,Card,No,11,2023
INV-01474,2023-11-17,Personal Care,PE-029,کرمانشاه,Hypermarket,91168.5,3,3.26,273505.49,67657.97,70531.58,Retail,Transfer,No,11,2023
INV-01475,2023-11-17,Personal Care,PE-046,کرج,Hypermarket,72909.45,10,14.19,729094.45,54242.18,186672.64,Retail,Transfer,Yes,11,2023
INV-01476,2023-11-18,Personal Care,PE-074,کرمانشاه,Online,95014.29,1,4.0,95014.29,76012.89,19001.4,Retail,Transfer,No,11,2023
INV-01477,2023-11-18,Personal Care,PE-117,تبریز,Wholesale,101267.03,44,5.64,4455749.18,80985.76,892375.81,Corporate,Transfer,No,11,2023
INV-01478,2023-11-18,Home Care,HO-123,اصفهان,Pharmacy,53268.03,3,6.63,159804.09,41072.8,36585.7,Retail,Card,Yes,11,2023
INV-01479,2023-11-19,Dairy,DA-079,تهران,Supermarket,91078.46,72,2.02,6557649.35,62366.65,2067250.44,Corporate,Card,No,11,2023
INV-01480,2023-11-20,Beverages,BE-146,اهواز,Supermarket,58687.82,103,5.32,6044845.84,43199.2,1595327.89,Corporate,Card,No,11,2023
INV-01481,2023-11-20,Dairy,DA-146,رشت,Hypermarket,102178.31,9,4.87,919604.82,69654.23,292716.78,Retail,POS,No,11,2023
INV-01482,2023-11-20,Beverages,BE-039,تهران,Online,57475.74,35,16.57,2011650.95,43637.24,484347.69,Corporate,Card,Yes,11,2023
INV-01483,2023-11-20,Personal Care,PE-109,تهران,Supermarket,90736.34,68,2.83,6170071.25,59934.26,2094541.27,Corporate,Transfer,No,11,2023
INV-01484,2023-11-20,Beverages,BE-049,تهران,Hypermarket,50887.16,2,15.83,101774.32,39417.2,22939.91,Retail,POS,Yes,11,2023
INV-01485,2023-11-20,Dairy,DA-021,اهواز,Pharmacy,117600.01,9,1.16,1058400.09,93355.15,218203.74,Retail,Card,No,11,2023
INV-01486,2023-11-20,Dairy,DA-035,کرج,Online,109584.8,4,2.96,438339.2,80742.57,115368.91,Retail,Card,No,11,2023
INV-01487,2023-11-20,Snacks,SN-084,شیراز,Wholesale,62553.86,27,10.84,1688954.12,50142.32,335111.41,Corporate,POS,Yes,11,2023
INV-01488,2023-11-21,Dairy,DA-099,مشهد,Supermarket,107213.48,4,6.95,428853.91,80334.76,107514.87,Retail,Card,Yes,11,2023
INV-01489,2023-11-21,Snacks,SN-149,تهران,Hypermarket,52976.11,9,10.86,476784.96,36856.61,145075.5,Retail,POS,Yes,11,2023
INV-01490,2023-11-21,Snacks,SN-114,کرمانشاه,Supermarket,69363.77,5,0.03,346818.85,47795.48,107841.47,Retail,Transfer,No,11,2023
INV-01491,2023-11-21,Dairy,DA-125,مشهد,Online,113647.87,1,4.0,113647.87,90397.39,23250.47,Retail,Transfer,No,11,2023
INV-01492,2023-11-21,Dairy,DA-130,کرج,Supermarket,107942.6,3,3.85,323827.81,71422.26,109561.02,Retail,Transfer,No,11,2023
INV-01493,2023-11-21,Personal Care,PE-042,اصفهان,Wholesale,101749.55,15,3.41,1526243.32,81574.77,302621.81,Retail,Cash,No,11,2023
INV-01494,2023-11-22,Beverages,BE-086,کرج,Wholesale,79896.13,6,3.6,479376.8,65987.23,83453.44,Retail,Card,No,11,2023
INV-01495,2023-11-22,Snacks,SN-041,اهواز,Wholesale,64708.68,4,5.42,258834.74,52797.35,47645.32,Retail,Card,No,11,2023
INV-01496,2023-11-22,Personal Care,PE-125,مشهد,Pharmacy,71411.45,1,4.0,71411.45,60587.93,10823.52,Retail,Card,No,11,2023
INV-01497,2023-11-22,Dairy,DA-087,رشت,Hypermarket,103250.73,108,4.31,11151078.55,73384.64,3225537.27,Corporate,Card,No,11,2023
INV-01498,2023-11-22,Snacks,SN-062,کرمانشاه,Pharmacy,65180.25,2,3.53,130360.51,50841.31,28677.89,Retail,POS,No,11,2023
INV-01499,2023-11-22,Snacks,SN-112,شیراز,Supermarket,51928.98,6,0.47,311573.87,38066.26,83176.32,Retail,Transfer,No,11,2023
INV-01500,2023-11-23,Home Care,HO-147,شیراز,Supermarket,59775.06,55,2.28,3287628.54,40180.58,1077696.67,Corporate,Card,No,11,2023
INV-01501,2023-11-23,Home Care,HO-138,مشهد,Supermarket,42841.65,11,4.63,471258.14,31589.9,123769.27,Retail,POS,No,11,2023
INV-01502,2023-11-24,Beverages,BE-097,اصفهان,Wholesale,70798.12,11,2.45,778779.32,57659.41,144525.82,Retail,Transfer,No,11,2023
INV-01503,2023-11-24,Personal Care,PE-040,رشت,Pharmacy,86456.72,3,4.0,259370.17,65708.09,62245.89,Retail,Card,No,11,2023
INV-01504,2023-11-24,Dairy,DA-038,مشهد,Online,119838.24,3,0.13,359514.72,88699.36,93416.65,Retail,Card,No,11,2023
INV-01505,2023-11-24,Dairy,DA-120,مشهد,Wholesale,110184.25,55,1.36,6060133.64,96578.08,748339.42,Corporate,POS,No,11,2023
INV-01506,2023-11-25,Snacks,SN-140,کرج,Wholesale,63399.95,12,12.9,760799.43,55691.52,92501.21,Retail,POS,Yes,11,2023
INV-01507,2023-11-25,Beverages,BE-007,اصفهان,Wholesale,79098.92,7,3.61,553692.43,62837.9,113827.14,Retail,Card,No,11,2023
INV-01508,2023-11-25,Beverages,BE-092,اهواز,Online,68887.96,2,4.0,137775.91,55059.16,27657.59,Retail,Card,No,11,2023
INV-01509,2023-11-25,Home Care,HO-009,مشهد,Pharmacy,53893.04,6,1.88,323358.23,42601.39,67749.88,Retail,Transfer,No,11,2023
INV-01510,2023-11-25,Snacks,SN-150,اصفهان,Pharmacy,74079.54,3,4.0,222238.61,60660.87,40256.01,Retail,Transfer,No,11,2023
INV-01511,2023-11-26,Snacks,SN-015,رشت,Wholesale,60993.83,6,16.97,365962.98,48148.34,77072.92,Retail,Card,Yes,11,2023
INV-01512,2023-11-26,Dairy,DA-119,تهران,Wholesale,95188.62,7,5.24,666320.33,78028.58,120120.27,Retail,Card,No,11,2023
INV-01513,2023-11-26,Personal Care,PE-048,تهران,Pharmacy,71427.06,8,15.22,571416.45,57019.62,115259.45,Retail,Cash,Yes,11,2023
INV-01514,2023-11-26,Snacks,SN-016,اصفهان,Pharmacy,68625.15,1,0.22,68625.15,51578.36,17046.79,Retail,Cash,No,11,2023
INV-01515,2023-11-27,Home Care,HO-113,مشهد,Pharmacy,41673.4,5,4.0,208366.98,32825.73,44238.35,Retail,Cash,No,11,2023
INV-01516,2023-11-27,Personal Care,PE-123,رشت,Pharmacy,100455.05,16,3.72,1607280.76,82007.47,295161.24,Corporate,Transfer,No,11,2023
INV-01517,2023-11-27,Beverages,BE-150,اهواز,Pharmacy,53495.66,7,4.0,374469.6,41450.99,84312.7,Retail,Card,No,11,2023
INV-01518,2023-11-27,Personal Care,PE-028,اصفهان,Hypermarket,113821.92,29,1.04,3300835.8,82904.87,896594.5,Corporate,Transfer,No,11,2023
INV-01519,2023-11-27,Dairy,DA-134,کرمانشاه,Supermarket,114391.86,9,1.51,1029526.73,84573.32,268366.83,Retail,Cash,No,11,2023
INV-01520,2023-11-27,Snacks,SN-018,اصفهان,Supermarket,64941.86,1,5.56,64941.86,47124.87,17816.99,Retail,Card,Yes,11,2023
INV-01521,2023-11-27,Home Care,HO-020,کرج,Wholesale,53219.52,19,2.12,1011170.95,46391.3,129736.18,Corporate,Cash,No,11,2023
INV-01522,2023-11-27,Beverages,BE-103,شیراز,Pharmacy,54255.03,13,8.01,705315.38,41638.27,164017.83,Corporate,Cash,Yes,11,2023
INV-01523,2023-11-27,Snacks,SN-111,رشت,Wholesale,56998.25,5,4.25,284991.27,46995.54,50013.57,Retail,POS,No,11,2023
INV-01524,2023-11-27,Snacks,SN-095,تهران,Pharmacy,74179.7,3,2.57,222539.1,60030.31,42448.17,Retail,Cash,No,11,2023
INV-01525,2023-11-27,Home Care,HO-086,اصفهان,Online,42402.56,68,2.1,2883373.83,32808.91,652367.85,Corporate,Transfer,No,11,2023
INV-01526,2023-11-28,Beverages,BE-098,کرمانشاه,Supermarket,53398.14,43,23.44,2296120.23,40003.87,575953.99,Corporate,Card,Yes,11,2023
INV-01527,2023-11-28,Snacks,SN-058,شیراز,Wholesale,65011.0,10,4.94,650109.98,54129.81,108811.85,Retail,Card,No,11,2023
INV-01528,2023-11-28,Beverages,BE-101,کرج,Hypermarket,60664.58,36,1.64,2183925.02,40950.0,709725.14,Corporate,Card,No,11,2023
INV-01529,2023-11-28,Snacks,SN-131,قم,Wholesale,63554.11,12,4.42,762649.29,55115.57,101262.45,Retail,Cash,No,11,2023
INV-01530,2023-11-29,Beverages,BE-097,رشت,Online,70946.86,7,2.95,496628.04,53051.14,125270.08,Retail,Card,No,11,2023
INV-01531,2023-11-29,Snacks,SN-126,کرمانشاه,Online,43600.69,10,4.0,436006.86,32820.87,107798.11,Retail,Transfer,No,11,2023
INV-01532,2023-11-29,Beverages,BE-103,قم,Supermarket,45729.07,120,18.93,5487488.99,30275.31,1854452.05,Corporate,Transfer,Yes,11,2023
INV-01533,2023-11-29,Personal Care,PE-126,شیراز,Online,97860.86,10,13.42,978608.57,72350.01,255108.42,Retail,Transfer,Yes,11,2023
INV-01534,2023-11-29,Beverages,BE-065,کرج,Supermarket,67442.71,71,10.77,4788432.75,46189.93,1508947.99,Corporate,Transfer,Yes,11,2023
INV-01535,2023-11-29,Dairy,DA-018,قم,Supermarket,94520.73,83,1.81,7845220.98,69841.56,2048371.34,Corporate,Transfer,No,11,2023
INV-01536,2023-11-30,Home Care,HO-020,قم,Supermarket,54665.22,1,1.34,54665.22,38804.51,15860.71,Retail,POS,No,11,2023
INV-01537,2023-11-30,Dairy,DA-131,شیراز,Pharmacy,118645.63,83,1.59,9847587.65,93336.16,2100686.47,Corporate,POS,No,11,2023
INV-01538,2023-11-30,Dairy,DA-054,اهواز,Pharmacy,111639.51,4,1.7,446558.06,88919.52,90879.97,Retail,Transfer,No,11,2023
INV-01539,2023-12-01,Snacks,SN-020,شیراز,Pharmacy,56774.5,8,12.06,454195.98,44082.38,101536.95,Retail,Card,Yes,12,2023
INV-01540,2023-12-01,Dairy,DA-090,قم,Hypermarket,85171.66,4,4.19,340686.66,64388.61,83132.22,Retail,Transfer,No,12,2023
INV-01541,2023-12-01,Personal Care,PE-081,اهواز,Supermarket,87363.66,3,4.51,262090.98,63932.39,70293.83,Retail,Card,No,12,2023
INV-01542,2023-12-01,Dairy,DA-118,قم,Pharmacy,116781.26,4,3.92,467125.04,94078.08,90812.73,Retail,Card,No,12,2023
INV-01543,2023-12-02,Snacks,SN-141,کرج,Wholesale,66438.54,12,2.29,797262.47,57278.64,109918.74,Retail,Card,No,12,2023
INV-01544,2023-12-02,Snacks,SN-114,اهواز,Hypermarket,60065.91,5,2.39,300329.53,41401.64,93321.32,Retail,Transfer,No,12,2023
INV-01545,2023-12-02,Home Care,HO-006,کرمانشاه,Pharmacy,77879.71,7,1.65,545157.97,65430.11,87147.24,Retail,Cash,No,12,2023
INV-01546,2023-12-02,Personal Care,PE-001,اصفهان,Wholesale,108144.09,141,0.39,15248316.1,85030.71,3258986.09,Corporate,Cash,No,12,2023
INV-01547,2023-12-02,Home Care,HO-050,کرمانشاه,Hypermarket,53384.57,1,1.32,53384.57,38072.45,15312.12,Retail,Card,No,12,2023
INV-01548,2023-12-02,Personal Care,PE-134,شیراز,Online,99331.67,7,13.56,695321.66,75488.49,166902.25,Retail,Cash,Yes,12,2023
INV-01549,2023-12-02,Home Care,HO-056,اصفهان,Online,54064.68,4,4.0,216258.74,41682.08,49530.43,Retail,Cash,No,12,2023
INV-01550,2023-12-03,Personal Care,PE-043,کرمانشاه,Supermarket,114172.66,10,0.46,1141726.59,84393.61,297790.47,Retail,Transfer,No,12,2023
INV-01551,2023-12-03,Snacks,SN-002,کرمانشاه,Online,59558.16,4,0.82,238232.64,47286.37,49087.15,Retail,POS,No,12,2023
INV-01552,2023-12-04,Home Care,HO-139,اصفهان,Online,56086.66,26,4.0,1458253.11,43262.82,333419.82,Corporate,Transfer,No,12,2023
INV-01553,2023-12-04,Dairy,DA-145,کرج,Wholesale,113812.89,1,5.82,113812.89,90547.4,23265.5,Retail,Card,Yes,12,2023
INV-01554,2023-12-04,Personal Care,PE-127,مشهد,Pharmacy,119620.96,9,2.18,1076588.66,100835.61,169068.21,Retail,Cash,No,12,2023
INV-01555,2023-12-04,Home Care,HO-088,مشهد,Wholesale,49875.47,6,5.98,299252.8,41940.03,47612.59,Retail,Card,No,12,2023
INV-01556,2023-12-04,Home Care,HO-022,تهران,Wholesale,55558.2,14,2.27,777814.87,45637.91,138884.08,Retail,Cash,No,12,2023
INV-01557,2023-12-04,Personal Care,PE-088,کرمانشاه,Hypermarket,82261.67,11,17.25,904878.42,63764.28,203471.35,Retail,Card,Yes,12,2023
INV-01558,2023-12-04,Dairy,DA-009,رشت,Online,107910.48,13,3.49,1402836.2,78151.64,386864.93,Corporate,Card,No,12,2023
INV-01559,2023-12-04,Dairy,DA-050,قم,Wholesale,108084.04,53,3.68,5728453.91,84683.73,1240216.11,Corporate,Transfer,No,12,2023
INV-01560,2023-12-04,Home Care,HO-120,تهران,Supermarket,55595.85,114,1.33,6337926.64,37840.52,2024107.41,Corporate,POS,No,12,2023
INV-01561,2023-12-04,Snacks,SN-042,شیراز,Online,46762.67,45,2.93,2104320.3,37819.18,402457.06,Corporate,Transfer,No,12,2023
INV-01562,2023-12-05,Home Care,HO-089,مشهد,Pharmacy,54019.03,53,13.9,2863008.76,44918.16,482346.08,Corporate,Card,Yes,12,2023
INV-01563,2023-12-05,Beverages,BE-128,قم,Hypermarket,70042.69,4,3.32,280170.77,48322.4,86881.18,Retail,POS,No,12,2023
INV-01564,2023-12-05,Personal Care,PE-005,تبریز,Pharmacy,105551.72,4,3.72,422206.89,83895.6,86624.49,Retail,Card,No,12,2023
INV-01565,2023-12-05,Home Care,HO-062,کرمانشاه,Online,57337.17,9,2.82,516034.51,43996.46,120066.37,Retail,Card,No,12,2023
INV-01566,2023-12-06,Personal Care,PE-038,تبریز,Wholesale,95875.61,9,4.48,862880.46,82495.39,120421.98,Retail,Transfer,No,12,2023
INV-01567,2023-12-06,Beverages,BE-023,اصفهان,Wholesale,57186.52,3,1.68,171559.55,44612.04,37723.42,Retail,Card,No,12,2023
INV-01568,2023-12-06,Beverages,BE-076,رشت,Pharmacy,64688.06,9,1.36,582192.54,50324.09,129275.72,Retail,Card,No,12,2023
INV-01569,2023-12-07,Snacks,SN-063,مشهد,Wholesale,49348.9,151,5.01,7451684.54,41697.13,1155418.59,Corporate,Cash,No,12,2023
INV-01570,2023-12-07,Home Care,HO-082,کرج,Pharmacy,65934.25,1,1.63,65934.25,53357.32,12576.92,Retail,Card,No,12,2023
INV-01571,2023-12-07,Snacks,SN-079,شیراز,Supermarket,64199.51,115,5.32,7382943.94,44627.91,2250734.18,Corporate,Card,No,12,2023
INV-01572,2023-12-07,Beverages,BE-122,کرج,Online,81613.83,66,2.25,5386513.09,62064.48,1290257.37,Corporate,Transfer,No,12,2023
INV-01573,2023-12-07,Beverages,BE-066,تهران,Supermarket,79744.95,9,3.05,717704.55,54790.42,224590.77,Retail,Transfer,No,12,2023
INV-01574,2023-12-07,Dairy,DA-024,مشهد,Supermarket,116788.49,2,2.58,233576.99,78694.78,76187.42,Retail,POS,No,12,2023
INV-01575,2023-12-09,Home Care,HO-117,اهواز,Wholesale,58147.92,72,5.23,4186650.13,46781.35,818392.63,Corporate,Transfer,No,12,2023
INV-01576,2023-12-09,Beverages,BE-060,کرمانشاه,Wholesale,60557.18,12,4.76,726686.17,48878.14,140148.46,Retail,Cash,No,12,2023
INV-01577,2023-12-09,Dairy,DA-065,اهواز,Hypermarket,93822.84,70,3.02,6567598.99,64662.87,2041198.12,Corporate,Card,No,12,2023
INV-01578,2023-12-09,Snacks,SN-042,مشهد,Online,71316.89,9,0.93,641851.97,55615.69,141310.75,Retail,Card,No,12,2023
INV-01579,2023-12-09,Personal Care,PE-108,کرمانشاه,Hypermarket,87343.63,12,3.36,1048123.55,66046.68,255563.36,Retail,Card,No,12,2023
INV-01580,2023-12-10,Personal Care,PE-066,کرج,Pharmacy,86461.77,5,1.59,432308.87,66073.88,101939.46,Retail,Card,No,12,2023
INV-01581,2023-12-10,Beverages,BE-109,کرمانشاه,Hypermarket,59750.99,8,11.23,478007.95,42306.92,139552.61,Retail,Card,Yes,12,2023
INV-01582,2023-12-10,Dairy,DA-113,کرج,Wholesale,93324.19,84,17.9,7839232.19,72872.79,1717917.81,Corporate,POS,Yes,12,2023
INV-01583,2023-12-10,Home Care,HO-011,تبریز,Hypermarket,49837.85,86,2.66,4286055.27,35263.92,1253357.84,Corporate,POS,No,12,2023
INV-01584,2023-12-11,Beverages,BE-091,شیراز,Wholesale,56774.03,6,6.17,340644.2,46416.76,62143.62,Retail,Card,Yes,12,2023
INV-01585,2023-12-11,Dairy,DA-030,تهران,Wholesale,117617.26,10,1.58,1176172.63,98405.15,192121.11,Retail,Transfer,No,12,2023
INV-01586,2023-12-11,Beverages,BE-021,کرج,Online,68428.44,4,4.0,273713.77,56061.08,49469.43,Retail,Card,No,12,2023
INV-01587,2023-12-11,Beverages,BE-142,تهران,Supermarket,55801.62,81,5.95,4519930.86,41113.46,1189740.9,Corporate,Card,No,12,2023
INV-01588,2023-12-11,Snacks,SN-026,کرج,Online,68716.81,2,3.12,137433.63,50971.14,35491.34,Retail,Card,No,12,2023
INV-01589,2023-12-11,Beverages,BE-090,تهران,Hypermarket,43536.13,11,17.71,478897.44,33502.27,110372.45,Retail,Transfer,Yes,12,2023
INV-01590,2023-12-11,Personal Care,PE-081,اصفهان,Pharmacy,76241.93,3,17.46,228725.8,63839.86,37206.23,Retail,Cash,Yes,12,2023
INV-01591,2023-12-11,Home Care,HO-027,رشت,Supermarket,47383.5,60,11.41,2843010.14,34748.73,758086.29,Corporate,Transfer,Yes,12,2023
INV-01592,2023-12-12,Personal Care,PE-090,کرج,Supermarket,104227.78,103,8.61,10735461.21,73787.91,3135306.51,Corporate,Cash,Yes,12,2023
INV-01593,2023-12-12,Snacks,SN-015,قم,Wholesale,63459.71,6,1.34,380758.23,54876.92,51496.69,Retail,Transfer,No,12,2023
INV-01594,2023-12-12,Dairy,DA-016,تبریز,Online,114357.18,78,2.74,8919859.97,88092.12,2048674.91,Corporate,Card,No,12,2023
INV-01595,2023-12-13,Snacks,SN-100,شیراز,Wholesale,72043.56,9,5.82,648392.01,57945.3,126884.28,Retail,POS,No,12,2023
INV-01596,2023-12-13,Snacks,SN-102,قم,Supermarket,70187.09,12,1.49,842245.06,51464.0,224677.09,Retail,Card,No,12,2023
INV-01597,2023-12-13,Beverages,BE-024,رشت,Supermarket,47770.46,5,4.95,238852.32,33241.32,72645.7,Retail,Card,No,12,2023
INV-01598,2023-12-13,Personal Care,PE-087,کرج,Wholesale,89133.04,6,1.73,534798.25,73277.03,95136.05,Retail,Transfer,No,12,2023
INV-01599,2023-12-13,Snacks,SN-046,تبریز,Supermarket,57524.0,8,15.21,460192.02,39464.92,144472.67,Retail,Transfer,Yes,12,2023
INV-01600,2023-12-13,Snacks,SN-049,قم,Online,56275.08,7,2.48,393925.56,42539.72,96147.53,Retail,Card,No,12,2023
INV-01601,2023-12-14,Personal Care,PE-055,کرمانشاه,Wholesale,91594.89,122,20.28,11174576.29,78215.84,1632243.41,Corporate,Cash,Yes,12,2023
INV-01602,2023-12-14,Snacks,SN-019,اهواز,Pharmacy,77429.73,7,0.07,542008.11,62040.12,107727.28,Retail,Card,No,12,2023
INV-01603,2023-12-14,Beverages,BE-091,شیراز,Hypermarket,77209.49,30,5.79,2316284.81,51733.33,764284.87,Corporate,Transfer,No,12,2023
INV-01604,2023-12-14,Snacks,SN-060,تبریز,Pharmacy,40071.99,24,20.47,961727.66,30211.44,236653.02,Corporate,Card,Yes,12,2023
INV-01605,2023-12-15,Snacks,SN-123,کرمانشاه,Supermarket,50909.44,12,0.93,610913.31,37285.75,163484.28,Retail,Cash,No,12,2023
INV-01606,2023-12-15,Dairy,DA-038,تبریز,Pharmacy,139860.47,54,1.55,7552465.36,115095.86,1337288.78,Corporate,Cash,No,12,2023
INV-01607,2023-12-15,Personal Care,PE-087,مشهد,Wholesale,107318.76,4,7.71,429275.06,87050.24,81074.11,Retail,Cash,Yes,12,2023
INV-01608,2023-12-15,Snacks,SN-020,تبریز,Online,73644.29,8,1.66,589154.3,56557.08,136697.64,Retail,Card,No,12,2023
INV-01609,2023-12-16,Home Care,HO-129,مشهد,Wholesale,63883.93,13,0.43,830491.03,50393.34,175377.57,Retail,Card,No,12,2023
INV-01610,2023-12-16,Dairy,DA-052,تبریز,Pharmacy,112762.79,7,3.17,789339.56,94228.94,129737.01,Retail,Cash,No,12,2023
INV-01611,2023-12-16,Personal Care,PE-061,رشت,Supermarket,96857.58,1,1.7,96857.58,66019.51,30838.07,Retail,Transfer,No,12,2023
INV-01612,2023-12-16,Dairy,DA-147,رشت,Hypermarket,124653.67,1,0.82,124653.67,87452.82,37200.84,Retail,Card,No,12,2023
INV-01613,2023-12-16,Home Care,HO-027,قم,Online,60852.51,11,3.5,669377.62,49419.61,125761.88,Corporate,Cash,No,12,2023
INV-01614,2023-12-17,Dairy,DA-094,اصفهان,Hypermarket,112163.91,4,0.12,448655.64,84612.76,110204.61,Retail,Transfer,No,12,2023
INV-01615,2023-12-17,Personal Care,PE-034,اصفهان,Wholesale,104006.49,27,1.22,2808175.22,82381.49,583875.02,Corporate,Transfer,No,12,2023
INV-01616,2023-12-17,Snacks,SN-011,تهران,Hypermarket,62285.28,6,2.88,373711.7,46716.13,93414.95,Retail,Card,No,12,2023
INV-01617,2023-12-18,Home Care,HO-050,تبریز,Hypermarket,62712.31,8,0.8,501698.47,46855.13,126857.4,Retail,Transfer,No,12,2023
INV-01618,2023-12-18,Beverages,BE-040,کرج,Hypermarket,66360.91,22,1.61,1459940.01,51746.5,321517.09,Corporate,Transfer,No,12,2023
INV-01619,2023-12-18,Home Care,HO-097,قم,Pharmacy,44680.77,8,1.23,357446.14,34564.71,80928.47,Retail,Card,No,12,2023
INV-01620,2023-12-18,Beverages,BE-147,رشت,Supermarket,72404.9,3,0.49,217214.71,48315.94,72266.88,Retail,Transfer,No,12,2023
INV-01621,2023-12-18,Dairy,DA-027,اهواز,Supermarket,132872.59,11,0.9,1461598.48,91371.83,456508.38,Retail,Card,No,12,2023
INV-01622,2023-12-18,Dairy,DA-149,رشت,Online,77757.93,72,24.94,5598571.2,58545.2,1383316.9,Corporate,Card,Yes,12,2023
INV-01623,2023-12-18,Snacks,SN-110,اصفهان,Hypermarket,64770.5,124,8.86,8031542.44,47533.68,2137366.02,Corporate,Transfer,Yes,12,2023
INV-01624,2023-12-18,Beverages,BE-126,تهران,Hypermarket,69965.2,6,9.67,419791.2,54119.42,95074.68,Retail,Card,Yes,12,2023
INV-01625,2023-12-18,Personal Care,PE-105,تهران,Pharmacy,96114.1,20,4.0,1922282.07,74768.77,426906.68,Corporate,POS,No,12,2023
INV-01626,2023-12-18,Dairy,DA-050,اصفهان,Supermarket,110586.62,2,5.46,221173.24,79593.56,61986.12,Retail,Cash,No,12,2023
INV-01627,2023-12-19,Personal Care,PE-098,شیراز,Wholesale,90599.21,108,21.36,9784714.98,73422.56,1855078.44,Corporate,Transfer,Yes,12,2023
INV-01628,2023-12-19,Snacks,SN-146,مشهد,Wholesale,46665.21,120,20.87,5599825.66,41037.83,675286.02,Corporate,POS,Yes,12,2023
INV-01629,2023-12-19,Personal Care,PE-054,کرمانشاه,Supermarket,79131.24,7,3.28,553918.68,58103.52,147194.01,Retail,Card,No,12,2023
INV-01630,2023-12-20,Personal Care,PE-105,تبریز,Wholesale,107766.46,113,4.76,12177610.4,91718.85,1813380.84,Corporate,Card,No,12,2023
INV-01631,2023-12-20,Beverages,BE-079,کرج,Hypermarket,64108.12,6,7.39,384648.7,45087.57,114123.26,Retail,Card,Yes,12,2023
INV-01632,2023-12-20,Snacks,SN-058,اصفهان,Hypermarket,59959.37,2,3.17,119918.74,45104.78,29709.19,Retail,Card,No,12,2023
INV-01633,2023-12-20,Home Care,HO-015,کرمانشاه,Online,47464.64,10,9.99,474646.44,36910.57,105540.71,Retail,Transfer,Yes,12,2023
INV-01634,2023-12-20,Beverages,BE-021,مشهد,Pharmacy,70682.25,5,7.32,353411.25,58350.22,61660.14,Retail,Cash,Yes,12,2023
INV-01635,2023-12-21,Dairy,DA-091,شیراز,Online,89092.47,66,18.28,5880103.3,69617.84,1285326.01,Corporate,Cash,Yes,12,2023
INV-01636,2023-12-21,Beverages,BE-019,اصفهان,Pharmacy,62164.09,69,3.3,4289322.15,51436.52,740202.09,Corporate,Card,No,12,2023
INV-01637,2023-12-21,Snacks,SN-080,اهواز,Pharmacy,64879.89,65,3.94,4217192.89,49721.66,985284.71,Corporate,Cash,No,12,2023
INV-01638,2023-12-21,Personal Care,PE-113,کرج,Supermarket,90481.94,4,2.99,361927.74,67189.91,93168.1,Retail,Card,No,12,2023
INV-01639,2023-12-21,Dairy,DA-032,کرمانشاه,Online,111458.7,3,1.11,334376.09,91053.55,61215.45,Retail,Cash,No,12,2023
INV-01640,2023-12-22,Snacks,SN-121,مشهد,Hypermarket,67293.7,32,3.28,2153398.24,52224.59,482211.35,Corporate,Transfer,No,12,2023
INV-01641,2023-12-22,Personal Care,PE-068,قم,Hypermarket,88433.93,12,8.49,1061207.14,67742.56,248296.45,Corporate,Transfer,Yes,12,2023
INV-01642,2023-12-22,Dairy,DA-009,مشهد,Online,89082.7,70,0.25,6235789.16,72858.27,1135710.03,Corporate,Card,No,12,2023
INV-01643,2023-12-23,Beverages,BE-008,شیراز,Supermarket,59419.9,2,4.84,118839.8,44102.05,30635.71,Retail,Cash,No,12,2023
INV-01644,2023-12-23,Personal Care,PE-120,کرج,Hypermarket,99824.4,7,0.11,698770.82,74553.88,176893.64,Retail,Card,No,12,2023
INV-01645,2023-12-23,Personal Care,PE-129,کرمانشاه,Hypermarket,113911.02,74,4.89,8429415.21,87282.57,1970504.67,Corporate,Card,No,12,2023
INV-01646,2023-12-23,Beverages,BE-139,تبریز,Supermarket,60193.44,1,3.67,60193.44,45014.68,15178.75,Retail,Transfer,No,12,2023
INV-01647,2023-12-23,Dairy,DA-020,تبریز,Pharmacy,115362.89,81,0.42,9344394.0,97990.34,1407176.67,Corporate,POS,No,12,2023
INV-01648,2023-12-23,Dairy,DA-139,کرمانشاه,Pharmacy,102168.67,6,4.0,613012.01,77288.62,149280.26,Retail,Cash,No,12,2023
INV-01649,2023-12-24,Personal Care,PE-007,شیراز,Wholesale,96686.34,1,2.56,96686.34,77455.67,19230.66,Retail,Card,No,12,2023
INV-01650,2023-12-24,Snacks,SN-038,تهران,Hypermarket,65325.75,103,1.1,6728552.14,45810.62,2010058.55,Corporate,Transfer,No,12,2023
INV-01651,2023-12-24,Snacks,SN-141,تبریز,Wholesale,63435.9,13,4.38,824666.74,51177.6,159357.95,Retail,Card,No,12,2023
INV-01652,2023-12-24,Beverages,BE-071,اصفهان,Hypermarket,68096.79,102,1.17,6945873.08,48995.38,1948344.17,Corporate,Card,No,12,2023
INV-01653,2023-12-24,Personal Care,PE-034,شیراز,Wholesale,97514.92,136,5.59,13262029.36,85321.38,1658321.66,Corporate,Card,No,12,2023
INV-01654,2023-12-24,Snacks,SN-059,کرج,Pharmacy,75371.81,87,1.33,6557347.16,63474.14,1035097.23,Corporate,POS,No,12,2023
INV-01655,2023-12-25,Snacks,SN-060,شیراز,Pharmacy,53842.97,76,12.12,4092066.06,41848.19,911603.85,Corporate,Cash,Yes,12,2023
INV-01656,2023-12-25,Beverages,BE-127,قم,Pharmacy,57427.01,6,0.24,344562.05,46289.02,66827.91,Retail,POS,No,12,2023
INV-01657,2023-12-25,Beverages,BE-127,قم,Supermarket,76276.0,11,4.77,839036.05,52508.01,261447.9,Retail,Card,No,12,2023
INV-01658,2023-12-25,Snacks,SN-127,مشهد,Pharmacy,75449.86,7,1.5,528149.02,58490.99,118712.07,Retail,Transfer,No,12,2023
INV-01659,2023-12-25,Dairy,DA-118,تبریز,Pharmacy,132779.51,2,7.68,265559.03,109301.09,46956.85,Retail,Transfer,Yes,12,2023
INV-01660,2023-12-26,Snacks,SN-019,مشهد,Online,55066.49,1,9.34,55066.49,43452.69,11613.8,Retail,Card,Yes,12,2023
INV-01661,2023-12-26,Beverages,BE-069,شیراز,Wholesale,70973.78,7,10.97,496816.47,59667.3,79145.39,Retail,POS,Yes,12,2023
INV-01662,2023-12-26,Dairy,DA-130,شیراز,Hypermarket,88327.21,1,3.33,88327.21,63458.34,24868.87,Retail,Card,No,12,2023
INV-01663,2023-12-26,Dairy,DA-013,مشهد,Wholesale,115895.99,6,12.97,695375.94,98697.36,103191.8,Retail,Card,Yes,12,2023
INV-01664,2023-12-26,Home Care,HO-037,مشهد,Wholesale,59522.3,1,1.49,59522.3,51474.6,8047.71,Retail,Transfer,No,12,2023
INV-01665,2023-12-26,Home Care,HO-081,کرمانشاه,Hypermarket,47755.47,5,8.78,238777.35,35810.09,59726.91,Retail,Transfer,Yes,12,2023
INV-01666,2023-12-27,Home Care,HO-060,تهران,Pharmacy,43653.06,1,0.31,43653.06,36099.51,7553.55,Retail,Transfer,No,12,2023
INV-01667,2023-12-27,Dairy,DA-146,اهواز,Pharmacy,109913.23,3,0.61,329739.7,89401.6,61534.89,Retail,POS,No,12,2023
INV-01668,2023-12-27,Beverages,BE-107,مشهد,Supermarket,63670.89,54,19.58,3438228.31,41391.21,1203102.82,Corporate,Cash,Yes,12,2023
INV-01669,2023-12-27,Personal Care,PE-077,قم,Pharmacy,95506.75,63,11.91,6016925.52,72188.18,1469069.87,Corporate,Transfer,Yes,12,2023
INV-01670,2023-12-28,Personal Care,PE-089,شیراز,Wholesale,86549.18,2,12.4,173098.36,73505.1,26088.15,Retail,Transfer,Yes,12,2023
INV-01671,2023-12-28,Snacks,SN-066,کرمانشاه,Supermarket,57530.14,8,3.44,460241.13,38745.03,150280.87,Retail,Card,No,12,2023
INV-01672,2023-12-28,Beverages,BE-128,تبریز,Online,77179.2,63,0.59,4862289.68,57437.76,1243710.59,Corporate,Card,No,12,2023
INV-01673,2023-12-28,Home Care,HO-068,قم,Wholesale,43270.77,9,1.86,389436.96,35636.69,68706.71,Retail,Transfer,No,12,2023
INV-01674,2023-12-28,Beverages,BE-085,اصفهان,Wholesale,72684.78,4,0.05,290739.1,58292.21,57570.26,Retail,Transfer,No,12,2023
INV-01675,2023-12-29,Dairy,DA-103,کرمانشاه,Wholesale,99085.69,6,3.44,594514.12,85331.13,82527.35,Retail,Transfer,No,12,2023
INV-01676,2023-12-29,Personal Care,PE-138,تهران,Supermarket,116181.61,9,2.34,1045634.48,83294.58,295983.3,Retail,POS,No,12,2023
INV-01677,2023-12-29,Home Care,HO-144,کرج,Hypermarket,55408.48,67,5.93,3712367.85,42696.23,851720.25,Corporate,POS,No,12,2023
INV-01678,2023-12-29,Home Care,HO-095,اهواز,Pharmacy,37811.25,4,12.38,151245.01,30038.71,31090.19,Retail,Card,Yes,12,2023
INV-01679,2023-12-29,Personal Care,PE-090,قم,Supermarket,97577.21,75,4.05,7318290.59,70539.84,2027802.93,Corporate,POS,No,12,2023
INV-01680,2023-12-29,Snacks,SN-068,کرمانشاه,Hypermarket,57137.0,8,15.77,457096.03,41562.14,124598.93,Retail,Card,Yes,12,2023
INV-01681,2023-12-29,Dairy,DA-022,رشت,Pharmacy,108394.79,64,4.0,6937266.51,87538.53,1334800.73,Corporate,Transfer,No,12,2023
INV-01682,2023-12-29,Dairy,DA-112,کرج,Pharmacy,72780.41,70,4.0,5094628.44,58261.66,1016312.56,Corporate,Transfer,No,12,2023
INV-01683,2023-12-30,Personal Care,PE-135,تهران,Supermarket,98707.51,10,0.05,987075.1,71277.27,274302.42,Retail,Cash,No,12,2023
INV-01684,2023-12-30,Home Care,HO-025,قم,Supermarket,61916.28,3,0.43,185748.83,43617.57,54896.12,Retail,Card,No,12,2023
INV-01685,2023-12-31,Home Care,HO-007,کرمانشاه,Online,61667.21,67,1.31,4131703.38,46442.85,1020032.73,Corporate,POS,No,12,2023
INV-01686,2023-12-31,Snacks,SN-112,کرج,Supermarket,48649.9,8,9.0,389199.22,35476.88,105384.16,Retail,Cash,Yes,12,2023
INV-01687,2024-01-01,Personal Care,PE-077,کرمانشاه,Wholesale,104667.38,17,5.62,1779345.47,91624.8,221723.85,Corporate,Card,No,1,2024
INV-01688,2024-01-01,Dairy,DA-063,تبریز,Hypermarket,93484.32,12,5.03,1121811.85,69836.04,283779.39,Retail,Transfer,No,1,2024
INV-01689,2024-01-01,Home Care,HO-125,کرج,Online,52574.52,8,2.51,420596.14,39943.78,101045.9,Retail,Transfer,No,1,2024
INV-01690,2024-01-01,Beverages,BE-049,رشت,Online,65635.11,71,24.43,4660092.64,47722.25,1271813.09,Corporate,Cash,Yes,1,2024
INV-01691,2024-01-01,Beverages,BE-028,اصفهان,Online,66776.47,6,4.0,400658.85,48810.73,107794.45,Retail,Transfer,No,1,2024
INV-01692,2024-01-01,Home Care,HO-092,تبریز,Supermarket,48500.25,11,13.41,533502.71,35384.9,144268.77,Retail,Card,Yes,1,2024
INV-01693,2024-01-01,Home Care,HO-141,تبریز,Hypermarket,52191.01,16,5.23,835056.17,37920.47,228328.67,Corporate,Card,No,1,2024
INV-01694,2024-01-02,Beverages,BE-017,تهران,Pharmacy,68462.28,6,1.15,410773.71,53793.37,88013.47,Retail,Cash,No,1,2024
INV-01695,2024-01-02,Beverages,BE-129,تبریز,Supermarket,58929.4,7,5.27,412505.8,40485.76,129105.5,Retail,Card,No,1,2024
INV-01696,2024-01-02,Dairy,DA-129,اصفهان,Wholesale,98867.84,14,5.49,1384149.77,83806.28,210861.88,Retail,Cash,No,1,2024
INV-01697,2024-01-02,Beverages,BE-136,اهواز,Wholesale,74150.63,40,4.89,2966025.39,61562.6,503521.52,Corporate,Cash,No,1,2024
INV-01698,2024-01-03,Dairy,DA-133,مشهد,Supermarket,122188.56,9,5.44,1099697.06,80260.78,377350.06,Retail,Cash,Yes,1,2024
INV-01699,2024-01-03,Personal Care,PE-019,اهواز,Wholesale,84515.51,96,11.37,8113489.27,69165.72,1473579.97,Corporate,POS,Yes,1,2024
INV-01700,2024-01-03,Beverages,BE-115,تهران,Wholesale,84938.12,68,3.51,5775792.39,68499.73,1117810.92,Corporate,Card,No,1,2024
INV-01701,2024-01-03,Beverages,BE-014,قم,Wholesale,72610.01,146,4.84,10601060.92,59824.35,1866706.41,Corporate,POS,No,1,2024
INV-01702,2024-01-03,Home Care,HO-072,رشت,Wholesale,61747.56,100,1.94,6174755.7,49329.88,1241767.6,Corporate,Card,No,1,2024
INV-01703,2024-01-03,Snacks,SN-059,اصفهان,Online,60063.79,8,16.52,480510.31,46309.92,110030.95,Retail,Card,Yes,1,2024
INV-01704,2024-01-04,Dairy,DA-030,تهران,Supermarket,102405.82,12,15.64,1228869.78,72763.71,355705.26,Retail,Cash,Yes,1,2024
INV-01705,2024-01-04,Snacks,SN-090,کرمانشاه,Wholesale,76395.77,9,0.92,687561.91,64870.17,103730.36,Retail,Card,No,1,2024
INV-01706,2024-01-04,Beverages,BE-044,اصفهان,Wholesale,75498.5,114,10.13,8606829.29,63266.4,1394460.23,Corporate,Transfer,Yes,1,2024
INV-01707,2024-01-05,Personal Care,PE-093,شیراز,Hypermarket,98642.16,8,1.24,789137.27,70225.53,227333.03,Retail,Transfer,No,1,2024
INV-01708,2024-01-05,Snacks,SN-059,کرمانشاه,Online,56170.42,2,2.78,112340.83,42637.07,27066.69,Retail,Card,No,1,2024
INV-01709,2024-01-05,Beverages,BE-064,اهواز,Supermarket,68529.22,4,5.92,274116.9,47223.7,85222.1,Retail,Transfer,No,1,2024
INV-01710,2024-01-05,Personal Care,PE-111,کرمانشاه,Hypermarket,112277.97,86,5.2,9655905.0,79907.75,2783838.09,Corporate,POS,No,1,2024
INV-01711,2024-01-05,Dairy,DA-073,مشهد,Pharmacy,132264.58,39,1.35,5158318.75,103529.44,1120670.45,Corporate,Card,No,1,2024
INV-01712,2024-01-06,Home Care,HO-108,تبریز,Supermarket,48019.59,6,13.3,288117.53,35113.19,77438.4,Retail,Cash,Yes,1,2024
INV-01713,2024-01-06,Snacks,SN-058,شیراز,Pharmacy,59383.17,43,14.85,2553476.18,44966.29,619925.53,Corporate,Cash,Yes,1,2024
INV-01714,2024-01-06,Dairy,DA-116,کرج,Pharmacy,115344.1,5,3.99,576720.49,95356.56,99937.67,Retail,Cash,No,1,2024
INV-01715,2024-01-06,Home Care,HO-001,شیراز,Supermarket,55742.15,3,12.47,167226.45,39371.18,49112.91,Retail,Cash,Yes,1,2024
INV-01716,2024-01-06,Snacks,SN-043,اهواز,Online,71865.98,7,2.78,503061.83,54875.1,118936.1,Retail,Card,No,1,2024
INV-01717,2024-01-06,Dairy,DA-023,تبریز,Online,95208.88,20,20.17,1904177.53,73222.35,439730.56,Corporate,Cash,Yes,1,2024
INV-01718,2024-01-06,Personal Care,PE-031,تبریز,Supermarket,94154.73,4,0.12,376618.93,68563.57,102364.66,Retail,Card,No,1,2024
INV-01719,2024-01-07,Home Care,HO-024,اهواز,Pharmacy,46340.25,8,3.37,370722.02,35547.27,86343.87,Retail,Card,No,1,2024
INV-01720,2024-01-07,Snacks,SN-045,اصفهان,Pharmacy,65375.99,83,4.0,5426207.4,53691.99,969771.83,Corporate,Cash,No,1,2024
INV-01721,2024-01-07,Beverages,BE-046,مشهد,Online,63897.7,2,2.99,127795.4,48641.78,30511.85,Retail,POS,No,1,2024
INV-01722,2024-01-07,Snacks,SN-147,تبریز,Hypermarket,63448.21,30,2.06,1903446.3,44572.92,566258.78,Corporate,Transfer,No,1,2024
INV-01723,2024-01-07,Personal Care,PE-090,کرج,Hypermarket,92178.4,123,1.48,11337942.8,65007.59,3342009.36,Corporate,Card,No,1,2024
INV-01724,2024-01-07,Home Care,HO-098,رشت,Hypermarket,61416.64,97,2.98,5957414.56,44212.68,1668784.3,Corporate,Card,No,1,2024
INV-01725,2024-01-07,Home Care,HO-018,اصفهان,Wholesale,49101.26,2,15.24,98202.52,38846.04,20510.43,Retail,POS,Yes,1,2024
INV-01726,2024-01-07,Home Care,HO-048,مشهد,Hypermarket,56877.14,6,1.62,341262.85,38267.69,111656.74,Retail,Cash,No,1,2024
INV-01727,2024-01-08,Dairy,DA-145,اهواز,Hypermarket,123933.13,9,3.34,1115398.19,86986.5,332519.73,Retail,Card,No,1,2024
INV-01728,2024-01-08,Personal Care,PE-024,رشت,Hypermarket,97141.28,20,2.14,1942825.6,73384.08,475143.94,Corporate,Transfer,No,1,2024
INV-01729,2024-01-08,Home Care,HO-137,قم,Pharmacy,49840.23,42,1.53,2093289.71,39704.21,425712.71,Corporate,Transfer,No,1,2024
INV-01730,2024-01-08,Snacks,SN-070,اصفهان,Hypermarket,52981.73,2,0.5,105963.45,36972.33,32018.78,Retail,Transfer,No,1,2024
INV-01731,2024-01-09,Beverages,BE-113,کرمانشاه,Supermarket,66812.33,9,3.76,601310.96,45181.81,194674.67,Retail,Card,No,1,2024
INV-01732,2024-01-09,Snacks,SN-115,رشت,Online,65960.45,35,0.01,2308615.6,52974.58,454505.23,Corporate,Transfer,No,1,2024
INV-01733,2024-01-09,Home Care,HO-070,تهران,Wholesale,61731.81,15,3.75,925977.13,52422.6,139638.05,Retail,Cash,No,1,2024
INV-01734,2024-01-10,Dairy,DA-051,کرمانشاه,Hypermarket,137727.64,12,2.63,1652731.64,104578.49,397789.74,Retail,Card,No,1,2024
INV-01735,2024-01-10,Personal Care,PE-032,شیراز,Hypermarket,106952.65,12,1.68,1283431.78,78513.79,341266.36,Retail,Card,No,1,2024
INV-01736,2024-01-10,Personal Care,PE-007,کرمانشاه,Supermarket,111552.94,5,1.18,557764.69,81481.14,150359.0,Retail,Cash,No,1,2024
INV-01737,2024-01-10,Home Care,HO-121,تهران,Supermarket,58553.81,7,1.48,409876.69,39117.15,136056.64,Retail,Transfer,No,1,2024
INV-01738,2024-01-11,Beverages,BE-030,شیراز,Pharmacy,74075.49,30,1.82,2222264.59,60162.06,417402.92,Corporate,POS,No,1,2024
INV-01739,2024-01-11,Home Care,HO-019,شیراز,Pharmacy,46950.23,1,10.13,46950.23,35223.14,11727.09,Retail,Transfer,Yes,1,2024
INV-01740,2024-01-11,Home Care,HO-091,کرج,Pharmacy,61971.88,4,4.0,247887.53,47138.12,59335.05,Retail,Card,No,1,2024
INV-01741,2024-01-11,Beverages,BE-143,رشت,Hypermarket,66222.68,18,2.82,1192008.25,47321.73,340217.17,Corporate,Card,No,1,2024
INV-01742,2024-01-11,Dairy,DA-076,رشت,Supermarket,103565.63,57,17.89,5903240.9,72420.91,1775248.8,Corporate,Card,Yes,1,2024
INV-01743,2024-01-11,Dairy,DA-054,اصفهان,Wholesale,122562.69,6,5.49,735376.17,106380.8,97091.38,Retail,Card,Yes,1,2024
INV-01744,2024-01-11,Home Care,HO-040,تبریز,Hypermarket,60021.56,11,3.76,660237.18,44818.72,167231.24,Corporate,Card,No,1,2024
INV-01745,2024-01-11,Beverages,BE-137,اصفهان,Online,55945.3,9,4.0,503507.73,45062.72,97943.25,Retail,Transfer,No,1,2024
INV-01746,2024-01-11,Home Care,HO-092,شیراز,Hypermarket,58046.9,11,3.75,638515.91,44077.58,153662.57,Retail,Card,No,1,2024
INV-01747,2024-01-11,Beverages,BE-094,اهواز,Hypermarket,67570.97,63,4.09,4256971.35,46001.69,1358864.8,Corporate,Transfer,No,1,2024
INV-01748,2024-01-12,Home Care,HO-031,رشت,Hypermarket,48388.72,54,1.24,2612990.76,33065.9,827432.32,Corporate,Card,No,1,2024
INV-01749,2024-01-12,Dairy,DA-003,کرمانشاه,Online,85818.22,9,6.1,772363.96,68200.58,158558.78,Retail,Cash,Yes,1,2024
INV-01750,2024-01-12,Snacks,SN-011,تهران,Wholesale,62118.31,15,5.0,931774.6,52833.09,139278.32,Retail,Card,Yes,1,2024
INV-01751,2024-01-12,Home Care,HO-045,اهواز,Hypermarket,52057.22,6,2.62,312343.32,37595.18,86772.24,Retail,Transfer,No,1,2024
INV-01752,2024-01-12,Dairy,DA-064,اهواز,Online,92048.05,45,21.34,4142162.47,72367.32,885633.24,Corporate,Transfer,Yes,1,2024
INV-01753,2024-01-12,Dairy,DA-018,رشت,Online,119226.24,3,0.96,357678.71,96401.05,68475.57,Retail,Transfer,No,1,2024
INV-01754,2024-01-13,Beverages,BE-122,رشت,Pharmacy,55933.99,1,7.38,55933.99,43166.97,12767.02,Retail,Card,Yes,1,2024
INV-01755,2024-01-13,Snacks,SN-106,اهواز,Pharmacy,72922.35,6,5.17,437534.1,59611.59,79864.57,Retail,Card,Yes,1,2024
INV-01756,2024-01-13,Personal Care,PE-032,کرمانشاه,Wholesale,99390.46,1,5.23,99390.46,86596.69,12793.77,Retail,Transfer,No,1,2024
INV-01757,2024-01-13,Personal Care,PE-044,رشت,Wholesale,101587.01,29,2.76,2946023.35,83028.0,538211.42,Corporate,Transfer,No,1,2024
INV-01758,2024-01-13,Snacks,SN-001,مشهد,Wholesale,50757.76,13,9.05,659850.91,44499.12,81362.3,Retail,Cash,Yes,1,2024
INV-01759,2024-01-13,Beverages,BE-029,تهران,Pharmacy,73104.78,26,0.07,1900724.17,61241.03,308457.45,Corporate,Cash,No,1,2024
INV-01760,2024-01-14,Dairy,DA-091,اصفهان,Online,100977.63,1,13.23,100977.63,76046.77,24930.87,Retail,Card,Yes,1,2024
INV-01761,2024-01-14,Snacks,SN-020,کرج,Online,50964.06,4,4.0,203856.23,40732.62,40925.74,Retail,Card,No,1,2024
INV-01762,2024-01-14,Snacks,SN-081,کرمانشاه,Online,75158.82,84,3.37,6313341.01,61298.08,1164302.56,Corporate,Card,No,1,2024
INV-01763,2024-01-15,Personal Care,PE-126,شیراز,Wholesale,123412.1,77,2.45,9502731.8,102621.84,1600849.76,Corporate,Cash,No,1,2024
INV-01764,2024-01-15,Home Care,HO-094,تبریز,Online,60584.02,2,15.51,121168.04,44438.94,32290.15,Retail,Card,Yes,1,2024
INV-01765,2024-01-15,Personal Care,PE-013,کرمانشاه,Online,105032.4,9,3.89,945291.59,84958.31,180666.81,Retail,Card,No,1,2024
INV-01766,2024-01-15,Beverages,BE-054,شیراز,Hypermarket,67183.47,114,2.34,7658915.69,45525.2,2469042.8,Corporate,Card,No,1,2024
INV-01767,2024-01-16,Personal Care,PE-144,رشت,Hypermarket,104161.05,11,6.12,1145771.55,75646.18,313663.54,Retail,Cash,Yes,1,2024
INV-01768,2024-01-16,Personal Care,PE-072,کرج,Pharmacy,76470.16,6,13.69,458820.99,63740.39,76378.65,Retail,Transfer,Yes,1,2024
INV-01769,2024-01-16,Dairy,DA-037,تبریز,Hypermarket,82832.18,2,5.66,165664.35,58655.16,48354.04,Retail,POS,No,1,2024
INV-01770,2024-01-17,Beverages,BE-057,کرمانشاه,Online,70718.06,7,5.39,495026.45,51600.35,133823.99,Retail,Transfer,Yes,1,2024
INV-01771,2024-01-17,Personal Care,PE-006,کرمانشاه,Online,99167.53,5,4.0,495837.63,73887.54,126399.94,Retail,Cash,No,1,2024
INV-01772,2024-01-17,Beverages,BE-031,کرمانشاه,Hypermarket,70485.08,112,20.86,7894328.42,47882.58,2531479.49,Corporate,Transfer,Yes,1,2024
INV-01773,2024-01-17,Dairy,DA-101,تبریز,Wholesale,112336.19,14,11.6,1572706.65,90663.48,303417.88,Retail,Card,Yes,1,2024
INV-01774,2024-01-17,Snacks,SN-057,تهران,Hypermarket,61578.58,33,2.5,2032093.12,46863.41,485600.51,Corporate,Transfer,No,1,2024
INV-01775,2024-01-17,Home Care,HO-052,شیراز,Wholesale,67217.39,15,5.5,1008260.8,59000.07,123259.8,Retail,Cash,Yes,1,2024
INV-01776,2024-01-17,Home Care,HO-117,مشهد,Pharmacy,43516.82,90,14.73,3916514.05,34368.35,823362.61,Corporate,Transfer,Yes,1,2024
INV-01777,2024-01-17,Snacks,SN-004,تبریز,Supermarket,54735.55,6,0.58,328413.32,37573.53,102972.12,Retail,Card,No,1,2024
INV-01778,2024-01-17,Dairy,DA-056,تبریز,Pharmacy,130100.59,9,1.08,1170905.27,101962.11,253246.29,Retail,Transfer,No,1,2024
INV-01779,2024-01-18,Home Care,HO-041,کرج,Supermarket,50903.14,67,2.32,3410510.3,37132.36,922642.22,Corporate,Transfer,No,1,2024
INV-01780,2024-01-19,Home Care,HO-137,تهران,Online,52775.64,8,0.6,422205.12,41472.28,90426.9,Retail,Card,No,1,2024
INV-01781,2024-01-19,Home Care,HO-066,قم,Wholesale,37887.37,35,23.91,1326057.98,30035.62,274811.36,Corporate,Transfer,Yes,1,2024
INV-01782,2024-01-19,Beverages,BE-115,اهواز,Pharmacy,68332.14,5,0.24,341660.72,55310.55,65107.95,Retail,POS,No,1,2024
INV-01783,2024-01-19,Personal Care,PE-090,کرج,Hypermarket,107813.19,2,2.77,215626.38,75777.55,64071.29,Retail,Card,No,1,2024
INV-01784,2024-01-20,Personal Care,PE-079,کرمانشاه,Online,102756.23,8,13.1,822049.86,76257.6,211989.03,Retail,POS,Yes,1,2024
INV-01785,2024-01-20,Beverages,BE-095,تبریز,Hypermarket,77756.07,43,0.79,3343511.01,52275.24,1095675.82,Corporate,Transfer,No,1,2024
INV-01786,2024-01-20,Dairy,DA-129,اصفهان,Pharmacy,123003.57,9,1.59,1107032.14,92408.63,275354.47,Retail,POS,No,1,2024
INV-01787,2024-01-20,Snacks,SN-148,رشت,Supermarket,70124.0,5,5.05,350619.99,50664.89,97295.53,Retail,Card,No,1,2024
INV-01788,2024-01-21,Dairy,DA-147,تبریز,Hypermarket,86495.86,1,0.36,86495.86,58406.84,28089.02,Retail,Cash,No,1,2024
INV-01789,2024-01-21,Snacks,SN-047,کرمانشاه,Wholesale,59023.15,2,5.95,118046.3,51784.78,14476.74,Retail,Transfer,No,1,2024
INV-01790,2024-01-21,Snacks,SN-135,قم,Wholesale,51623.49,100,20.5,5162349.37,44849.12,677437.42,Corporate,Cash,Yes,1,2024
INV-01791,2024-01-21,Personal Care,PE-054,تبریز,Pharmacy,89358.23,7,2.03,625507.64,71649.17,123963.44,Retail,Card,No,1,2024
INV-01792,2024-01-22,Snacks,SN-113,قم,Online,66145.72,1,10.02,66145.72,52820.32,13325.4,Retail,POS,Yes,1,2024
INV-01793,2024-01-22,Dairy,DA-040,اصفهان,Hypermarket,104694.32,13,20.17,1361026.1,80115.01,319531.0,Corporate,Transfer,Yes,1,2024
INV-01794,2024-01-22,Personal Care,PE-044,شیراز,Hypermarket,95755.33,3,0.03,287266.0,71491.2,72792.38,Retail,Card,No,1,2024
INV-01795,2024-01-23,Beverages,BE-029,مشهد,Hypermarket,60714.06,2,3.53,121428.11,45415.93,30596.26,Retail,Transfer,No,1,2024
INV-01796,2024-01-23,Personal Care,PE-072,تهران,Hypermarket,106670.89,10,7.85,1066708.93,82370.56,243003.32,Retail,Transfer,Yes,1,2024
INV-01797,2024-01-24,Personal Care,PE-084,مشهد,Supermarket,98374.57,4,5.42,393498.26,64779.86,134378.82,Retail,Transfer,No,1,2024
INV-01798,2024-01-24,Snacks,SN-126,شیراز,Hypermarket,71737.8,8,0.77,573902.4,50762.59,167801.7,Retail,Card,No,1,2024
INV-01799,2024-01-25,Dairy,DA-009,شیراز,Pharmacy,116581.5,5,1.18,582907.52,93329.89,116258.08,Retail,Transfer,No,1,2024
INV-01800,2024-01-25,Snacks,SN-033,رشت,Wholesale,78241.81,2,4.66,156483.61,64757.56,26968.49,Retail,Card,No,1,2024
INV-01801,2024-01-25,Home Care,HO-095,شیراز,Online,53878.92,4,3.42,215515.67,40544.74,53336.73,Retail,Card,No,1,2024
INV-01802,2024-01-25,Snacks,SN-112,شیراز,Wholesale,52076.73,4,3.79,208306.91,41347.82,42915.63,Retail,Cash,No,1,2024
INV-01803,2024-01-27,Dairy,DA-026,کرج,Pharmacy,116318.55,19,4.0,2210052.49,87977.6,538478.05,Corporate,Card,No,1,2024
INV-01804,2024-01-28,Snacks,SN-149,قم,Online,60971.55,33,8.83,2012061.16,45566.61,508362.89,Corporate,Transfer,Yes,1,2024
INV-01805,2024-01-28,Beverages,BE-092,شیراز,Supermarket,62896.96,48,2.68,3019054.28,43759.4,918603.24,Corporate,Transfer,No,1,2024
INV-01806,2024-01-28,Personal Care,PE-046,رشت,Supermarket,100843.37,5,0.23,504216.86,67748.55,165474.14,Retail,Transfer,No,1,2024
INV-01807,2024-01-29,Dairy,DA-017,مشهد,Online,74620.61,36,24.24,2686341.78,55524.78,687449.87,Corporate,Transfer,Yes,1,2024
INV-01808,2024-01-29,Dairy,DA-140,شیراز,Wholesale,114907.23,7,1.64,804350.59,92739.25,155175.85,Retail,Card,No,1,2024
INV-01809,2024-01-29,Snacks,SN-033,تهران,Wholesale,64490.29,12,0.08,773883.53,52691.05,141590.93,Retail,Card,No,1,2024
INV-01810,2024-01-29,Dairy,DA-116,کرج,Supermarket,93302.0,90,24.57,8397180.06,69744.92,2120137.51,Corporate,Cash,Yes,1,2024
INV-01811,2024-01-30,Beverages,BE-024,شیراز,Hypermarket,87159.62,9,4.51,784436.6,61914.87,227202.8,Retail,Transfer,No,1,2024
INV-01812,2024-01-30,Beverages,BE-145,تهران,Online,77551.47,57,4.0,4420433.98,59119.34,1050631.4,Corporate,Transfer,No,1,2024
INV-01813,2024-01-30,Beverages,BE-077,مشهد,Wholesale,83279.57,41,2.66,3414462.33,68223.59,617295.32,Corporate,POS,No,1,2024
INV-01814,2024-01-30,Beverages,BE-004,اصفهان,Online,87385.08,61,1.27,5330489.65,67633.1,1204870.77,Corporate,Transfer,No,1,2024
INV-01815,2024-01-30,Snacks,SN-115,رشت,Hypermarket,68958.96,12,2.92,827507.51,48810.12,241786.07,Retail,Transfer,No,1,2024
INV-01816,2024-01-30,Home Care,HO-124,شیراز,Supermarket,56920.39,5,3.4,284601.97,40925.56,79974.17,Retail,Card,No,1,2024
INV-01817,2024-01-31,Home Care,HO-006,اصفهان,Online,50398.57,79,4.0,3981487.24,38609.66,931324.1,Corporate,Card,No,1,2024
INV-01818,2024-01-31,Dairy,DA-139,شیراز,Online,109911.85,1,13.86,109911.85,79547.92,30363.93,Retail,Card,Yes,1,2024
INV-01819,2024-01-31,Home Care,HO-004,مشهد,Wholesale,61120.05,12,3.35,733440.65,50585.33,126416.73,Retail,Transfer,No,1,2024
INV-01820,2024-01-31,Beverages,BE-072,رشت,Online,66399.0,3,3.17,199197.01,52696.65,41107.05,Retail,Transfer,No,1,2024
INV-01821,2024-01-31,Personal Care,PE-119,تهران,Online,100328.48,4,6.08,401313.9,76363.62,95859.43,Retail,Transfer,Yes,1,2024
INV-01822,2024-01-31,Beverages,BE-136,اصفهان,Pharmacy,65417.13,7,4.0,457919.88,52738.0,88753.89,Retail,Card,No,1,2024
INV-01823,2024-02-01,Beverages,BE-074,رشت,Supermarket,62184.22,6,2.38,373105.3,43971.33,109277.3,Retail,Cash,No,2,2024
INV-01824,2024-02-01,Personal Care,PE-111,اصفهان,Pharmacy,89048.65,8,0.93,712389.2,72652.08,131172.56,Retail,POS,No,2,2024
INV-01825,2024-02-01,Beverages,BE-148,کرج,Pharmacy,67967.51,5,4.0,339837.55,53481.44,72430.37,Retail,Card,No,2,2024
INV-01826,2024-02-01,Dairy,DA-104,مشهد,Supermarket,112312.49,4,0.77,449249.94,77762.18,138201.22,Retail,Transfer,No,2,2024
INV-01827,2024-02-01,Beverages,BE-013,تبریز,Supermarket,50878.48,2,16.74,101756.97,36370.65,29015.67,Retail,Cash,Yes,2,2024
INV-01828,2024-02-02,Snacks,SN-109,شیراز,Pharmacy,65997.02,79,4.0,5213764.4,52364.74,1076949.56,Corporate,Transfer,No,2,2024
INV-01829,2024-02-02,Beverages,BE-064,کرمانشاه,Supermarket,61963.96,9,4.95,557675.65,40321.58,194781.4,Retail,Cash,No,2,2024
INV-01830,2024-02-02,Dairy,DA-061,تبریز,Online,104576.18,5,12.53,522880.91,80117.5,122293.4,Retail,POS,Yes,2,2024
INV-01831,2024-02-02,Home Care,HO-059,اصفهان,Supermarket,50311.19,73,4.95,3672716.66,37700.02,920615.35,Corporate,Transfer,No,2,2024
INV-01832,2024-02-03,Dairy,DA-008,اهواز,Supermarket,112821.74,49,1.57,5528265.37,81915.35,1514413.15,Corporate,Transfer,No,2,2024
INV-01833,2024-02-03,Home Care,HO-119,کرج,Supermarket,45892.44,11,0.53,504816.83,33572.42,135520.21,Retail,Card,No,2,2024
INV-01834,2024-02-03,Home Care,HO-142,کرمانشاه,Pharmacy,58900.22,1,2.49,58900.22,50000.74,8899.48,Retail,Transfer,No,2,2024
INV-01835,2024-02-04,Dairy,DA-005,مشهد,Supermarket,87506.34,65,23.56,5687911.97,58100.06,1911408.04,Corporate,Transfer,Yes,2,2024
INV-01836,2024-02-04,Snacks,SN-021,مشهد,Online,51505.41,3,1.44,154516.22,41683.74,29464.98,Retail,Card,No,2,2024
INV-01837,2024-02-04,Beverages,BE-105,مشهد,Hypermarket,79135.2,5,13.7,395676.0,59476.52,98293.39,Retail,Card,Yes,2,2024
INV-01838,2024-02-04,Beverages,BE-038,کرمانشاه,Online,55335.23,79,2.36,4371483.08,44617.68,846686.44,Corporate,Cash,No,2,2024
INV-01839,2024-02-04,Dairy,DA-138,تبریز,Online,102661.44,9,19.65,923952.99,78050.86,221495.2,Corporate,Card,Yes,2,2024
INV-01840,2024-02-05,Snacks,SN-045,تبریز,Hypermarket,48867.59,4,13.26,195470.38,37889.83,43911.05,Retail,Transfer,Yes,2,2024
INV-01841,2024-02-05,Snacks,SN-056,شیراز,Online,59928.83,48,10.35,2876583.69,44248.55,752653.22,Corporate,Transfer,Yes,2,2024
INV-01842,2024-02-05,Snacks,SN-083,مشهد,Supermarket,60220.82,77,5.75,4637003.38,44984.72,1173179.79,Corporate,Transfer,No,2,2024
INV-01843,2024-02-06,Personal Care,PE-053,تهران,Supermarket,86593.46,5,9.93,432967.32,60196.49,131984.85,Retail,Cash,Yes,2,2024
INV-01844,2024-02-06,Snacks,SN-035,تهران,Online,52649.79,9,2.07,473848.12,38391.86,128321.4,Retail,Transfer,No,2,2024
INV-01845,2024-02-06,Snacks,SN-138,اصفهان,Online,56583.32,9,4.0,509249.84,45034.07,103943.17,Retail,Cash,No,2,2024
INV-01846,2024-02-06,Personal Care,PE-128,رشت,Hypermarket,110062.5,30,5.88,3301875.02,82627.3,823055.94,Corporate,Transfer,No,2,2024
INV-01847,2024-02-06,Personal Care,PE-024,مشهد,Online,84591.86,7,17.49,592143.03,68203.92,114715.62,Retail,Cash,Yes,2,2024
INV-01848,2024-02-06,Dairy,DA-052,کرج,Wholesale,97029.59,8,4.04,776236.73,79073.8,143646.35,Retail,Card,No,2,2024
INV-01849,2024-02-06,Personal Care,PE-030,اصفهان,Hypermarket,99163.14,11,4.48,1090794.52,71398.44,305411.7,Retail,Transfer,No,2,2024
INV-01850,2024-02-06,Dairy,DA-018,اهواز,Pharmacy,127420.81,6,5.01,764524.85,106189.77,127386.24,Retail,Card,Yes,2,2024
INV-01851,2024-02-06,Personal Care,PE-081,قم,Wholesale,101676.6,153,1.12,15556519.52,85209.35,2519489.41,Corporate,Card,No,2,2024
INV-01852,2024-02-07,Home Care,HO-101,شیراز,Hypermarket,67719.35,1,3.26,67719.35,46586.82,21132.53,Retail,POS,No,2,2024
INV-01853,2024-02-07,Dairy,DA-096,مشهد,Pharmacy,108470.27,5,0.06,542351.35,83953.71,122582.82,Retail,Card,No,2,2024
INV-01854,2024-02-08,Snacks,SN-059,اهواز,Online,57725.15,4,0.75,230900.61,46228.32,45987.34,Retail,Transfer,No,2,2024
INV-01855,2024-02-08,Dairy,DA-073,اهواز,Pharmacy,115643.1,90,0.23,10407879.19,89291.93,2371605.82,Corporate,Cash,No,2,2024
INV-01856,2024-02-08,Snacks,SN-054,اهواز,Wholesale,59264.06,3,16.94,177792.19,50542.66,26164.2,Retail,Card,Yes,2,2024
INV-01857,2024-02-09,Snacks,SN-030,رشت,Hypermarket,64270.59,7,7.19,449894.14,44152.36,140827.58,Retail,Card,Yes,2,2024
INV-01858,2024-02-09,Snacks,SN-063,تهران,Online,67491.74,45,2.97,3037128.27,49444.51,812125.18,Corporate,Card,No,2,2024
INV-01859,2024-02-09,Snacks,SN-012,رشت,Supermarket,58074.73,1,8.11,58074.73,42033.75,16040.98,Retail,Card,Yes,2,2024
INV-01860,2024-02-09,Personal Care,PE-106,کرج,Online,95549.84,1,4.0,95549.84,77892.85,17657.0,Retail,Card,No,2,2024
INV-01861,2024-02-09,Snacks,SN-025,اصفهان,Supermarket,69173.43,80,4.84,5533874.69,45193.94,1918359.46,Corporate,Cash,No,2,2024
INV-01862,2024-02-09,Home Care,HO-065,اصفهان,Hypermarket,58570.62,7,6.34,409994.36,44552.6,98126.16,Retail,Cash,Yes,2,2024
INV-01863,2024-02-09,Dairy,DA-143,تهران,Hypermarket,133099.08,7,1.48,931693.58,91384.64,292001.08,Retail,Transfer,No,2,2024
INV-01864,2024-02-10,Home Care,HO-143,کرج,Wholesale,52805.15,11,2.38,580856.69,43990.27,96963.7,Retail,POS,No,2,2024
INV-01865,2024-02-10,Personal Care,PE-123,کرج,Wholesale,103737.73,1,5.86,103737.73,88260.62,15477.11,Retail,Card,No,2,2024
INV-01866,2024-02-10,Personal Care,PE-110,کرج,Supermarket,102257.72,38,0.35,3885793.19,75167.59,1029424.62,Corporate,Transfer,No,2,2024
INV-01867,2024-02-10,Dairy,DA-001,تهران,Online,93426.53,106,3.91,9903212.05,76451.68,1799334.03,Corporate,Transfer,No,2,2024
INV-01868,2024-02-10,Dairy,DA-074,تبریز,Online,122195.97,1,3.99,122195.97,95763.73,26432.24,Retail,Cash,No,2,2024
INV-01869,2024-02-11,Home Care,HO-087,تبریز,Online,45887.13,67,0.92,3074437.39,36271.98,644214.87,Corporate,Transfer,No,2,2024
INV-01870,2024-02-11,Home Care,HO-092,رشت,Wholesale,60314.04,3,2.38,180942.13,51730.84,25749.62,Retail,Card,No,2,2024
INV-01871,2024-02-11,Home Care,HO-111,تبریز,Pharmacy,55982.43,1,0.14,55982.43,45113.72,10868.71,Retail,Cash,No,2,2024
INV-01872,2024-02-11,Personal Care,PE-144,اهواز,Supermarket,95051.58,3,4.57,285154.73,68124.37,80781.63,Retail,Cash,No,2,2024
INV-01873,2024-02-11,Snacks,SN-036,اهواز,Wholesale,47585.19,7,14.31,333096.32,39069.19,59611.98,Retail,Card,Yes,2,2024
INV-01874,2024-02-11,Dairy,DA-079,تهران,Supermarket,113777.82,7,5.37,796444.73,83117.1,214625.0,Retail,Card,No,2,2024
INV-01875,2024-02-11,Home Care,HO-074,اهواز,Pharmacy,49564.59,7,2.81,346952.14,41932.06,53427.72,Retail,Transfer,No,2,2024
INV-01876,2024-02-11,Snacks,SN-038,تهران,Wholesale,57612.94,9,1.11,518516.49,47457.49,91399.11,Retail,Card,No,2,2024
INV-01877,2024-02-12,Snacks,SN-097,مشهد,Hypermarket,63453.72,6,1.97,380722.35,46659.26,100766.76,Retail,Transfer,No,2,2024
INV-01878,2024-02-12,Beverages,BE-012,کرج,Pharmacy,62316.76,9,1.38,560850.8,48367.56,125542.76,Retail,Card,No,2,2024
INV-01879,2024-02-12,Snacks,SN-056,تبریز,Pharmacy,57567.41,6,3.06,345404.47,46861.01,64238.41,Retail,Cash,No,2,2024
INV-01880,2024-02-12,Personal Care,PE-038,مشهد,Wholesale,79179.59,10,17.78,791795.91,66467.49,127121.02,Retail,Card,Yes,2,2024
INV-01881,2024-02-13,Snacks,SN-110,شیراز,Supermarket,53067.89,50,3.6,2653394.39,37000.09,803389.67,Corporate,Card,No,2,2024
INV-01882,2024-02-13,Dairy,DA-011,قم,Wholesale,121909.73,1,1.01,121909.73,97901.25,24008.48,Retail,Transfer,No,2,2024
INV-01883,2024-02-13,Snacks,SN-053,اهواز,Pharmacy,70284.97,1,4.0,70284.97,55134.07,15150.91,Retail,Transfer,No,2,2024
INV-01884,2024-02-13,Beverages,BE-127,رشت,Wholesale,75704.5,1,1.16,75704.5,63466.71,12237.79,Retail,Transfer,No,2,2024
INV-01885,2024-02-14,Beverages,BE-084,اصفهان,Hypermarket,70298.01,1,4.49,70298.01,54508.2,15789.81,Retail,Cash,No,2,2024
INV-01886,2024-02-14,Beverages,BE-004,تبریز,Online,62533.59,73,18.03,4564951.91,46861.5,1144062.15,Corporate,Transfer,Yes,2,2024
INV-01887,2024-02-14,Snacks,SN-084,قم,Pharmacy,53686.11,27,14.55,1449525.02,45431.17,222883.39,Corporate,Transfer,Yes,2,2024
INV-01888,2024-02-14,Home Care,HO-064,اصفهان,Pharmacy,50808.53,6,10.41,304851.21,40426.55,62291.89,Retail,Card,Yes,2,2024
INV-01889,2024-02-14,Dairy,DA-118,تهران,Pharmacy,131973.57,8,3.59,1055788.57,101401.19,244579.02,Retail,Card,No,2,2024
INV-01890,2024-02-15,Snacks,SN-016,مشهد,Supermarket,54991.5,10,15.62,549915.05,39850.19,151413.19,Retail,Transfer,Yes,2,2024
INV-01891,2024-02-15,Home Care,HO-025,کرج,Supermarket,53456.53,70,2.81,3741957.1,36610.79,1179201.48,Corporate,Transfer,No,2,2024
INV-01892,2024-02-15,Beverages,BE-108,اهواز,Hypermarket,66470.58,5,4.85,332352.88,45074.93,106978.21,Retail,Transfer,No,2,2024
INV-01893,2024-02-15,Personal Care,PE-097,کرج,Hypermarket,79585.32,1,14.17,79585.32,59497.45,20087.86,Retail,Card,Yes,2,2024
INV-01894,2024-02-16,Snacks,SN-066,شیراز,Hypermarket,61387.33,7,8.71,429711.31,44917.65,115287.73,Retail,Cash,Yes,2,2024
INV-01895,2024-02-17,Beverages,BE-133,مشهد,Wholesale,55381.04,11,2.37,609191.48,44560.38,119027.3,Retail,Transfer,No,2,2024
INV-01896,2024-02-17,Dairy,DA-096,شیراز,Online,118334.15,2,4.0,236668.31,94747.54,47173.22,Retail,Transfer,No,2,2024
INV-01897,2024-02-17,Snacks,SN-036,تهران,Wholesale,56471.24,28,12.04,1581194.77,47571.35,249197.1,Corporate,Transfer,Yes,2,2024
INV-01898,2024-02-17,Personal Care,PE-027,شیراز,Pharmacy,123467.53,80,2.61,9877402.46,94516.32,2316096.88,Corporate,POS,No,2,2024
INV-01899,2024-02-18,Dairy,DA-124,مشهد,Pharmacy,121126.52,16,4.0,1938024.34,93424.58,443231.04,Corporate,Cash,No,2,2024
INV-01900,2024-02-18,Dairy,DA-024,تبریز,Hypermarket,115881.86,5,11.18,579409.32,80545.84,176680.11,Retail,Card,Yes,2,2024
INV-01901,2024-02-18,Personal Care,PE-007,شیراز,Hypermarket,93329.84,65,5.71,6066439.73,64642.82,1864656.4,Corporate,Cash,No,2,2024
INV-01902,2024-02-19,Beverages,BE-107,اهواز,Supermarket,63886.94,1,5.51,63886.94,46621.72,17265.22,Retail,POS,No,2,2024
INV-01903,2024-02-19,Personal Care,PE-120,کرج,Pharmacy,100572.42,1,3.27,100572.42,83667.17,16905.25,Retail,Transfer,No,2,2024
INV-01904,2024-02-19,Personal Care,PE-038,تهران,Online,89515.33,6,4.0,537091.95,67804.6,130264.34,Retail,Transfer,No,2,2024
INV-01905,2024-02-19,Dairy,DA-044,رشت,Pharmacy,103893.02,7,4.0,727251.11,84232.4,137624.32,Retail,Card,No,2,2024
INV-01906,2024-02-19,Personal Care,PE-145,شیراز,Hypermarket,77780.32,11,13.67,855583.47,52805.77,274720.04,Retail,POS,Yes,2,2024
INV-01907,2024-02-19,Snacks,SN-017,تبریز,Wholesale,65902.73,5,4.82,329513.66,55293.61,53045.6,Retail,Card,No,2,2024
INV-01908,2024-02-20,Snacks,SN-072,کرمانشاه,Pharmacy,65035.46,76,1.2,4942694.6,50912.73,1073327.32,Corporate,Card,No,2,2024
INV-01909,2024-02-20,Snacks,SN-014,شیراز,Online,62993.51,8,1.5,503948.1,48437.53,116447.88,Retail,Cash,No,2,2024
INV-01910,2024-02-20,Beverages,BE-129,شیراز,Wholesale,69650.65,6,4.96,417903.9,54910.26,88442.32,Retail,Transfer,No,2,2024
INV-01911,2024-02-20,Beverages,BE-007,کرج,Hypermarket,56662.27,11,1.69,623284.93,42313.9,157831.99,Retail,Card,No,2,2024
INV-01912,2024-02-20,Personal Care,PE-084,قم,Wholesale,76078.31,5,3.77,380391.55,66356.76,48607.74,Retail,Transfer,No,2,2024
INV-01913,2024-02-20,Beverages,BE-150,تبریز,Wholesale,86688.65,13,5.78,1126952.39,68436.59,237276.73,Retail,Card,Yes,2,2024
INV-01914,2024-02-21,Dairy,DA-002,اهواز,Hypermarket,109936.33,7,1.97,769554.34,80919.21,203119.85,Retail,Card,No,2,2024
INV-01915,2024-02-21,Beverages,BE-059,اهواز,Wholesale,53177.04,77,1.44,4094631.91,46767.13,493563.03,Corporate,Card,No,2,2024
INV-01916,2024-02-21,Personal Care,PE-121,اصفهان,Online,93010.53,23,0.81,2139242.1,75400.38,405033.25,Corporate,POS,No,2,2024
INV-01917,2024-02-21,Personal Care,PE-111,قم,Wholesale,118500.86,5,3.96,592504.31,98310.98,100949.43,Retail,Cash,No,2,2024
INV-01918,2024-02-21,Snacks,SN-048,تبریز,Online,61965.33,6,6.62,371791.99,45939.3,96156.2,Retail,Card,Yes,2,2024
INV-01919,2024-02-22,Dairy,DA-055,قم,Wholesale,97070.36,2,8.05,194140.73,76222.05,41696.62,Retail,Card,Yes,2,2024
INV-01920,2024-02-22,Home Care,HO-034,کرمانشاه,Hypermarket,50075.37,5,1.04,250376.85,36663.13,67061.2,Retail,Cash,No,2,2024
INV-01921,2024-02-23,Dairy,DA-080,تبریز,Online,107575.37,33,2.33,3549987.21,82454.78,828979.45,Corporate,Transfer,No,2,2024
INV-01922,2024-02-23,Snacks,SN-095,شیراز,Pharmacy,61624.32,29,1.99,1787105.23,50360.12,326661.75,Corporate,Card,No,2,2024
INV-01923,2024-02-24,Dairy,DA-064,کرج,Wholesale,89420.2,4,3.18,357680.79,77267.41,48611.15,Retail,Card,No,2,2024
INV-01924,2024-02-24,Beverages,BE-129,شیراز,Supermarket,72431.69,2,14.57,144863.38,47161.33,50540.72,Retail,Card,Yes,2,2024
INV-01925,2024-02-24,Snacks,SN-125,رشت,Pharmacy,57898.89,3,0.45,173696.66,47187.84,32133.13,Retail,Transfer,No,2,2024
INV-01926,2024-02-25,Beverages,BE-131,قم,Online,70637.52,40,3.55,2825500.74,51151.87,779425.94,Corporate,Transfer,No,2,2024
INV-01927,2024-02-25,Beverages,BE-119,کرمانشاه,Wholesale,69062.29,7,2.63,483436.04,58707.4,72484.27,Retail,Card,No,2,2024
INV-01928,2024-02-25,Snacks,SN-033,کرمانشاه,Online,69364.81,10,12.4,693648.1,56439.22,129255.91,Retail,Card,Yes,2,2024
INV-01929,2024-02-25,Beverages,BE-100,قم,Wholesale,61878.66,148,5.6,9158041.18,52909.6,1327420.27,Corporate,Cash,No,2,2024
INV-01930,2024-02-25,Dairy,DA-076,قم,Hypermarket,108873.23,12,3.8,1306478.8,83445.89,305128.08,Retail,Transfer,No,2,2024
INV-01931,2024-02-25,Snacks,SN-047,تبریز,Pharmacy,55211.68,5,0.92,276058.41,43344.56,59335.62,Retail,Card,No,2,2024
INV-01932,2024-02-25,Snacks,SN-104,تبریز,Online,69549.99,2,4.0,139099.98,55535.47,28029.04,Retail,Card,No,2,2024
INV-01933,2024-02-25,Beverages,BE-131,تبریز,Hypermarket,85912.55,7,1.43,601387.82,59003.75,188361.59,Retail,Transfer,No,2,2024
INV-01934,2024-02-26,Snacks,SN-061,اهواز,Supermarket,50320.57,84,5.82,4226928.01,35403.2,1253059.41,Corporate,Card,No,2,2024
INV-01935,2024-02-26,Dairy,DA-135,اهواز,Pharmacy,135754.46,1,4.0,135754.46,113325.23,22429.23,Retail,Card,No,2,2024
INV-01936,2024-02-26,Personal Care,PE-109,اهواز,Wholesale,87635.23,12,5.38,1051622.8,76919.81,128585.07,Retail,Card,No,2,2024
INV-01937,2024-02-26,Dairy,DA-031,اهواز,Pharmacy,106004.83,8,0.09,848038.63,85977.74,160216.71,Retail,Card,No,2,2024
INV-01938,2024-02-26,Beverages,BE-035,رشت,Supermarket,69701.92,10,1.83,697019.24,50476.56,192253.64,Retail,Cash,No,2,2024
INV-01939,2024-02-27,Dairy,DA-070,قم,Pharmacy,100746.19,13,1.49,1309700.41,83619.88,222641.97,Corporate,Cash,No,2,2024
INV-01940,2024-02-27,Beverages,BE-150,رشت,Online,83302.05,1,0.13,83302.05,67228.78,16073.26,Retail,Card,No,2,2024
INV-01941,2024-02-27,Personal Care,PE-150,رشت,Pharmacy,94687.21,1,11.09,94687.21,76836.05,17851.15,Retail,Card,Yes,2,2024
INV-01942,2024-02-27,Personal Care,PE-090,رشت,Supermarket,104993.11,99,5.84,10394317.86,69641.81,3499778.22,Corporate,Transfer,No,2,2024
INV-01943,2024-02-28,Home Care,HO-002,قم,Hypermarket,61170.59,11,4.48,672876.49,42163.06,209082.82,Retail,Card,No,2,2024
INV-01944,2024-02-28,Home Care,HO-118,شیراز,Supermarket,51485.91,4,17.43,205943.62,34395.89,68360.08,Retail,POS,Yes,2,2024
INV-01945,2024-02-28,Beverages,BE-037,تهران,Supermarket,62045.95,2,11.59,124091.89,41472.84,41146.21,Retail,Card,Yes,2,2024
INV-01946,2024-02-29,Home Care,HO-035,کرج,Wholesale,57157.6,8,4.88,457260.81,45362.92,94357.46,Retail,Transfer,No,2,2024
INV-01947,2024-03-01,Snacks,SN-074,کرمانشاه,Wholesale,58897.9,101,2.69,5948688.03,50324.47,865916.73,Corporate,Card,No,3,2024
INV-01948,2024-03-01,Home Care,HO-048,کرمانشاه,Wholesale,46006.53,11,13.43,506071.83,38126.38,86681.66,Retail,Cash,Yes,3,2024
INV-01949,2024-03-01,Beverages,BE-078,کرج,Hypermarket,83163.74,126,1.14,10478631.02,56293.69,3385626.32,Corporate,Transfer,No,3,2024
INV-01950,2024-03-01,Home Care,HO-119,قم,Online,50617.19,15,0.02,759257.83,37095.27,202828.71,Corporate,Card,No,3,2024
INV-01951,2024-03-02,Personal Care,PE-035,اهواز,Online,103363.19,1,2.37,103363.19,83148.43,20214.75,Retail,Transfer,No,3,2024
INV-01952,2024-03-02,Snacks,SN-060,کرج,Online,47346.38,15,24.06,710195.71,35114.84,183473.07,Corporate,Cash,Yes,3,2024
INV-01953,2024-03-02,Beverages,BE-145,تبریز,Wholesale,66262.02,7,9.45,463834.15,57736.9,59675.86,Retail,Card,Yes,3,2024
INV-01954,2024-03-03,Home Care,HO-120,تهران,Online,52828.33,45,1.46,2377274.94,41997.57,487384.43,Corporate,Transfer,No,3,2024
INV-01955,2024-03-03,Beverages,BE-067,شیراز,Online,83596.88,2,4.0,167193.76,60346.3,46501.15,Retail,Transfer,No,3,2024
INV-01956,2024-03-03,Dairy,DA-034,اهواز,Wholesale,109966.39,116,5.53,12756100.91,86267.15,2749111.76,Corporate,POS,No,3,2024
INV-01957,2024-03-03,Home Care,HO-150,شیراز,Hypermarket,58399.6,117,3.6,6832753.05,44817.27,1589132.97,Corporate,Transfer,No,3,2024
INV-01958,2024-03-03,Beverages,BE-020,رشت,Online,73096.1,9,1.85,657864.92,53176.4,179277.32,Retail,Card,No,3,2024
INV-01959,2024-03-04,Personal Care,PE-030,شیراز,Wholesale,121800.38,5,4.99,609001.89,102455.23,96725.71,Retail,Card,No,3,2024
INV-01960,2024-03-04,Snacks,SN-019,کرج,Supermarket,45080.98,7,15.19,315566.84,32500.65,88062.31,Retail,Card,Yes,3,2024
INV-01961,2024-03-05,Home Care,HO-076,اهواز,Pharmacy,57741.5,1,2.35,57741.5,45209.21,12532.29,Retail,Card,No,3,2024
INV-01962,2024-03-05,Home Care,HO-019,اهواز,Hypermarket,56343.4,11,4.76,619777.43,41100.81,167668.55,Retail,Card,No,3,2024
INV-01963,2024-03-05,Home Care,HO-032,قم,Supermarket,55271.59,1,2.46,55271.59,36902.56,18369.03,Retail,Card,No,3,2024
INV-01964,2024-03-05,Home Care,HO-073,رشت,Wholesale,44308.37,51,5.7,2259726.88,36020.93,422659.66,Corporate,Card,No,3,2024
INV-01965,2024-03-05,Personal Care,PE-122,رشت,Pharmacy,110691.43,69,3.12,7637708.86,86136.13,1694315.8,Corporate,POS,No,3,2024
INV-01966,2024-03-05,Snacks,SN-004,تبریز,Wholesale,36911.6,11,4.22,406027.61,30639.82,68989.63,Retail,Card,No,3,2024
INV-01967,2024-03-05,Beverages,BE-127,تهران,Wholesale,62565.71,5,4.59,312828.57,49354.85,66054.32,Retail,Card,No,3,2024
INV-01968,2024-03-06,Snacks,SN-075,مشهد,Supermarket,61614.88,104,2.99,6407947.84,45447.66,1681391.66,Corporate,Card,No,3,2024
INV-01969,2024-03-06,Snacks,SN-146,رشت,Online,60051.33,5,4.0,300256.64,48510.93,57702.01,Retail,Card,No,3,2024
INV-01970,2024-03-06,Snacks,SN-086,مشهد,Supermarket,78677.0,9,0.68,708093.02,56229.23,202029.95,Retail,Card,No,3,2024
INV-01971,2024-03-06,Dairy,DA-136,قم,Online,118619.04,4,3.01,474476.18,88599.65,120077.56,Retail,Card,No,3,2024
INV-01972,2024-03-06,Dairy,DA-141,شیراز,Supermarket,100504.69,69,18.91,6934823.74,71501.37,2001229.45,Corporate,Card,Yes,3,2024
INV-01973,2024-03-06,Personal Care,PE-021,شیراز,Supermarket,96180.05,7,17.69,673260.35,69830.63,184445.94,Retail,Card,Yes,3,2024
INV-01974,2024-03-06,Snacks,SN-024,قم,Online,50838.57,1,14.94,50838.57,36651.43,14187.14,Retail,Card,Yes,3,2024
INV-01975,2024-03-07,Beverages,BE-114,تبریز,Supermarket,60216.42,48,10.5,2890388.15,43789.02,788515.16,Corporate,Card,Yes,3,2024
INV-01976,2024-03-07,Beverages,BE-130,تهران,Hypermarket,54744.24,58,19.32,3175165.64,39162.65,903731.91,Corporate,Transfer,Yes,3,2024
INV-01977,2024-03-07,Snacks,SN-079,کرج,Wholesale,70109.51,11,0.49,771204.56,57952.74,133724.38,Retail,Transfer,No,3,2024
INV-01978,2024-03-07,Snacks,SN-019,مشهد,Online,67540.84,75,2.53,5065562.63,50770.71,1257759.56,Corporate,Card,No,3,2024
INV-01979,2024-03-07,Snacks,SN-040,کرمانشاه,Online,53048.81,15,4.0,795732.14,41718.8,169950.2,Corporate,Card,No,3,2024
INV-01980,2024-03-07,Beverages,BE-138,اهواز,Wholesale,69271.7,73,2.95,5056834.08,57742.09,841661.15,Corporate,Transfer,No,3,2024
INV-01981,2024-03-08,Personal Care,PE-142,اهواز,Wholesale,104920.28,56,8.57,5875535.5,90491.28,808023.79,Corporate,Transfer,Yes,3,2024
INV-01982,2024-03-08,Personal Care,PE-104,کرمانشاه,Online,80099.43,81,15.51,6488053.6,58803.57,1724964.47,Corporate,Cash,Yes,3,2024
INV-01983,2024-03-08,Dairy,DA-092,رشت,Hypermarket,87869.0,11,1.3,966559.05,59366.04,313532.62,Retail,Card,No,3,2024
INV-01984,2024-03-08,Home Care,HO-031,رشت,Supermarket,51242.36,5,17.66,256211.8,37602.83,68197.63,Retail,Transfer,Yes,3,2024
INV-01985,2024-03-08,Beverages,BE-148,تهران,Supermarket,70973.53,12,4.98,851682.39,51325.83,235772.45,Retail,POS,No,3,2024
INV-01986,2024-03-09,Home Care,HO-002,قم,Pharmacy,58759.3,3,1.16,176277.89,45788.72,38911.73,Retail,Transfer,No,3,2024
INV-01987,2024-03-09,Snacks,SN-012,شیراز,Hypermarket,61928.77,6,13.92,371572.59,47177.14,88509.75,Retail,Card,Yes,3,2024
INV-01988,2024-03-09,Snacks,SN-072,اهواز,Wholesale,45900.5,119,22.96,5462159.41,39467.24,765557.58,Corporate,Card,Yes,3,2024
INV-01989,2024-03-09,Home Care,HO-010,کرج,Supermarket,41094.76,2,4.84,82189.52,26944.66,28300.2,Retail,Cash,No,3,2024
INV-01990,2024-03-10,Home Care,HO-098,کرمانشاه,Online,56587.12,3,2.93,169761.35,45515.51,33214.81,Retail,Card,No,3,2024
INV-01991,2024-03-10,Dairy,DA-050,تهران,Hypermarket,85086.93,11,5.62,935956.25,62494.85,248512.87,Retail,Card,No,3,2024
INV-01992,2024-03-10,Beverages,BE-087,شیراز,Supermarket,48028.98,5,3.44,240144.91,33988.75,70201.13,Retail,Transfer,No,3,2024
INV-01993,2024-03-11,Beverages,BE-113,شیراز,Online,56376.18,96,19.23,5412113.42,44118.21,1176765.42,Corporate,Transfer,Yes,3,2024
INV-01994,2024-03-11,Personal Care,PE-090,اهواز,Pharmacy,72240.22,74,19.72,5345776.38,56723.0,1148274.39,Corporate,Transfer,Yes,3,2024
INV-01995,2024-03-11,Dairy,DA-123,اصفهان,Pharmacy,109165.16,36,1.61,3929945.83,91084.51,650903.51,Corporate,Cash,No,3,2024
INV-01996,2024-03-11,Beverages,BE-082,تبریز,Pharmacy,62852.23,69,4.0,4336804.15,51316.27,795981.76,Corporate,Transfer,No,3,2024
INV-01997,2024-03-11,Snacks,SN-019,تبریز,Wholesale,66166.17,5,5.56,330830.87,54332.4,59168.86,Retail,Transfer,No,3,2024
INV-01998,2024-03-11,Home Care,HO-011,قم,Online,62363.14,5,9.07,311815.7,45732.89,83151.25,Retail,Transfer,Yes,3,2024
INV-01999,2024-03-12,Beverages,BE-108,رشت,Pharmacy,71652.87,9,2.33,644875.85,54146.83,157554.39,Retail,Card,No,3,2024
INV-02000,2024-03-12,Personal Care,PE-108,کرج,Online,104213.56,96,3.97,10004501.38,79999.89,2324511.63,Corporate,Transfer,No,3,2024
INV-02001,2024-03-13,Snacks,SN-089,اصفهان,Pharmacy,60171.55,8,1.44,481372.36,46201.12,111763.39,Retail,Transfer,No,3,2024
INV-02002,2024-03-13,Snacks,SN-119,مشهد,Supermarket,50161.0,6,17.11,300966.02,34203.35,95745.91,Retail,POS,Yes,3,2024
INV-02003,2024-03-14,Home Care,HO-074,قم,Pharmacy,34462.9,44,20.3,1516367.42,28428.7,265504.43,Corporate,Card,Yes,3,2024
INV-02004,2024-03-14,Home Care,HO-052,تبریز,Hypermarket,59174.35,1,13.3,59174.35,44891.49,14282.86,Retail,Transfer,Yes,3,2024
INV-02005,2024-03-14,Snacks,SN-032,اصفهان,Wholesale,45743.14,5,15.3,228715.7,39370.82,31861.59,Retail,Card,Yes,3,2024
INV-02006,2024-03-14,Beverages,BE-021,رشت,Hypermarket,66293.22,114,3.13,7557427.42,51500.48,1686373.09,Corporate,Transfer,No,3,2024
INV-02007,2024-03-14,Home Care,HO-053,اهواز,Hypermarket,62639.87,2,2.59,125279.73,48422.89,28433.95,Retail,Transfer,No,3,2024
INV-02008,2024-03-15,Snacks,SN-072,رشت,Wholesale,48334.16,11,3.35,531675.73,38710.37,105861.68,Retail,Card,No,3,2024
INV-02009,2024-03-15,Snacks,SN-050,اصفهان,Hypermarket,63589.17,9,16.99,572302.54,43432.21,181412.64,Retail,Card,Yes,3,2024
INV-02010,2024-03-15,Beverages,BE-021,اصفهان,Pharmacy,65473.35,1,1.05,65473.35,49545.68,15927.68,Retail,Cash,No,3,2024
INV-02011,2024-03-15,Dairy,DA-133,کرج,Wholesale,113387.71,35,2.74,3968569.68,88693.62,864292.96,Corporate,Cash,No,3,2024
INV-02012,2024-03-15,Beverages,BE-079,تبریز,Wholesale,65407.03,6,5.75,392442.19,51284.66,84734.25,Retail,Transfer,No,3,2024
INV-02013,2024-03-16,Beverages,BE-119,تهران,Online,61786.19,10,2.25,617861.87,49403.82,123823.63,Retail,POS,No,3,2024
INV-02014,2024-03-16,Personal Care,PE-113,اصفهان,Hypermarket,93352.62,117,1.49,10922256.68,66375.24,3156353.96,Corporate,Transfer,No,3,2024
INV-02015,2024-03-16,Beverages,BE-043,شیراز,Pharmacy,65370.42,1,2.63,65370.42,52743.87,12626.55,Retail,Card,No,3,2024
INV-02016,2024-03-16,Dairy,DA-057,کرمانشاه,Online,104883.91,9,4.0,943955.15,85179.26,177341.81,Retail,POS,No,3,2024
INV-02017,2024-03-16,Beverages,BE-088,اهواز,Pharmacy,48695.98,38,21.18,1850447.07,39549.57,347563.28,Corporate,Card,Yes,3,2024
INV-02018,2024-03-16,Home Care,HO-150,شیراز,Hypermarket,42527.53,4,5.88,170110.12,29050.81,53906.88,Retail,Transfer,No,3,2024
INV-02019,2024-03-17,Personal Care,PE-059,کرج,Supermarket,92191.87,112,2.26,10325489.48,65522.46,2986974.08,Corporate,Card,No,3,2024
INV-02020,2024-03-17,Personal Care,PE-070,قم,Hypermarket,95832.13,7,14.06,670824.94,74079.89,152265.72,Retail,Transfer,Yes,3,2024
INV-02021,2024-03-17,Dairy,DA-124,اهواز,Online,93671.7,6,0.4,562030.2,76002.41,106015.76,Retail,Transfer,No,3,2024
INV-02022,2024-03-17,Dairy,DA-121,مشهد,Wholesale,104660.13,9,15.81,941941.19,92094.22,113093.18,Retail,Card,Yes,3,2024
INV-02023,2024-03-17,Personal Care,PE-026,اصفهان,Pharmacy,116669.88,50,1.01,5833494.17,98559.58,905515.14,Corporate,Card,No,3,2024
INV-02024,2024-03-17,Snacks,SN-027,مشهد,Pharmacy,71661.02,4,1.85,286644.1,59030.7,50521.32,Retail,Cash,No,3,2024
INV-02025,2024-03-17,Personal Care,PE-114,مشهد,Online,82795.18,2,4.0,165590.35,59777.95,46034.46,Retail,Card,No,3,2024
INV-02026,2024-03-17,Dairy,DA-118,اصفهان,Online,126521.42,1,0.98,126521.42,94799.04,31722.38,Retail,Transfer,No,3,2024
INV-02027,2024-03-17,Beverages,BE-146,اهواز,Supermarket,66373.71,32,4.25,2123958.7,46995.51,620102.46,Corporate,POS,No,3,2024
INV-02028,2024-03-18,Snacks,SN-019,تبریز,Wholesale,76914.6,5,2.64,384572.99,64170.23,63721.83,Retail,POS,No,3,2024
INV-02029,2024-03-18,Snacks,SN-095,اهواز,Hypermarket,54388.38,2,3.66,108776.75,42318.56,24139.63,Retail,Card,No,3,2024
INV-02030,2024-03-18,Snacks,SN-082,قم,Online,65753.53,1,2.64,65753.53,51012.72,14740.81,Retail,POS,No,3,2024
INV-02031,2024-03-18,Snacks,SN-015,کرمانشاه,Hypermarket,59239.92,24,9.54,1421758.11,40500.54,449745.15,Corporate,Transfer,Yes,3,2024
INV-02032,2024-03-19,Home Care,HO-047,قم,Wholesale,36850.1,19,1.07,700151.92,32168.02,88959.59,Corporate,Transfer,No,3,2024
INV-02033,2024-03-19,Dairy,DA-146,تهران,Supermarket,99636.39,27,24.53,2690182.66,68834.14,831660.81,Corporate,Cash,Yes,3,2024
INV-02034,2024-03-19,Personal Care,PE-056,مشهد,Wholesale,82853.1,30,4.62,2485592.96,68198.84,439627.87,Corporate,Card,No,3,2024
INV-02035,2024-03-21,Home Care,HO-088,قم,Hypermarket,46145.28,104,2.47,4799108.96,32339.09,1435843.73,Corporate,Transfer,No,3,2024
INV-02036,2024-03-21,Dairy,DA-114,شیراز,Hypermarket,143641.83,11,2.13,1580060.1,104525.82,430276.03,Retail,Card,No,3,2024
INV-02037,2024-03-21,Personal Care,PE-107,تبریز,Pharmacy,121032.79,5,2.11,605163.97,96913.48,120596.57,Retail,Card,No,3,2024
INV-02038,2024-03-22,Beverages,BE-105,مشهد,Pharmacy,66366.46,2,0.98,132732.92,55588.71,21555.5,Retail,POS,No,3,2024
INV-02039,2024-03-22,Dairy,DA-015,رشت,Online,112078.14,10,6.89,1120781.38,84492.64,275854.96,Retail,Card,Yes,3,2024
INV-02040,2024-03-22,Dairy,DA-046,کرج,Pharmacy,89779.65,8,3.39,718237.24,68873.48,167249.4,Retail,Card,No,3,2024
INV-02041,2024-03-22,Personal Care,PE-045,شیراز,Wholesale,92236.41,10,4.68,922364.07,79697.66,125387.5,Retail,Transfer,No,3,2024
INV-02042,2024-03-23,Personal Care,PE-125,شیراز,Supermarket,96117.33,6,5.65,576704.01,68772.71,164067.72,Retail,Card,No,3,2024
INV-02043,2024-03-23,Home Care,HO-041,اصفهان,Wholesale,59812.82,5,5.52,299064.12,51951.17,39308.26,Retail,Cash,No,3,2024
INV-02044,2024-03-23,Beverages,BE-060,تبریز,Online,55126.48,8,11.38,441011.86,42160.28,103729.65,Retail,Card,Yes,3,2024
INV-02045,2024-03-23,Dairy,DA-086,شیراز,Pharmacy,103045.84,1,2.58,103045.84,84692.08,18353.76,Retail,Transfer,No,3,2024
INV-02046,2024-03-23,Snacks,SN-086,شیراز,Wholesale,50440.72,6,8.55,302644.3,42189.03,49510.11,Retail,Card,Yes,3,2024
INV-02047,2024-03-23,Snacks,SN-052,کرمانشاه,Pharmacy,70008.58,3,7.74,210025.74,56730.87,39833.14,Retail,Transfer,Yes,3,2024
INV-02048,2024-03-23,Snacks,SN-043,کرمانشاه,Online,63996.86,6,0.39,383981.19,48421.18,93454.09,Retail,Cash,No,3,2024
INV-02049,2024-03-24,Beverages,BE-047,تبریز,Supermarket,51406.52,10,17.47,514065.17,34498.76,169077.58,Retail,Transfer,Yes,3,2024
INV-02050,2024-03-24,Personal Care,PE-060,اهواز,Supermarket,84206.9,8,11.1,673655.19,58744.57,203698.6,Retail,Card,Yes,3,2024
INV-02051,2024-03-24,Beverages,BE-063,اهواز,Pharmacy,67419.74,5,13.69,337098.72,54391.31,65142.17,Retail,Cash,Yes,3,2024
INV-02052,2024-03-24,Home Care,HO-064,شیراز,Supermarket,52710.06,86,4.87,4533065.57,37490.85,1308852.19,Corporate,Card,No,3,2024
INV-02053,2024-03-24,Personal Care,PE-004,شیراز,Pharmacy,74983.73,2,11.27,149967.46,58944.98,32077.5,Retail,Card,Yes,3,2024
INV-02054,2024-03-24,Personal Care,PE-137,اصفهان,Pharmacy,94308.37,6,0.85,565850.2,77941.99,98198.27,Retail,Card,No,3,2024
INV-02055,2024-03-25,Beverages,BE-111,تبریز,Pharmacy,62450.95,7,2.37,437156.65,51544.35,76346.18,Retail,Transfer,No,3,2024
INV-02056,2024-03-25,Home Care,HO-105,اهواز,Wholesale,54018.29,3,14.98,162054.87,47244.17,20322.37,Retail,Cash,Yes,3,2024
INV-02057,2024-03-25,Dairy,DA-133,کرمانشاه,Wholesale,102689.22,10,2.72,1026892.18,88944.29,137449.32,Retail,Transfer,No,3,2024
INV-02058,2024-03-25,Beverages,BE-141,رشت,Hypermarket,74077.88,5,7.95,370389.39,52654.76,107115.58,Retail,Card,Yes,3,2024
INV-02059,2024-03-25,Home Care,HO-057,رشت,Pharmacy,57202.98,9,2.71,514826.79,43158.16,126403.38,Retail,POS,No,3,2024
INV-02060,2024-03-25,Beverages,BE-050,رشت,Wholesale,54332.82,6,6.99,325996.94,45852.4,50882.57,Retail,Card,Yes,3,2024
INV-02061,2024-03-26,Snacks,SN-011,مشهد,Pharmacy,69972.74,7,4.0,489809.21,58086.29,83205.16,Retail,Transfer,No,3,2024
INV-02062,2024-03-27,Dairy,DA-092,شیراز,Wholesale,126922.61,8,2.43,1015380.87,104642.39,178241.74,Retail,Transfer,No,3,2024
INV-02063,2024-03-27,Beverages,BE-146,قم,Hypermarket,64274.01,1,2.48,64274.01,48142.64,16131.36,Retail,Transfer,No,3,2024
INV-02064,2024-03-27,Snacks,SN-135,تهران,Hypermarket,65797.26,9,4.01,592175.33,50123.16,141066.86,Retail,Card,No,3,2024
INV-02065,2024-03-27,Dairy,DA-080,تبریز,Supermarket,105563.25,2,5.86,211126.5,69602.26,71921.98,Retail,Card,No,3,2024
INV-02066,2024-03-27,Home Care,HO-150,تبریز,Pharmacy,47257.2,5,15.54,236285.98,39371.59,39428.03,Retail,Card,Yes,3,2024
INV-02067,2024-03-27,Dairy,DA-040,اهواز,Online,115088.71,7,8.74,805620.95,85926.95,204132.29,Retail,Card,Yes,3,2024
INV-02068,2024-03-27,Snacks,SN-031,اهواز,Supermarket,73430.89,6,1.2,440585.32,54681.19,112498.17,Retail,Transfer,No,3,2024
INV-02069,2024-03-28,Dairy,DA-031,اهواز,Hypermarket,98269.78,11,4.08,1080967.56,71272.45,296970.66,Retail,Cash,No,3,2024
INV-02070,2024-03-28,Dairy,DA-141,تهران,Supermarket,102231.76,77,3.71,7871845.69,76333.09,1994197.86,Corporate,POS,No,3,2024
INV-02071,2024-03-28,Beverages,BE-073,کرمانشاه,Online,67580.52,84,4.0,5676763.47,52433.47,1272352.07,Corporate,Card,No,3,2024
INV-02072,2024-03-28,Home Care,HO-015,رشت,Pharmacy,52324.19,29,4.0,1517401.44,42459.11,286087.35,Corporate,Card,No,3,2024
INV-02073,2024-03-28,Home Care,HO-122,قم,Wholesale,49055.69,155,5.7,7603632.69,39237.38,1521839.1,Corporate,Card,No,3,2024
INV-02074,2024-03-29,Snacks,SN-029,کرمانشاه,Supermarket,50633.77,1,4.55,50633.77,35360.43,15273.33,Retail,Transfer,No,3,2024
INV-02075,2024-03-29,Dairy,DA-018,کرج,Online,124044.83,9,9.39,1116403.46,96191.9,250676.38,Retail,Card,Yes,3,2024
INV-02076,2024-03-29,Home Care,HO-083,رشت,Hypermarket,52519.78,10,13.91,525197.78,40173.75,123460.31,Retail,Card,Yes,3,2024
INV-02077,2024-03-29,Personal Care,PE-057,مشهد,Wholesale,82069.45,9,11.06,738625.05,71660.64,93679.27,Retail,Cash,Yes,3,2024
INV-02078,2024-03-29,Personal Care,PE-060,مشهد,Pharmacy,96586.25,50,4.0,4829312.43,75268.11,1065906.75,Corporate,Transfer,No,3,2024
INV-02079,2024-03-29,Personal Care,PE-090,رشت,Supermarket,119062.67,4,3.01,476250.68,82648.55,145656.5,Retail,Transfer,No,3,2024
INV-02080,2024-03-29,Personal Care,PE-104,کرمانشاه,Pharmacy,97086.83,7,3.06,679607.84,79545.92,122786.37,Retail,Card,No,3,2024
INV-02081,2024-03-29,Beverages,BE-123,تبریز,Online,60218.46,9,0.35,541966.14,46527.04,123222.74,Retail,Card,No,3,2024
INV-02082,2024-03-30,Personal Care,PE-130,اصفهان,Online,102832.55,62,23.23,6375617.96,80328.93,1395224.61,Corporate,Transfer,Yes,3,2024
INV-02083,2024-03-30,Home Care,HO-063,تهران,Supermarket,51548.03,118,21.83,6082667.69,33868.27,2086211.59,Corporate,Card,Yes,3,2024
INV-02084,2024-03-30,Home Care,HO-009,اصفهان,Wholesale,64790.16,10,0.12,647901.63,52450.03,123401.36,Retail,Cash,No,3,2024
INV-02085,2024-03-30,Dairy,DA-037,اصفهان,Hypermarket,132415.52,2,2.58,264831.03,92362.97,80105.09,Retail,Transfer,No,3,2024
INV-02086,2024-03-30,Beverages,BE-094,رشت,Pharmacy,74681.88,6,10.42,448091.29,61052.56,81775.93,Retail,POS,Yes,3,2024
INV-02087,2024-03-30,Snacks,SN-127,شیراز,Pharmacy,62317.01,1,1.25,62317.01,46986.17,15330.84,Retail,Cash,No,3,2024
INV-02088,2024-03-30,Beverages,BE-056,مشهد,Wholesale,54426.62,15,3.35,816399.35,43716.93,160645.45,Retail,Transfer,No,3,2024
INV-02089,2024-03-31,Home Care,HO-037,تهران,Supermarket,61265.31,9,1.64,551387.83,40662.03,185429.52,Retail,Card,No,3,2024
INV-02090,2024-03-31,Home Care,HO-144,تبریز,Supermarket,57923.6,3,1.31,173770.81,42030.62,47678.94,Retail,Transfer,No,3,2024
INV-02091,2024-03-31,Home Care,HO-084,اصفهان,Supermarket,55164.52,5,3.27,275822.58,37330.91,89168.03,Retail,Transfer,No,3,2024
INV-02092,2024-03-31,Dairy,DA-117,اهواز,Supermarket,108259.79,6,5.32,649558.73,71968.57,217747.34,Retail,Card,No,3,2024
INV-02093,2024-03-31,Beverages,BE-043,کرج,Wholesale,54069.43,9,12.46,486624.85,45885.65,73654.02,Retail,Transfer,Yes,3,2024
INV-02094,2024-04-01,Beverages,BE-118,کرمانشاه,Supermarket,44176.16,15,17.65,662642.36,30314.73,207921.39,Corporate,Cash,Yes,4,2024
INV-02095,2024-04-01,Personal Care,PE-017,کرمانشاه,Supermarket,99486.75,5,12.89,497433.77,73569.96,129583.97,Retail,POS,Yes,4,2024
INV-02096,2024-04-01,Dairy,DA-092,شیراز,Supermarket,99992.6,9,12.98,899933.44,67907.09,288769.67,Retail,Card,Yes,4,2024
INV-02097,2024-04-01,Beverages,BE-058,شیراز,Hypermarket,55460.43,112,18.21,6211568.18,37313.75,2032428.54,Corporate,Transfer,Yes,4,2024
INV-02098,2024-04-01,Personal Care,PE-100,کرمانشاه,Online,118731.26,84,1.29,9973426.16,85854.7,2761631.7,Corporate,Card,No,4,2024
INV-02099,2024-04-01,Beverages,BE-079,تبریز,Wholesale,60469.41,137,14.83,8284309.27,48769.53,1602883.7,Corporate,Transfer,Yes,4,2024
INV-02100,2024-04-01,Home Care,HO-038,کرج,Online,52061.88,100,0.19,5206187.78,42501.09,956078.42,Corporate,Card,No,4,2024
INV-02101,2024-04-01,Beverages,BE-015,قم,Pharmacy,76511.56,8,1.55,612092.45,64918.9,92741.22,Retail,POS,No,4,2024
INV-02102,2024-04-02,Snacks,SN-027,تهران,Supermarket,70391.84,7,5.06,492742.9,47630.46,159329.65,Retail,Transfer,No,4,2024
INV-02103,2024-04-02,Snacks,SN-112,مشهد,Online,50262.22,22,4.0,1105768.88,39912.57,227692.28,Corporate,POS,No,4,2024
INV-02104,2024-04-02,Beverages,BE-022,رشت,Pharmacy,76260.59,20,2.67,1525211.73,64503.65,235138.82,Corporate,POS,No,4,2024
INV-02105,2024-04-02,Dairy,DA-076,مشهد,Online,115045.7,10,4.0,1150456.97,90245.61,248000.92,Retail,POS,No,4,2024
INV-02106,2024-04-02,Beverages,BE-075,رشت,Online,57916.82,6,15.23,347500.92,47289.37,63764.7,Retail,Cash,Yes,4,2024
INV-02107,2024-04-03,Personal Care,PE-127,شیراز,Supermarket,86572.95,8,1.21,692583.6,61320.53,202019.33,Retail,POS,No,4,2024
INV-02108,2024-04-03,Dairy,DA-143,تبریز,Hypermarket,88154.84,9,4.14,793393.57,62678.83,229284.08,Retail,Card,No,4,2024
INV-02109,2024-04-03,Beverages,BE-137,مشهد,Wholesale,68805.45,121,4.55,8325458.91,54012.38,1789960.96,Corporate,Transfer,No,4,2024
INV-02110,2024-04-03,Personal Care,PE-036,رشت,Online,94167.07,1,0.48,94167.07,68332.06,25835.01,Retail,Transfer,No,4,2024
INV-02111,2024-04-03,Home Care,HO-095,رشت,Pharmacy,54772.15,68,4.0,3724506.42,44891.42,671889.92,Corporate,Transfer,No,4,2024
INV-02112,2024-04-03,Beverages,BE-118,رشت,Hypermarket,49097.51,10,1.7,490975.14,34353.29,147442.22,Retail,Card,No,4,2024
INV-02113,2024-04-03,Dairy,DA-045,تبریز,Wholesale,104236.41,7,0.44,729654.85,91476.9,89316.55,Retail,Card,No,4,2024
INV-02114,2024-04-03,Beverages,BE-066,کرج,Wholesale,69758.88,3,2.31,209276.64,56806.87,38856.03,Retail,Card,No,4,2024
INV-02115,2024-04-03,Personal Care,PE-147,اصفهان,Supermarket,76913.01,12,16.25,922956.16,53383.26,282357.04,Retail,POS,Yes,4,2024
INV-02116,2024-04-04,Beverages,BE-138,تبریز,Wholesale,66878.19,82,2.52,5484011.3,52309.35,1194644.68,Corporate,POS,No,4,2024
INV-02117,2024-04-04,Personal Care,PE-150,رشت,Pharmacy,94625.77,25,16.37,2365644.24,74018.51,515181.55,Corporate,Transfer,Yes,4,2024
INV-02118,2024-04-04,Beverages,BE-072,تبریز,Supermarket,65020.93,36,5.14,2340753.56,46924.85,651458.91,Corporate,Cash,No,4,2024
INV-02119,2024-04-05,Beverages,BE-124,کرج,Wholesale,63653.73,9,5.23,572883.59,53730.8,89306.36,Retail,POS,No,4,2024
INV-02120,2024-04-05,Personal Care,PE-096,اهواز,Wholesale,104643.51,105,8.34,10987568.86,88855.05,1657788.38,Corporate,Cash,Yes,4,2024
INV-02121,2024-04-05,Beverages,BE-108,اصفهان,Supermarket,65193.84,1,12.22,65193.84,45930.98,19262.86,Retail,Card,Yes,4,2024
INV-02122,2024-04-05,Dairy,DA-042,اصفهان,Online,128201.52,4,0.8,512806.09,100214.15,111949.49,Retail,POS,No,4,2024
INV-02123,2024-04-05,Personal Care,PE-011,شیراز,Pharmacy,91507.83,53,4.0,4849915.09,76645.44,787706.79,Corporate,Card,No,4,2024
INV-02124,2024-04-06,Home Care,HO-011,مشهد,Supermarket,64882.07,12,5.99,778584.86,44454.84,245126.77,Retail,Card,No,4,2024
INV-02125,2024-04-06,Snacks,SN-019,تبریز,Supermarket,60466.16,1,14.89,60466.16,39737.29,20728.87,Retail,Transfer,Yes,4,2024
INV-02126,2024-04-07,Dairy,DA-114,کرج,Wholesale,94742.41,10,1.03,947424.1,75167.94,195744.65,Retail,Transfer,No,4,2024
INV-02127,2024-04-07,Personal Care,PE-044,تهران,Supermarket,83436.27,4,0.5,333745.1,59173.25,97052.1,Retail,Cash,No,4,2024
INV-02128,2024-04-08,Dairy,DA-077,تهران,Hypermarket,109155.85,1,7.34,109155.85,84161.24,24994.61,Retail,Card,Yes,4,2024
INV-02129,2024-04-08,Beverages,BE-058,رشت,Online,68484.38,7,4.0,479390.66,51185.25,121093.89,Retail,Card,No,4,2024
INV-02130,2024-04-08,Dairy,DA-050,مشهد,Pharmacy,122192.27,4,2.63,488769.08,93553.23,114556.17,Retail,Transfer,No,4,2024
INV-02131,2024-04-08,Personal Care,PE-101,شیراز,Wholesale,63040.79,136,24.16,8573547.54,53368.6,1315418.21,Corporate,Card,Yes,4,2024
INV-02132,2024-04-09,Home Care,HO-100,تهران,Wholesale,56938.3,9,0.5,512444.72,49385.89,67971.67,Retail,Card,No,4,2024
INV-02133,2024-04-09,Snacks,SN-110,رشت,Pharmacy,55505.59,26,4.0,1443145.36,43522.03,311572.62,Corporate,Card,No,4,2024
INV-02134,2024-04-09,Snacks,SN-082,مشهد,Supermarket,66940.46,9,3.38,602464.18,48851.02,162805.03,Retail,Card,No,4,2024
INV-02135,2024-04-09,Beverages,BE-061,مشهد,Wholesale,65252.94,9,5.0,587276.48,51711.1,121876.57,Retail,Card,Yes,4,2024
INV-02136,2024-04-09,Personal Care,PE-010,شیراز,Pharmacy,95172.61,22,3.63,2093797.39,77195.78,395490.26,Corporate,Transfer,No,4,2024
INV-02137,2024-04-09,Dairy,DA-057,اهواز,Hypermarket,100438.55,3,6.46,301315.65,67887.16,97654.15,Retail,Cash,Yes,4,2024
INV-02138,2024-04-10,Beverages,BE-132,تهران,Wholesale,72081.59,10,9.97,720815.9,56374.43,157071.63,Retail,Card,Yes,4,2024
INV-02139,2024-04-10,Dairy,DA-120,قم,Wholesale,96237.38,5,6.15,481186.9,75807.29,102150.46,Retail,Cash,Yes,4,2024
INV-02140,2024-04-10,Personal Care,PE-144,قم,Wholesale,84585.4,13,11.02,1099610.23,73781.28,140453.63,Retail,Transfer,Yes,4,2024
INV-02141,2024-04-10,Personal Care,PE-133,قم,Wholesale,102363.35,39,1.16,3992170.76,86076.72,635178.65,Corporate,Card,No,4,2024
INV-02142,2024-04-10,Beverages,BE-029,شیراز,Pharmacy,61685.79,5,3.59,308428.95,48601.6,65420.96,Retail,Card,No,4,2024
INV-02143,2024-04-10,Beverages,BE-080,مشهد,Hypermarket,66305.87,9,7.28,596752.79,46085.31,181984.99,Retail,Transfer,Yes,4,2024
INV-02144,2024-04-10,Beverages,BE-143,رشت,Online,80590.8,7,0.05,564135.59,60195.66,142765.94,Retail,Transfer,No,4,2024
INV-02145,2024-04-11,Dairy,DA-041,شیراز,Online,97868.2,10,14.81,978681.96,76725.1,211431.01,Retail,Transfer,Yes,4,2024
INV-02146,2024-04-11,Dairy,DA-124,قم,Pharmacy,119202.21,4,4.0,476808.83,99537.53,78658.71,Retail,Card,No,4,2024
INV-02147,2024-04-11,Beverages,BE-030,کرمانشاه,Pharmacy,79138.0,2,4.0,158276.0,64799.34,28677.32,Retail,Card,No,4,2024
INV-02148,2024-04-11,Home Care,HO-079,تبریز,Supermarket,50791.04,7,2.2,355537.28,33795.48,118968.9,Retail,Card,No,4,2024
INV-02149,2024-04-12,Dairy,DA-074,اصفهان,Hypermarket,115883.66,57,3.88,6605368.82,87414.8,1622725.06,Corporate,Transfer,No,4,2024
INV-02150,2024-04-13,Personal Care,PE-032,قم,Online,98467.72,8,8.91,787741.74,73746.83,197767.13,Retail,Transfer,Yes,4,2024
INV-02151,2024-04-13,Home Care,HO-020,اصفهان,Supermarket,54391.92,95,4.59,5167232.62,39105.95,1452167.68,Corporate,Cash,No,4,2024
INV-02152,2024-04-14,Dairy,DA-097,کرمانشاه,Wholesale,118569.37,3,12.76,355708.12,102783.57,47357.41,Retail,POS,Yes,4,2024
INV-02153,2024-04-14,Snacks,SN-007,کرمانشاه,Wholesale,65059.81,4,1.6,260239.23,52845.62,48856.77,Retail,Card,No,4,2024
INV-02154,2024-04-14,Beverages,BE-128,تبریز,Wholesale,81945.3,13,5.51,1065288.91,66029.37,206907.1,Corporate,Transfer,No,4,2024
INV-02155,2024-04-14,Beverages,BE-059,قم,Supermarket,67750.7,1,0.13,67750.7,49804.35,17946.36,Retail,Card,No,4,2024
INV-02156,2024-04-15,Dairy,DA-006,مشهد,Hypermarket,103374.05,12,4.22,1240488.65,73294.39,360955.97,Retail,Cash,No,4,2024
INV-02157,2024-04-15,Dairy,DA-128,اهواز,Hypermarket,98109.67,6,1.67,588658.04,69311.49,172789.07,Retail,Cash,No,4,2024
INV-02158,2024-04-15,Snacks,SN-070,تبریز,Hypermarket,71751.73,3,1.26,215255.19,52060.72,59073.03,Retail,POS,No,4,2024
INV-02159,2024-04-15,Home Care,HO-008,مشهد,Wholesale,53584.7,9,2.11,482262.34,44376.47,82874.12,Retail,Card,No,4,2024
INV-02160,2024-04-16,Home Care,HO-017,قم,Supermarket,60309.44,118,0.19,7116514.19,41165.49,2258986.63,Corporate,Transfer,No,4,2024
INV-02161,2024-04-16,Snacks,SN-106,شیراز,Pharmacy,57318.45,8,5.92,458547.63,44190.82,105021.04,Retail,Card,Yes,4,2024
INV-02162,2024-04-17,Snacks,SN-045,اصفهان,Online,64892.37,2,1.93,129784.75,50724.31,28336.12,Retail,POS,No,4,2024
INV-02163,2024-04-17,Personal Care,PE-145,اصفهان,Hypermarket,78234.27,4,7.49,312937.08,59826.03,73632.97,Retail,POS,Yes,4,2024
INV-02164,2024-04-17,Dairy,DA-092,شیراز,Online,101075.77,8,5.31,808606.18,80539.09,164293.47,Retail,Transfer,Yes,4,2024
INV-02165,2024-04-17,Personal Care,PE-106,رشت,Wholesale,96986.16,54,2.7,5237252.77,82113.86,803104.35,Corporate,Cash,No,4,2024
INV-02166,2024-04-17,Home Care,HO-144,تهران,Pharmacy,58095.32,2,1.61,116190.63,44374.61,27441.4,Retail,Transfer,No,4,2024
INV-02167,2024-04-17,Home Care,HO-059,کرمانشاه,Online,47699.35,4,4.0,190797.4,36749.47,43799.52,Retail,Transfer,No,4,2024
INV-02168,2024-04-17,Snacks,SN-119,تهران,Pharmacy,58204.35,49,1.05,2852012.96,47670.61,516153.12,Corporate,Card,No,4,2024
INV-02169,2024-04-17,Personal Care,PE-017,رشت,Online,109897.32,3,12.69,329691.97,80236.57,88982.26,Retail,Transfer,Yes,4,2024
INV-02170,2024-04-18,Personal Care,PE-110,کرج,Wholesale,78246.72,107,3.21,8372398.67,63092.53,1621497.53,Corporate,Card,No,4,2024
INV-02171,2024-04-18,Beverages,BE-085,کرج,Wholesale,73846.66,14,2.14,1033853.25,60449.77,187556.47,Retail,POS,No,4,2024
INV-02172,2024-04-18,Dairy,DA-096,کرج,Pharmacy,85493.74,61,4.0,5215117.9,71590.99,848067.59,Corporate,POS,No,4,2024
INV-02173,2024-04-18,Home Care,HO-009,رشت,Online,55897.23,19,0.49,1062047.31,41142.79,280334.23,Corporate,Transfer,No,4,2024
INV-02174,2024-04-19,Personal Care,PE-040,کرج,Online,114771.41,7,4.0,803399.9,92692.64,154551.44,Retail,Card,No,4,2024
INV-02175,2024-04-19,Home Care,HO-010,رشت,Hypermarket,54913.59,5,2.8,274567.94,41045.27,69341.6,Retail,Transfer,No,4,2024
INV-02176,2024-04-19,Snacks,SN-002,شیراز,Supermarket,60316.95,2,9.83,120633.9,39363.93,41906.04,Retail,Cash,Yes,4,2024
INV-02177,2024-04-20,Dairy,DA-057,رشت,Supermarket,108982.09,2,9.32,217964.19,79937.13,58089.92,Retail,Transfer,Yes,4,2024
INV-02178,2024-04-20,Beverages,BE-069,اهواز,Online,76397.63,2,0.82,152795.27,60548.74,31697.78,Retail,Card,No,4,2024
INV-02179,2024-04-20,Snacks,SN-092,مشهد,Online,57010.56,21,4.0,1197221.7,43037.44,293435.54,Corporate,Card,No,4,2024
INV-02180,2024-04-20,Snacks,SN-049,تهران,Supermarket,68276.41,6,0.86,409658.47,47204.78,126429.78,Retail,Card,No,4,2024
INV-02181,2024-04-20,Personal Care,PE-084,قم,Hypermarket,66711.86,70,24.79,4669829.98,46828.86,1391809.92,Corporate,Transfer,Yes,4,2024
INV-02182,2024-04-20,Personal Care,PE-045,کرمانشاه,Online,90210.33,31,0.17,2796520.09,66799.8,725726.17,Corporate,Transfer,No,4,2024
INV-02183,2024-04-20,Snacks,SN-082,تهران,Hypermarket,76363.28,4,3.16,305453.11,52032.78,97322.0,Retail,Card,No,4,2024
INV-02184,2024-04-20,Personal Care,PE-016,کرمانشاه,Hypermarket,104216.39,7,4.39,729514.7,71398.36,229726.18,Retail,POS,No,4,2024
INV-02185,2024-04-21,Home Care,HO-023,کرمانشاه,Wholesale,47347.77,3,1.39,142043.3,38251.22,27289.63,Retail,Transfer,No,4,2024
INV-02186,2024-04-21,Snacks,SN-029,مشهد,Supermarket,59116.93,7,2.27,413818.5,40576.08,129785.96,Retail,Card,No,4,2024
INV-02187,2024-04-21,Dairy,DA-036,رشت,Online,82872.37,5,2.25,414361.84,63978.37,94470.0,Retail,Card,No,4,2024
INV-02188,2024-04-21,Home Care,HO-072,اهواز,Online,31801.61,6,15.38,190809.66,24912.43,41335.05,Retail,Card,Yes,4,2024
INV-02189,2024-04-21,Personal Care,PE-068,تهران,Pharmacy,91682.28,8,15.13,733458.22,71938.05,157953.81,Retail,Card,Yes,4,2024
INV-02190,2024-04-21,Snacks,SN-038,کرج,Online,77371.33,45,0.34,3481709.78,62727.81,658958.21,Corporate,Transfer,No,4,2024
INV-02191,2024-04-21,Personal Care,PE-024,اهواز,Supermarket,119201.18,82,4.27,9774496.38,80077.8,3208116.65,Corporate,POS,No,4,2024
INV-02192,2024-04-21,Dairy,DA-129,کرمانشاه,Wholesale,112694.46,58,1.63,6536278.9,90741.56,1273268.52,Corporate,Card,No,4,2024
INV-02193,2024-04-21,Dairy,DA-107,اصفهان,Wholesale,125566.46,10,0.42,1255664.57,99241.25,263252.09,Retail,Transfer,No,4,2024
INV-02194,2024-04-22,Personal Care,PE-128,اصفهان,Hypermarket,87150.4,12,14.36,1045804.77,64264.2,274634.39,Retail,Card,Yes,4,2024
INV-02195,2024-04-22,Personal Care,PE-100,تهران,Online,96498.21,3,2.11,289494.62,75194.8,63910.22,Retail,Cash,No,4,2024
INV-02196,2024-04-23,Snacks,SN-093,کرج,Online,61819.24,3,7.39,185457.71,48457.08,40086.46,Retail,Transfer,Yes,4,2024
INV-02197,2024-04-23,Home Care,HO-001,کرج,Supermarket,60196.23,89,2.1,5357464.75,42948.39,1535058.39,Corporate,Card,No,4,2024
INV-02198,2024-04-23,Home Care,HO-076,کرمانشاه,Supermarket,49293.17,8,8.57,394345.37,32573.34,133758.67,Retail,Transfer,Yes,4,2024
INV-02199,2024-04-23,Home Care,HO-080,مشهد,Wholesale,47649.27,5,2.27,238246.34,38436.47,46063.97,Retail,Transfer,No,4,2024
INV-02200,2024-04-23,Dairy,DA-119,تهران,Supermarket,105390.49,12,4.96,1264685.85,68779.05,439337.29,Retail,Card,No,4,2024
INV-02201,2024-04-23,Personal Care,PE-095,کرمانشاه,Supermarket,96778.99,15,0.01,1451684.84,68617.43,422423.34,Corporate,Transfer,No,4,2024
INV-02202,2024-04-24,Snacks,SN-109,رشت,Hypermarket,53650.99,8,4.64,429207.93,39075.17,116606.56,Retail,Card,No,4,2024
INV-02203,2024-04-24,Home Care,HO-109,اهواز,Supermarket,51629.52,9,0.22,464665.65,35066.79,149064.53,Retail,Transfer,No,4,2024
INV-02204,2024-04-24,Snacks,SN-018,تبریز,Pharmacy,52123.41,6,11.13,312740.45,41271.05,65114.15,Retail,Card,Yes,4,2024
INV-02205,2024-04-24,Personal Care,PE-034,رشت,Online,107972.19,47,4.0,5074692.78,80850.05,1274740.26,Corporate,Transfer,No,4,2024
INV-02206,2024-04-24,Snacks,SN-037,کرمانشاه,Supermarket,61536.14,2,9.02,123072.28,40281.99,42508.3,Retail,POS,Yes,4,2024
INV-02207,2024-04-25,Personal Care,PE-037,کرج,Pharmacy,86443.91,1,12.81,86443.91,72065.75,14378.16,Retail,POS,Yes,4,2024
INV-02208,2024-04-25,Dairy,DA-009,اهواز,Wholesale,119241.74,11,2.34,1311659.16,102642.19,182595.03,Retail,Transfer,No,4,2024
INV-02209,2024-04-25,Home Care,HO-057,کرج,Pharmacy,51813.75,15,3.87,777206.24,40510.92,169542.48,Corporate,Transfer,No,4,2024
INV-02210,2024-04-26,Beverages,BE-114,کرج,Online,66179.97,1,1.88,66179.97,49022.66,17157.32,Retail,Card,No,4,2024
INV-02211,2024-04-26,Home Care,HO-041,کرمانشاه,Pharmacy,40921.67,5,3.69,204608.34,33995.9,34628.84,Retail,Cash,No,4,2024
INV-02212,2024-04-26,Personal Care,PE-100,رشت,Wholesale,120017.38,133,0.51,15962311.4,95985.9,3196186.47,Corporate,Transfer,No,4,2024
INV-02213,2024-04-26,Home Care,HO-084,قم,Wholesale,48231.0,129,0.37,6221799.59,37675.72,1361631.55,Corporate,Cash,No,4,2024
INV-02214,2024-04-26,Dairy,DA-147,قم,Pharmacy,81409.61,45,15.55,3663432.42,61664.31,888538.46,Corporate,Cash,Yes,4,2024
INV-02215,2024-04-26,Personal Care,PE-135,شیراز,Online,118286.66,9,4.0,1064579.95,88122.8,271474.71,Retail,Card,No,4,2024
INV-02216,2024-04-27,Dairy,DA-086,تهران,Wholesale,122661.06,7,5.73,858627.41,100247.07,156897.9,Retail,Card,No,4,2024
INV-02217,2024-04-27,Dairy,DA-034,اصفهان,Online,113558.5,6,0.44,681351.01,91091.13,134804.22,Retail,Transfer,No,4,2024
INV-02218,2024-04-27,Home Care,HO-107,اهواز,Wholesale,52383.97,7,3.78,366687.76,43350.89,63231.5,Retail,Card,No,4,2024
INV-02219,2024-04-27,Dairy,DA-120,کرمانشاه,Pharmacy,100591.81,9,0.78,905326.26,82054.35,166837.15,Retail,Transfer,No,4,2024
INV-02220,2024-04-27,Home Care,HO-080,تهران,Online,51264.26,76,4.0,3896083.98,41076.98,774233.87,Corporate,Card,No,4,2024
INV-02221,2024-04-28,Dairy,DA-108,قم,Supermarket,102745.64,11,4.02,1130202.09,76739.07,286072.32,Retail,Transfer,No,4,2024
INV-02222,2024-04-28,Home Care,HO-134,تبریز,Pharmacy,63822.46,40,0.36,2552898.59,50918.22,516169.74,Corporate,Card,No,4,2024
INV-02223,2024-04-28,Personal Care,PE-043,کرج,Online,101341.26,1,1.7,101341.26,74814.42,26526.84,Retail,Card,No,4,2024
INV-02224,2024-04-28,Home Care,HO-085,تهران,Wholesale,53920.45,4,1.88,215681.79,42782.55,44551.61,Retail,Card,No,4,2024
INV-02225,2024-04-28,Personal Care,PE-017,تبریز,Supermarket,113504.76,11,2.95,1248552.35,79817.92,370555.22,Retail,Card,No,4,2024
INV-02226,2024-04-29,Snacks,SN-007,شیراز,Pharmacy,57336.31,7,16.16,401354.17,48312.89,63163.93,Retail,Card,Yes,4,2024
INV-02227,2024-04-30,Snacks,SN-144,کرمانشاه,Pharmacy,62937.47,6,4.0,377624.81,52532.93,62427.21,Retail,Card,No,4,2024
INV-02228,2024-04-30,Personal Care,PE-134,مشهد,Supermarket,87260.5,53,21.69,4624806.61,56977.52,1604998.14,Corporate,Transfer,Yes,4,2024
INV-02229,2024-04-30,Home Care,HO-070,کرج,Pharmacy,53783.79,19,1.4,1021891.95,40561.79,251217.94,Corporate,Transfer,No,4,2024
INV-02230,2024-04-30,Home Care,HO-112,تبریز,Wholesale,64143.69,115,4.16,7376523.99,50789.24,1535761.84,Corporate,Cash,No,4,2024
INV-02231,2024-04-30,Beverages,BE-030,رشت,Pharmacy,72588.21,7,0.12,508117.47,60083.43,87533.48,Retail,Card,No,4,2024
INV-02232,2024-04-30,Snacks,SN-007,کرمانشاه,Hypermarket,58859.39,11,3.2,647453.24,41717.89,188556.41,Retail,Cash,No,4,2024
INV-02233,2024-04-30,Dairy,DA-015,کرمانشاه,Wholesale,103360.35,138,13.1,14263728.18,81237.57,3052943.6,Corporate,Transfer,Yes,4,2024
INV-02234,2024-05-01,Beverages,BE-002,قم,Pharmacy,51606.65,38,22.21,1961052.71,43063.64,324634.56,Corporate,Transfer,Yes,5,2024
INV-02235,2024-05-01,Dairy,DA-114,کرمانشاه,Hypermarket,103981.43,11,1.76,1143795.73,73469.46,335631.68,Retail,Transfer,No,5,2024
INV-02236,2024-05-01,Dairy,DA-116,کرمانشاه,Pharmacy,105376.42,3,3.22,316129.27,89537.03,47518.17,Retail,Transfer,No,5,2024
INV-02237,2024-05-02,Dairy,DA-149,شیراز,Online,100562.21,47,4.0,4726423.64,73719.58,1261603.32,Corporate,Transfer,No,5,2024
INV-02238,2024-05-02,Home Care,HO-058,اهواز,Wholesale,70756.05,15,3.9,1061340.77,57973.43,191739.33,Retail,Card,No,5,2024
INV-02239,2024-05-02,Dairy,DA-025,اصفهان,Wholesale,108172.74,12,5.22,1298072.82,89483.67,224268.79,Retail,Transfer,No,5,2024
INV-02240,2024-05-02,Snacks,SN-123,اهواز,Wholesale,49282.29,93,5.77,4583253.26,42817.18,601255.82,Corporate,Transfer,No,5,2024
INV-02241,2024-05-02,Personal Care,PE-128,اهواز,Supermarket,88040.28,2,2.61,176080.55,59637.18,56806.2,Retail,Card,No,5,2024
INV-02242,2024-05-02,Beverages,BE-109,کرمانشاه,Pharmacy,69942.16,5,0.6,349710.81,53646.33,81479.15,Retail,Transfer,No,5,2024
INV-02243,2024-05-03,Dairy,DA-116,رشت,Wholesale,112432.42,11,0.9,1236756.57,87817.24,270766.93,Retail,Transfer,No,5,2024
INV-02244,2024-05-03,Home Care,HO-021,شیراز,Pharmacy,53759.84,2,4.0,107519.68,43628.52,20262.65,Retail,Transfer,No,5,2024
INV-02245,2024-05-03,Personal Care,PE-052,قم,Supermarket,69255.41,7,10.26,484787.9,45879.95,163628.26,Retail,Card,Yes,5,2024
INV-02246,2024-05-03,Personal Care,PE-071,کرمانشاه,Supermarket,108598.3,48,0.32,5212718.42,75572.65,1585231.44,Corporate,Card,No,5,2024
INV-02247,2024-05-03,Home Care,HO-074,مشهد,Online,48950.63,9,4.0,440555.69,37370.22,104223.73,Retail,Cash,No,5,2024
INV-02248,2024-05-03,Personal Care,PE-053,مشهد,Pharmacy,100212.59,4,3.85,400850.35,81793.34,73676.99,Retail,Transfer,No,5,2024
INV-02249,2024-05-04,Home Care,HO-056,مشهد,Wholesale,63838.32,9,8.38,574544.84,55267.75,77135.09,Retail,Cash,Yes,5,2024
INV-02250,2024-05-04,Personal Care,PE-027,رشت,Wholesale,101972.19,6,2.56,611833.12,87424.12,87288.4,Retail,Transfer,No,5,2024
INV-02251,2024-05-04,Snacks,SN-095,تهران,Supermarket,57200.56,11,4.39,629206.19,40954.55,178706.12,Retail,Transfer,No,5,2024
INV-02252,2024-05-04,Snacks,SN-136,اهواز,Hypermarket,54136.01,107,4.64,5792553.55,41289.53,1374573.89,Corporate,Transfer,No,5,2024
INV-02253,2024-05-04,Personal Care,PE-095,مشهد,Wholesale,114325.46,137,5.15,15662588.59,100246.92,1928760.61,Corporate,Transfer,No,5,2024
INV-02254,2024-05-04,Beverages,BE-143,کرمانشاه,Online,67903.42,9,4.0,611130.81,50907.95,152959.27,Retail,Card,No,5,2024
INV-02255,2024-05-04,Snacks,SN-050,اهواز,Wholesale,59055.2,5,14.12,295276.0,48618.91,52181.47,Retail,Card,Yes,5,2024
INV-02256,2024-05-04,Personal Care,PE-052,تهران,Pharmacy,106234.16,9,3.74,956107.43,86465.64,177916.71,Retail,Transfer,No,5,2024
INV-02257,2024-05-04,Dairy,DA-103,رشت,Hypermarket,112105.32,12,5.23,1345263.84,79602.82,390030.03,Retail,Card,No,5,2024
INV-02258,2024-05-05,Home Care,HO-083,تهران,Hypermarket,41502.05,121,2.2,5021747.56,29352.02,1470153.4,Corporate,Card,No,5,2024
INV-02259,2024-05-05,Home Care,HO-046,تهران,Pharmacy,40695.08,5,5.93,203475.42,31367.59,46637.44,Retail,Card,Yes,5,2024
INV-02260,2024-05-05,Dairy,DA-036,قم,Supermarket,111092.25,5,5.9,555461.23,73784.77,186537.38,Retail,Card,No,5,2024
INV-02261,2024-05-06,Home Care,HO-119,تهران,Pharmacy,56338.2,33,3.78,1859160.63,43624.29,419559.05,Corporate,Card,No,5,2024
INV-02262,2024-05-06,Home Care,HO-044,مشهد,Pharmacy,64290.46,6,3.55,385742.78,49013.17,91663.76,Retail,Card,No,5,2024
INV-02263,2024-05-06,Home Care,HO-112,تهران,Pharmacy,46200.55,6,16.49,277203.28,36691.53,57054.12,Retail,Card,Yes,5,2024
INV-02264,2024-05-06,Home Care,HO-057,رشت,Online,51336.78,1,4.0,51336.78,41265.13,10071.65,Retail,Card,No,5,2024
INV-02265,2024-05-06,Personal Care,PE-088,شیراز,Supermarket,81493.49,104,5.9,8475323.35,59895.78,2246162.75,Corporate,Transfer,No,5,2024
INV-02266,2024-05-06,Dairy,DA-126,کرج,Online,123800.06,43,12.49,5323402.67,93981.73,1282188.37,Corporate,Card,Yes,5,2024
INV-02267,2024-05-06,Home Care,HO-033,اهواز,Supermarket,59346.45,3,3.2,178039.35,40734.81,55834.92,Retail,Card,No,5,2024
INV-02268,2024-05-07,Snacks,SN-118,مشهد,Supermarket,68917.68,4,3.69,275670.72,47064.53,87412.59,Retail,Transfer,No,5,2024
INV-02269,2024-05-07,Personal Care,PE-025,رشت,Hypermarket,105674.73,4,4.33,422698.93,77817.09,111430.59,Retail,Card,No,5,2024
INV-02270,2024-05-07,Snacks,SN-137,کرمانشاه,Hypermarket,59445.56,11,4.85,653901.14,42556.82,185776.12,Retail,Cash,No,5,2024
INV-02271,2024-05-07,Dairy,DA-020,شیراز,Supermarket,104232.54,11,5.92,1146557.92,76699.5,302863.46,Retail,Transfer,No,5,2024
INV-02272,2024-05-07,Home Care,HO-114,کرمانشاه,Hypermarket,50121.95,62,13.81,3107560.74,37297.46,795118.1,Corporate,Transfer,Yes,5,2024
INV-02273,2024-05-07,Dairy,DA-019,اصفهان,Online,100590.66,1,0.06,100590.66,80934.34,19656.32,Retail,POS,No,5,2024
INV-02274,2024-05-07,Personal Care,PE-010,تبریز,Hypermarket,122877.71,59,4.44,7249785.12,86719.72,2133321.4,Corporate,Transfer,No,5,2024
INV-02275,2024-05-07,Home Care,HO-104,قم,Wholesale,49557.08,3,3.09,148671.23,41536.33,24062.24,Retail,Card,No,5,2024
INV-02276,2024-05-07,Personal Care,PE-143,اصفهان,Wholesale,118364.82,155,5.34,18346546.75,102462.22,2464902.39,Corporate,Transfer,No,5,2024
INV-02277,2024-05-08,Snacks,SN-053,کرج,Pharmacy,57942.44,21,15.42,1216791.28,44670.6,278708.65,Corporate,Transfer,Yes,5,2024
INV-02278,2024-05-08,Personal Care,PE-061,کرج,Hypermarket,79586.84,7,4.2,557107.9,60194.88,135743.72,Retail,Transfer,No,5,2024
INV-02279,2024-05-08,Dairy,DA-149,تبریز,Pharmacy,101156.75,7,0.64,708097.25,82036.18,133843.98,Retail,Transfer,No,5,2024
INV-02280,2024-05-08,Personal Care,PE-007,اهواز,Wholesale,72847.03,1,10.32,72847.03,60714.86,12132.16,Retail,Transfer,Yes,5,2024
INV-02281,2024-05-08,Beverages,BE-010,رشت,Pharmacy,61947.03,2,6.18,123894.07,47285.12,29323.83,Retail,Transfer,Yes,5,2024
INV-02282,2024-05-08,Dairy,DA-039,شیراز,Online,104094.02,10,15.37,1040940.23,81691.72,224023.0,Retail,Card,Yes,5,2024
INV-02283,2024-05-08,Home Care,HO-006,قم,Pharmacy,52954.31,1,2.7,52954.31,43101.0,9853.31,Retail,Card,No,5,2024
INV-02284,2024-05-09,Home Care,HO-140,اهواز,Pharmacy,60327.03,93,1.65,5610414.14,48611.14,1089578.47,Corporate,Transfer,No,5,2024
INV-02285,2024-05-09,Dairy,DA-048,رشت,Hypermarket,114493.49,10,3.81,1144934.89,86868.02,276254.71,Retail,Card,No,5,2024
INV-02286,2024-05-09,Beverages,BE-051,شیراز,Online,71731.21,44,0.27,3156173.46,56076.18,688821.51,Corporate,Transfer,No,5,2024
INV-02287,2024-05-09,Snacks,SN-005,تهران,Supermarket,69057.89,7,0.51,483405.26,49943.97,133797.49,Retail,Transfer,No,5,2024
INV-02288,2024-05-10,Personal Care,PE-100,تهران,Pharmacy,87510.8,4,4.0,350043.2,66376.29,84538.02,Retail,Card,No,5,2024
INV-02289,2024-05-10,Beverages,BE-122,شیراز,Supermarket,52473.0,54,17.51,2833542.23,37554.5,805599.45,Corporate,Card,Yes,5,2024
INV-02290,2024-05-10,Dairy,DA-111,رشت,Pharmacy,97110.24,3,1.75,291330.71,78396.08,56142.46,Retail,Cash,No,5,2024
INV-02291,2024-05-10,Home Care,HO-139,قم,Wholesale,45315.78,5,3.07,226578.89,35932.76,46915.11,Retail,POS,No,5,2024
INV-02292,2024-05-10,Dairy,DA-056,اهواز,Supermarket,97039.91,11,17.5,1067439.04,70804.67,288587.65,Retail,Transfer,Yes,5,2024
INV-02293,2024-05-10,Home Care,HO-062,مشهد,Online,60423.5,4,3.22,241694.0,48584.16,47357.36,Retail,Cash,No,5,2024
INV-02294,2024-05-10,Personal Care,PE-049,کرمانشاه,Wholesale,90852.39,11,13.02,999376.33,76166.44,161545.5,Retail,POS,Yes,5,2024
INV-02295,2024-05-10,Snacks,SN-030,کرمانشاه,Online,64835.19,62,4.0,4019781.95,48498.98,1012845.11,Corporate,Card,No,5,2024
INV-02296,2024-05-11,Beverages,BE-076,اصفهان,Supermarket,66120.66,112,13.5,7405513.46,48247.17,2001830.46,Corporate,Cash,Yes,5,2024
INV-02297,2024-05-11,Snacks,SN-097,تبریز,Pharmacy,57320.34,1,1.91,57320.34,45449.71,11870.63,Retail,Transfer,No,5,2024
INV-02298,2024-05-11,Dairy,DA-088,تهران,Pharmacy,120548.5,42,0.63,5063036.84,93947.26,1117252.09,Corporate,Transfer,No,5,2024
INV-02299,2024-05-11,Home Care,HO-051,رشت,Pharmacy,67171.63,2,4.0,134343.25,54553.1,25237.04,Retail,Card,No,5,2024
INV-02300,2024-05-12,Dairy,DA-062,اهواز,Online,118125.68,2,4.0,236251.36,88139.39,59972.59,Retail,Card,No,5,2024
INV-02301,2024-05-12,Personal Care,PE-075,مشهد,Online,94322.68,7,4.0,660258.74,74012.49,142171.34,Retail,Card,No,5,2024
INV-02302,2024-05-12,Home Care,HO-039,کرمانشاه,Pharmacy,58975.81,6,13.16,353854.84,49147.91,58967.4,Retail,Transfer,Yes,5,2024
INV-02303,2024-05-12,Personal Care,PE-076,کرج,Hypermarket,108761.68,2,3.09,217523.36,83841.96,49839.43,Retail,Transfer,No,5,2024
INV-02304,2024-05-13,Home Care,HO-146,مشهد,Supermarket,57106.62,8,5.22,456852.98,41705.85,123206.22,Retail,POS,No,5,2024
INV-02305,2024-05-13,Home Care,HO-017,کرج,Supermarket,48815.28,91,4.92,4442190.49,35377.23,1222862.93,Corporate,Card,No,5,2024
INV-02306,2024-05-13,Beverages,BE-070,شیراز,Hypermarket,67334.85,8,3.54,538678.83,49745.31,140716.33,Retail,Transfer,No,5,2024
INV-02307,2024-05-13,Beverages,BE-075,کرمانشاه,Online,66054.38,4,9.42,264217.53,51865.3,56756.32,Retail,Card,Yes,5,2024
INV-02308,2024-05-13,Dairy,DA-083,مشهد,Pharmacy,98089.15,9,8.69,882802.39,80395.6,159242.01,Retail,Card,Yes,5,2024
INV-02309,2024-05-13,Home Care,HO-089,اصفهان,Wholesale,48125.15,4,3.95,192500.58,40806.26,29275.54,Retail,Transfer,No,5,2024
INV-02310,2024-05-13,Personal Care,PE-136,کرمانشاه,Wholesale,83375.64,1,5.58,83375.64,70905.13,12470.52,Retail,Cash,No,5,2024
INV-02311,2024-05-13,Snacks,SN-082,اهواز,Online,59159.12,1,4.0,59159.12,43348.12,15811.0,Retail,Transfer,No,5,2024
INV-02312,2024-05-14,Home Care,HO-026,رشت,Hypermarket,60775.57,3,4.45,182326.72,43907.37,50604.61,Retail,Cash,No,5,2024
INV-02313,2024-05-14,Dairy,DA-020,مشهد,Online,96665.03,86,11.01,8313192.74,71334.61,2178416.61,Corporate,Card,Yes,5,2024
INV-02314,2024-05-14,Snacks,SN-084,تبریز,Pharmacy,59677.28,60,2.41,3580636.99,46695.49,778907.58,Corporate,Transfer,No,5,2024
INV-02315,2024-05-14,Beverages,BE-119,تبریز,Supermarket,57530.96,92,10.31,5292848.5,42976.08,1339049.0,Corporate,POS,Yes,5,2024
INV-02316,2024-05-14,Beverages,BE-014,قم,Pharmacy,82222.3,45,1.54,3700003.66,68916.98,598739.54,Corporate,Card,No,5,2024
INV-02317,2024-05-14,Personal Care,PE-040,تهران,Online,97361.33,4,4.0,389445.33,73841.28,94080.23,Retail,Transfer,No,5,2024
INV-02318,2024-05-14,Beverages,BE-004,قم,Supermarket,64511.77,1,5.03,64511.77,43187.89,21323.89,Retail,POS,No,5,2024
INV-02319,2024-05-15,Beverages,BE-101,تهران,Wholesale,67365.3,83,3.77,5591319.69,52898.04,1200781.96,Corporate,Transfer,No,5,2024
INV-02320,2024-05-15,Dairy,DA-105,مشهد,Online,115053.67,3,0.03,345161.01,83940.78,93338.68,Retail,Transfer,No,5,2024
INV-02321,2024-05-15,Beverages,BE-110,اهواز,Online,54157.71,2,16.08,108315.43,42156.15,24003.12,Retail,Card,Yes,5,2024
INV-02322,2024-05-15,Personal Care,PE-016,تهران,Wholesale,110767.49,1,8.02,110767.49,86729.5,24037.99,Retail,Card,Yes,5,2024
INV-02323,2024-05-16,Snacks,SN-102,تهران,Online,64711.77,10,0.21,647117.67,52793.07,119186.97,Retail,Transfer,No,5,2024
INV-02324,2024-05-16,Snacks,SN-101,قم,Supermarket,64134.41,1,5.2,64134.41,46771.08,17363.33,Retail,Cash,Yes,5,2024
INV-02325,2024-05-17,Dairy,DA-097,مشهد,Supermarket,107367.45,3,0.25,322102.36,73956.77,100232.04,Retail,Card,No,5,2024
INV-02326,2024-05-17,Personal Care,PE-104,کرمانشاه,Pharmacy,93855.61,1,4.0,93855.61,76329.27,17526.34,Retail,Card,No,5,2024
INV-02327,2024-05-17,Snacks,SN-018,رشت,Supermarket,66084.78,47,10.42,3105984.84,46100.64,939254.74,Corporate,POS,Yes,5,2024
INV-02328,2024-05-17,Home Care,HO-083,رشت,Online,54411.4,1,15.25,54411.4,40240.17,14171.23,Retail,Card,Yes,5,2024
INV-02329,2024-05-17,Dairy,DA-078,مشهد,Hypermarket,110376.01,4,4.47,441504.04,85210.3,100662.85,Retail,Card,No,5,2024
INV-02330,2024-05-17,Dairy,DA-083,مشهد,Supermarket,94290.89,103,16.93,9711961.93,64669.13,3051041.37,Corporate,Transfer,Yes,5,2024
INV-02331,2024-05-18,Dairy,DA-048,مشهد,Wholesale,116474.37,12,3.14,1397692.4,91757.26,296605.27,Retail,Transfer,No,5,2024
INV-02332,2024-05-18,Dairy,DA-007,کرج,Supermarket,88422.9,8,4.67,707383.24,63116.67,202449.85,Retail,Card,No,5,2024
INV-02333,2024-05-19,Dairy,DA-147,کرمانشاه,Wholesale,112143.38,92,0.91,10317191.31,93745.32,1692622.02,Corporate,Cash,No,5,2024
INV-02334,2024-05-19,Home Care,HO-053,تبریز,Pharmacy,45815.35,12,4.0,549784.25,36236.03,114951.84,Corporate,Transfer,No,5,2024
INV-02335,2024-05-19,Personal Care,PE-045,تبریز,Online,83203.12,1,17.41,83203.12,67699.94,15503.18,Retail,Transfer,Yes,5,2024
INV-02336,2024-05-19,Snacks,SN-011,رشت,Online,66340.51,12,4.0,796086.09,54177.38,145957.52,Corporate,Cash,No,5,2024
INV-02337,2024-05-20,Home Care,HO-101,شیراز,Wholesale,62675.87,1,2.34,62675.87,52240.37,10435.5,Retail,Card,No,5,2024
INV-02338,2024-05-20,Dairy,DA-008,کرج,Pharmacy,93781.57,89,0.36,8346559.6,76730.78,1517520.54,Corporate,Card,No,5,2024
INV-02339,2024-05-20,Home Care,HO-144,مشهد,Pharmacy,46782.74,8,3.91,374261.94,35725.88,88454.93,Retail,Transfer,No,5,2024
INV-02340,2024-05-20,Beverages,BE-129,قم,Pharmacy,65735.86,1,12.09,65735.86,51188.4,14547.45,Retail,Card,Yes,5,2024
INV-02341,2024-05-20,Personal Care,PE-104,اهواز,Online,94444.29,7,7.57,661110.04,76327.94,126814.48,Retail,Card,Yes,5,2024
INV-02342,2024-05-21,Dairy,DA-063,کرمانشاه,Pharmacy,102884.41,2,4.0,205768.81,80104.02,45560.77,Retail,Card,No,5,2024
INV-02343,2024-05-21,Personal Care,PE-133,کرج,Supermarket,85775.56,109,5.51,9349536.26,59672.31,2845254.37,Corporate,Transfer,No,5,2024
INV-02344,2024-05-21,Beverages,BE-108,قم,Pharmacy,60361.04,8,4.0,482888.35,48449.14,95295.21,Retail,Transfer,No,5,2024
INV-02345,2024-05-21,Snacks,SN-045,تهران,Pharmacy,50018.71,4,2.98,200074.85,38809.78,44835.75,Retail,Transfer,No,5,2024
INV-02346,2024-05-21,Beverages,BE-027,مشهد,Online,69762.17,9,14.16,627859.5,54705.89,135506.47,Corporate,Cash,Yes,5,2024
INV-02347,2024-05-21,Home Care,HO-131,تهران,Wholesale,55476.85,36,4.85,1997166.6,45662.74,353307.96,Corporate,Card,No,5,2024
INV-02348,2024-05-22,Beverages,BE-095,اهواز,Wholesale,70836.93,6,1.84,425021.61,59058.03,70673.44,Retail,POS,No,5,2024
INV-02349,2024-05-22,Snacks,SN-017,کرج,Hypermarket,43448.43,9,12.37,391035.83,32528.63,98278.16,Retail,Transfer,Yes,5,2024
INV-02350,2024-05-22,Dairy,DA-004,قم,Supermarket,104117.58,29,1.79,3019409.9,69091.91,1015744.56,Corporate,Card,No,5,2024
INV-02351,2024-05-22,Dairy,DA-056,اهواز,Hypermarket,95840.32,9,4.32,862562.85,68333.3,247563.11,Retail,Transfer,No,5,2024
INV-02352,2024-05-22,Home Care,HO-053,شیراز,Supermarket,59066.69,9,2.83,531600.2,44292.68,132966.11,Retail,Card,No,5,2024
INV-02353,2024-05-23,Snacks,SN-145,کرج,Online,70081.12,5,3.52,350405.62,56201.95,69395.89,Retail,Card,No,5,2024
INV-02354,2024-05-23,Home Care,HO-111,رشت,Supermarket,45379.12,12,1.31,544549.5,33041.34,148053.41,Retail,Transfer,No,5,2024
INV-02355,2024-05-23,Snacks,SN-060,مشهد,Pharmacy,51550.81,6,4.0,309304.87,41876.6,58045.27,Retail,Transfer,No,5,2024
INV-02356,2024-05-23,Snacks,SN-124,کرج,Supermarket,62684.71,7,4.21,438792.95,42809.13,139129.07,Retail,Card,No,5,2024
INV-02357,2024-05-23,Beverages,BE-015,رشت,Supermarket,66572.96,18,13.58,1198313.29,45147.32,385661.58,Corporate,Transfer,Yes,5,2024
INV-02358,2024-05-23,Snacks,SN-142,کرمانشاه,Pharmacy,62194.96,4,1.31,248779.83,49916.42,49114.15,Retail,Card,No,5,2024
INV-02359,2024-05-23,Snacks,SN-044,شیراز,Hypermarket,57637.08,6,1.62,345822.48,40065.66,105428.5,Retail,POS,No,5,2024
INV-02360,2024-05-24,Home Care,HO-114,رشت,Online,52950.65,1,0.15,52950.65,43294.29,9656.36,Retail,Card,No,5,2024
INV-02361,2024-05-24,Snacks,SN-093,اصفهان,Online,60675.92,1,3.86,60675.92,48531.26,12144.66,Retail,Card,No,5,2024
INV-02362,2024-05-24,Beverages,BE-107,رشت,Online,52567.34,8,4.0,420538.75,39519.93,104379.34,Retail,Transfer,No,5,2024
INV-02363,2024-05-25,Personal Care,PE-136,مشهد,Online,90694.75,36,22.79,3265011.16,66689.43,864191.73,Corporate,Cash,Yes,5,2024
INV-02364,2024-05-25,Personal Care,PE-057,تبریز,Hypermarket,102658.62,8,1.0,821268.94,68983.54,269400.62,Retail,Transfer,No,5,2024
INV-02365,2024-05-26,Home Care,HO-033,تهران,Hypermarket,61245.39,11,3.03,673699.26,42814.35,202741.41,Retail,Transfer,No,5,2024
INV-02366,2024-05-26,Home Care,HO-066,رشت,Pharmacy,42358.5,5,6.95,211792.48,35570.73,33938.81,Retail,Card,Yes,5,2024
INV-02367,2024-05-26,Beverages,BE-129,کرج,Wholesale,60610.95,12,2.41,727331.43,48050.68,150723.23,Retail,Transfer,No,5,2024
INV-02368,2024-05-26,Home Care,HO-050,اصفهان,Wholesale,41640.76,5,17.08,208203.79,32961.0,43398.79,Retail,Card,Yes,5,2024
INV-02369,2024-05-27,Snacks,SN-040,مشهد,Wholesale,59164.41,11,14.23,650808.51,51794.57,81068.28,Retail,Transfer,Yes,5,2024
INV-02370,2024-05-27,Home Care,HO-112,قم,Hypermarket,56974.3,5,4.38,284871.5,38708.37,91329.65,Retail,Cash,No,5,2024
INV-02371,2024-05-27,Beverages,BE-008,تهران,Hypermarket,68567.74,11,5.25,754245.13,51475.16,188018.41,Retail,Transfer,No,5,2024
INV-02372,2024-05-27,Personal Care,PE-109,کرمانشاه,Pharmacy,91849.99,3,0.85,275549.97,75757.03,48278.87,Retail,Cash,No,5,2024
INV-02373,2024-05-27,Snacks,SN-039,شیراز,Hypermarket,48867.12,28,1.53,1368279.35,34594.7,399627.79,Corporate,Cash,No,5,2024
INV-02374,2024-05-27,Dairy,DA-028,رشت,Pharmacy,120733.04,11,4.0,1328063.44,98413.54,245514.47,Corporate,Transfer,No,5,2024
INV-02375,2024-05-27,Snacks,SN-143,مشهد,Online,63471.77,40,0.82,2538870.81,47681.87,631596.04,Corporate,Card,No,5,2024
INV-02376,2024-05-27,Snacks,SN-144,شیراز,Pharmacy,53355.39,54,4.0,2881191.13,42747.93,572803.09,Corporate,Card,No,5,2024
INV-02377,2024-05-28,Beverages,BE-068,اصفهان,Supermarket,54497.73,11,6.0,599475.0,35562.29,208289.85,Retail,Card,Yes,5,2024
INV-02378,2024-05-28,Beverages,BE-096,تهران,Supermarket,57408.39,19,14.51,1090759.43,41250.35,307002.75,Corporate,Card,Yes,5,2024
INV-02379,2024-05-28,Dairy,DA-075,اهواز,Supermarket,116692.1,4,3.12,466768.41,80012.09,146720.05,Retail,Card,No,5,2024
INV-02380,2024-05-28,Dairy,DA-031,مشهد,Online,113672.33,4,4.0,454689.33,87204.83,105870.01,Retail,Card,No,5,2024
INV-02381,2024-05-28,Home Care,HO-113,اصفهان,Wholesale,56615.58,13,0.46,736002.52,47919.06,113054.75,Retail,Card,No,5,2024
INV-02382,2024-05-28,Snacks,SN-070,اصفهان,Supermarket,53541.21,7,12.11,374788.46,38744.47,103577.16,Retail,Cash,Yes,5,2024
INV-02383,2024-05-28,Snacks,SN-051,کرج,Supermarket,67390.4,6,7.91,404342.4,45556.67,131002.4,Retail,POS,Yes,5,2024
INV-02384,2024-05-28,Dairy,DA-125,کرج,Supermarket,100641.86,8,3.51,805134.86,68097.53,260354.6,Retail,POS,No,5,2024
INV-02385,2024-05-28,Home Care,HO-107,اصفهان,Wholesale,47441.51,2,5.15,94883.02,37897.18,19088.66,Retail,Cash,Yes,5,2024
INV-02386,2024-05-29,Home Care,HO-044,شیراز,Pharmacy,53893.26,1,0.92,53893.26,45106.73,8786.53,Retail,Card,No,5,2024
INV-02387,2024-05-29,Home Care,HO-093,شیراز,Pharmacy,52574.15,5,2.81,262870.73,40242.59,61657.8,Retail,Transfer,No,5,2024
INV-02388,2024-05-29,Snacks,SN-099,کرمانشاه,Pharmacy,86110.16,4,1.56,344440.65,72217.88,55569.12,Retail,Transfer,No,5,2024
INV-02389,2024-05-29,Beverages,BE-124,رشت,Hypermarket,49391.43,5,16.03,246957.17,34561.76,74148.38,Retail,Card,Yes,5,2024
INV-02390,2024-05-29,Dairy,DA-037,کرج,Hypermarket,124479.18,8,0.96,995833.41,85876.96,308817.71,Retail,Card,No,5,2024
INV-02391,2024-05-30,Snacks,SN-011,تهران,Hypermarket,47600.93,5,15.59,238004.63,35942.25,58293.4,Retail,Cash,Yes,5,2024
INV-02392,2024-05-30,Beverages,BE-105,رشت,Wholesale,71789.04,14,1.45,1005046.55,57291.04,202971.95,Corporate,Card,No,5,2024
INV-02393,2024-05-30,Home Care,HO-061,تهران,Wholesale,40018.43,98,16.54,3921805.92,32292.73,757118.58,Corporate,Transfer,Yes,5,2024
INV-02394,2024-05-30,Home Care,HO-073,کرمانشاه,Hypermarket,44057.79,6,14.2,264346.73,29773.38,85706.43,Retail,POS,Yes,5,2024
INV-02395,2024-05-31,Snacks,SN-135,اهواز,Online,77323.22,1,3.9,77323.22,62275.69,15047.53,Retail,Card,No,5,2024
INV-02396,2024-05-31,Dairy,DA-132,اهواز,Pharmacy,112468.05,2,4.0,224936.1,90441.7,44052.69,Retail,Transfer,No,5,2024
INV-02397,2024-05-31,Beverages,BE-081,اهواز,Pharmacy,41336.04,6,2.3,248016.22,34664.93,40026.61,Retail,Transfer,No,5,2024
INV-02398,2024-05-31,Personal Care,PE-025,مشهد,Online,96927.32,2,0.53,193854.64,78673.98,36506.67,Retail,Transfer,No,5,2024
INV-02399,2024-05-31,Personal Care,PE-071,کرج,Pharmacy,82098.46,7,2.75,574689.19,63762.39,128352.46,Retail,Transfer,No,5,2024
INV-02400,2024-06-01,Beverages,BE-111,مشهد,Pharmacy,51497.81,12,22.62,617973.75,39277.92,146638.72,Corporate,Card,Yes,6,2024
INV-02401,2024-06-01,Home Care,HO-090,کرج,Online,50066.93,89,4.0,4455956.5,41004.9,806520.06,Corporate,Cash,No,6,2024
INV-02402,2024-06-01,Personal Care,PE-029,شیراز,Hypermarket,108566.58,29,0.32,3148430.73,79201.89,851575.98,Corporate,Card,No,6,2024
INV-02403,2024-06-02,Beverages,BE-080,تبریز,Hypermarket,74402.72,10,13.39,744027.2,54739.89,196628.29,Retail,Card,Yes,6,2024
INV-02404,2024-06-02,Beverages,BE-050,اهواز,Online,67295.7,4,3.29,269182.8,53660.53,54540.67,Retail,Cash,No,6,2024
INV-02405,2024-06-02,Snacks,SN-091,تبریز,Hypermarket,55744.4,11,3.83,613188.4,43285.35,137049.6,Retail,Transfer,No,6,2024
INV-02406,2024-06-02,Home Care,HO-002,کرج,Wholesale,52299.37,12,3.54,627592.42,42131.14,122018.7,Retail,Transfer,No,6,2024
INV-02407,2024-06-03,Dairy,DA-133,کرمانشاه,Supermarket,107556.68,3,16.04,322670.03,75026.27,97591.23,Retail,Card,Yes,6,2024
INV-02408,2024-06-03,Personal Care,PE-010,اصفهان,Online,103089.62,41,3.56,4226674.5,81382.46,889993.44,Corporate,Transfer,No,6,2024
INV-02409,2024-06-03,Snacks,SN-005,کرمانشاه,Wholesale,71837.44,5,2.76,359187.21,57169.27,73340.86,Retail,POS,No,6,2024
INV-02410,2024-06-03,Personal Care,PE-069,تهران,Supermarket,87547.25,1,6.65,87547.25,64283.92,23263.32,Retail,Transfer,Yes,6,2024
INV-02411,2024-06-03,Beverages,BE-144,تهران,Hypermarket,64697.08,9,4.92,582273.68,45548.39,172338.12,Retail,POS,No,6,2024
INV-02412,2024-06-04,Personal Care,PE-022,اهواز,Pharmacy,111488.61,73,3.13,8138668.43,84372.66,1979464.38,Corporate,Card,No,6,2024
INV-02413,2024-06-04,Dairy,DA-071,کرمانشاه,Online,103925.66,106,4.0,11016120.49,75083.93,3057223.75,Corporate,Cash,No,6,2024
INV-02414,2024-06-04,Home Care,HO-136,مشهد,Pharmacy,38398.19,1,9.97,38398.19,29223.33,9174.86,Retail,Card,Yes,6,2024
INV-02415,2024-06-04,Beverages,BE-120,تهران,Supermarket,68837.13,2,5.57,137674.26,49920.16,37833.95,Retail,POS,No,6,2024
INV-02416,2024-06-05,Beverages,BE-029,قم,Wholesale,76725.5,8,2.4,613803.97,60833.83,127133.35,Retail,Card,No,6,2024
INV-02417,2024-06-05,Beverages,BE-070,قم,Pharmacy,64381.03,3,0.69,193143.08,53800.85,31740.52,Retail,Card,No,6,2024
INV-02418,2024-06-05,Snacks,SN-117,تهران,Hypermarket,57204.22,7,15.92,400429.53,39136.97,126470.75,Retail,Cash,Yes,6,2024
INV-02419,2024-06-05,Snacks,SN-078,تبریز,Wholesale,68190.61,12,2.37,818287.33,58755.73,113218.53,Retail,Transfer,No,6,2024
INV-02420,2024-06-05,Beverages,BE-047,شیراز,Wholesale,66357.86,9,5.04,597220.73,57103.39,83290.24,Retail,POS,No,6,2024
INV-02421,2024-06-05,Dairy,DA-093,کرمانشاه,Wholesale,107186.79,138,5.56,14791777.63,90431.04,2312293.69,Corporate,Card,No,6,2024
INV-02422,2024-06-05,Home Care,HO-149,شیراز,Wholesale,54717.19,2,0.19,109434.38,45255.95,18922.48,Retail,Transfer,No,6,2024
INV-02423,2024-06-05,Dairy,DA-069,اهواز,Hypermarket,94425.13,11,1.79,1038676.46,70306.87,265300.91,Retail,Transfer,No,6,2024
INV-02424,2024-06-05,Home Care,HO-123,قم,Hypermarket,52900.18,9,3.99,476101.61,36226.58,150062.4,Retail,Transfer,No,6,2024
INV-02425,2024-06-07,Personal Care,PE-111,تهران,Online,94403.38,59,16.8,5569799.18,74804.26,1156347.99,Corporate,POS,Yes,6,2024
INV-02426,2024-06-07,Dairy,DA-064,اصفهان,Supermarket,122172.6,5,1.47,610863.02,91431.59,153705.08,Retail,Card,No,6,2024
INV-02427,2024-06-07,Personal Care,PE-053,اهواز,Pharmacy,70218.95,9,15.71,631970.59,58460.31,105827.8,Retail,Transfer,Yes,6,2024
INV-02428,2024-06-07,Home Care,HO-080,اصفهان,Wholesale,58142.83,15,1.18,872142.46,46098.18,180669.78,Retail,Transfer,No,6,2024
INV-02429,2024-06-07,Snacks,SN-117,قم,Supermarket,66992.04,2,13.99,133984.09,47045.62,39892.86,Retail,Transfer,Yes,6,2024
INV-02430,2024-06-07,Home Care,HO-093,اهواز,Online,57340.73,1,3.38,57340.73,43736.78,13603.94,Retail,Cash,No,6,2024
INV-02431,2024-06-07,Personal Care,PE-022,رشت,Hypermarket,84758.71,12,0.84,1017104.5,62336.75,269063.44,Retail,Card,No,6,2024
INV-02432,2024-06-07,Personal Care,PE-148,کرمانشاه,Online,107031.47,9,2.94,963283.27,81987.7,225393.95,Retail,Card,No,6,2024
INV-02433,2024-06-07,Personal Care,PE-064,کرج,Wholesale,88582.7,15,17.11,1328740.55,77510.91,166076.87,Retail,Card,Yes,6,2024
INV-02434,2024-06-07,Beverages,BE-135,تهران,Supermarket,61355.64,6,3.52,368133.84,45723.26,93794.3,Retail,Card,No,6,2024
INV-02435,2024-06-08,Snacks,SN-145,قم,Pharmacy,71003.74,5,4.0,355018.7,56658.99,71723.75,Retail,Card,No,6,2024
INV-02436,2024-06-08,Personal Care,PE-004,قم,Wholesale,112721.66,1,1.66,112721.66,92357.54,20364.11,Retail,Transfer,No,6,2024
INV-02437,2024-06-08,Beverages,BE-092,اصفهان,Hypermarket,61275.5,12,4.17,735305.99,47677.8,163172.39,Retail,Cash,No,6,2024
INV-02438,2024-06-08,Snacks,SN-124,تبریز,Online,53493.97,98,4.0,5242409.11,39361.34,1384997.44,Corporate,Transfer,No,6,2024
INV-02439,2024-06-08,Snacks,SN-091,قم,Online,63185.98,8,0.83,505487.86,49945.43,105924.44,Retail,Card,No,6,2024
INV-02440,2024-06-09,Personal Care,PE-102,تهران,Wholesale,95740.17,90,4.6,8616615.61,83467.09,1104577.69,Corporate,Transfer,No,6,2024
INV-02441,2024-06-09,Personal Care,PE-058,تهران,Online,106764.74,2,7.44,213529.48,87064.47,39400.54,Retail,Card,Yes,6,2024
INV-02442,2024-06-09,Snacks,SN-113,قم,Supermarket,53407.08,116,24.3,6195220.91,37689.31,1823261.24,Corporate,Transfer,Yes,6,2024
INV-02443,2024-06-09,Beverages,BE-029,رشت,Pharmacy,70763.7,7,0.81,495345.87,53489.64,120918.41,Retail,Card,No,6,2024
INV-02444,2024-06-09,Beverages,BE-134,کرمانشاه,Wholesale,70822.1,5,9.99,354110.51,56747.13,70374.88,Retail,POS,Yes,6,2024
INV-02445,2024-06-10,Personal Care,PE-053,تبریز,Pharmacy,90353.44,17,4.0,1536008.54,72281.9,307216.24,Corporate,Transfer,No,6,2024
INV-02446,2024-06-10,Beverages,BE-012,تبریز,Wholesale,60275.16,121,4.76,7293294.19,47579.22,1536208.6,Corporate,Card,No,6,2024
INV-02447,2024-06-11,Personal Care,PE-130,تهران,Supermarket,92241.23,51,1.07,4704302.77,66622.96,1306531.69,Corporate,Card,No,6,2024
INV-02448,2024-06-11,Beverages,BE-026,مشهد,Hypermarket,73812.44,103,1.46,7602681.57,50293.04,2422498.14,Corporate,Cash,No,6,2024
INV-02449,2024-06-11,Home Care,HO-120,قم,Online,53692.1,100,16.87,5369209.52,39339.91,1435219.01,Corporate,Card,Yes,6,2024
INV-02450,2024-06-11,Snacks,SN-008,شیراز,Online,62339.99,26,4.0,1620839.81,49298.74,339072.62,Corporate,Transfer,No,6,2024
INV-02451,2024-06-11,Personal Care,PE-051,شیراز,Hypermarket,99997.85,9,5.29,899980.61,76321.82,213084.19,Retail,Card,No,6,2024
INV-02452,2024-06-11,Personal Care,PE-096,کرج,Online,105123.95,25,1.75,2628098.72,80477.09,616171.52,Corporate,Cash,No,6,2024
INV-02453,2024-06-12,Beverages,BE-065,اهواز,Wholesale,66031.66,3,9.73,198094.99,53534.7,37490.88,Retail,Transfer,Yes,6,2024
INV-02454,2024-06-12,Home Care,HO-076,مشهد,Online,63187.45,44,3.44,2780247.85,45829.53,763748.64,Corporate,Card,No,6,2024
INV-02455,2024-06-12,Snacks,SN-056,اهواز,Online,59883.35,2,1.73,119766.7,46042.0,27682.7,Retail,Transfer,No,6,2024
INV-02456,2024-06-12,Beverages,BE-006,کرمانشاه,Wholesale,73689.79,12,2.91,884277.47,64022.6,116006.23,Retail,Card,No,6,2024
INV-02457,2024-06-12,Snacks,SN-078,مشهد,Online,60877.18,81,3.45,4931051.5,48491.05,1003276.61,Corporate,Cash,No,6,2024
INV-02458,2024-06-12,Home Care,HO-091,رشت,Pharmacy,39890.17,5,2.21,199450.86,31761.76,40642.07,Retail,Card,No,6,2024
INV-02459,2024-06-12,Personal Care,PE-037,کرج,Supermarket,84586.0,8,3.51,676688.03,62484.96,176808.36,Retail,POS,No,6,2024
INV-02460,2024-06-12,Personal Care,PE-133,اصفهان,Hypermarket,76291.52,5,12.86,381457.6,55043.2,106241.62,Retail,Transfer,Yes,6,2024
INV-02461,2024-06-13,Snacks,SN-133,مشهد,Supermarket,57379.02,91,5.52,5221490.94,40455.43,1540047.08,Corporate,Card,No,6,2024
INV-02462,2024-06-13,Home Care,HO-080,رشت,Supermarket,49512.13,5,4.33,247560.65,35866.98,68225.74,Retail,Card,No,6,2024
INV-02463,2024-06-16,Personal Care,PE-044,تهران,Wholesale,89176.59,12,5.45,1070119.12,74301.17,178505.06,Retail,Transfer,No,6,2024
INV-02464,2024-06-16,Snacks,SN-072,رشت,Online,62945.0,2,2.17,125890.0,47626.55,30636.9,Retail,Cash,No,6,2024
INV-02465,2024-06-16,Snacks,SN-038,رشت,Wholesale,71624.03,10,0.24,716240.33,62322.85,93011.8,Retail,Transfer,No,6,2024
INV-02466,2024-06-17,Beverages,BE-099,شیراز,Wholesale,81218.95,11,3.19,893408.42,63811.05,191486.85,Retail,Card,No,6,2024
INV-02467,2024-06-17,Personal Care,PE-094,تهران,Supermarket,129051.14,44,0.8,5678250.3,96382.68,1437412.49,Corporate,Transfer,No,6,2024
INV-02468,2024-06-18,Home Care,HO-031,کرج,Online,53627.24,19,3.02,1018917.47,42436.93,212615.79,Corporate,POS,No,6,2024
INV-02469,2024-06-19,Snacks,SN-073,تهران,Online,54129.73,7,17.85,378908.09,40196.82,97530.32,Retail,Cash,Yes,6,2024
INV-02470,2024-06-19,Home Care,HO-085,قم,Wholesale,54820.31,95,1.93,5207929.8,48100.2,638411.18,Corporate,Card,No,6,2024
INV-02471,2024-06-19,Snacks,SN-025,تبریز,Pharmacy,65377.12,93,9.92,6080071.94,51719.86,1270124.7,Corporate,Card,Yes,6,2024
INV-02472,2024-06-19,Personal Care,PE-144,اهواز,Hypermarket,89473.67,103,14.95,9215787.98,63991.96,2624615.96,Corporate,Card,Yes,6,2024
INV-02473,2024-06-19,Personal Care,PE-024,کرج,Hypermarket,102632.83,10,5.57,1026328.33,77548.74,250840.91,Retail,Card,Yes,6,2024
INV-02474,2024-06-19,Snacks,SN-107,اهواز,Pharmacy,72006.09,94,4.0,6768572.83,58186.29,1299061.2,Corporate,Transfer,No,6,2024
INV-02475,2024-06-20,Beverages,BE-047,کرج,Online,60683.07,32,2.93,1941858.19,48795.15,380413.25,Corporate,POS,No,6,2024
INV-02476,2024-06-20,Personal Care,PE-038,قم,Online,118810.38,6,1.22,712862.29,94214.29,147576.55,Retail,Transfer,No,6,2024
INV-02477,2024-06-20,Home Care,HO-080,اهواز,Online,58408.64,85,3.65,4964734.02,45240.39,1119300.87,Corporate,Transfer,No,6,2024
INV-02478,2024-06-20,Snacks,SN-122,کرج,Hypermarket,64604.87,31,1.41,2002750.9,49373.89,472160.26,Corporate,Card,No,6,2024
INV-02479,2024-06-20,Beverages,BE-054,مشهد,Online,76634.32,8,3.99,613074.57,59939.8,133556.18,Retail,Transfer,No,6,2024
INV-02480,2024-06-20,Snacks,SN-011,اصفهان,Online,50918.51,7,4.0,356429.58,41541.46,65639.33,Retail,Card,No,6,2024
INV-02481,2024-06-21,Dairy,DA-101,اهواز,Online,125288.61,32,3.99,4009235.42,96700.88,914807.32,Corporate,Card,No,6,2024
INV-02482,2024-06-21,Dairy,DA-050,شیراز,Supermarket,104452.29,5,2.88,522261.46,69608.91,174216.92,Retail,Card,No,6,2024
INV-02483,2024-06-21,Personal Care,PE-085,کرمانشاه,Pharmacy,97978.29,6,0.19,587869.72,77616.82,122168.79,Retail,POS,No,6,2024
INV-02484,2024-06-21,Beverages,BE-010,کرج,Supermarket,59085.43,3,13.86,177256.28,39927.96,57472.4,Retail,Cash,Yes,6,2024
INV-02485,2024-06-22,Snacks,SN-008,کرج,Supermarket,47354.82,90,20.44,4261933.84,31553.57,1422112.95,Corporate,Cash,Yes,6,2024
INV-02486,2024-06-22,Beverages,BE-138,تبریز,Supermarket,78784.28,6,3.29,472705.66,51802.05,161893.35,Retail,Card,No,6,2024
INV-02487,2024-06-23,Personal Care,PE-045,اهواز,Hypermarket,101729.27,1,1.69,101729.27,70353.61,31375.66,Retail,Transfer,No,6,2024
INV-02488,2024-06-23,Snacks,SN-141,مشهد,Hypermarket,78332.42,43,5.7,3368294.18,55076.67,999997.5,Corporate,Card,No,6,2024
INV-02489,2024-06-23,Personal Care,PE-055,قم,Wholesale,94939.84,11,15.13,1044338.24,76541.6,202380.69,Retail,Card,Yes,6,2024
INV-02490,2024-06-23,Personal Care,PE-019,تبریز,Online,88213.76,57,1.79,5028184.4,66314.77,1248242.75,Corporate,Transfer,No,6,2024
INV-02491,2024-06-23,Snacks,SN-050,مشهد,Supermarket,64492.56,1,5.18,64492.56,45997.75,18494.81,Retail,Transfer,No,6,2024
INV-02492,2024-06-24,Beverages,BE-122,کرج,Supermarket,61157.85,21,22.52,1284314.95,42923.46,382922.26,Corporate,POS,Yes,6,2024
INV-02493,2024-06-24,Personal Care,PE-050,مشهد,Hypermarket,106774.49,8,7.75,854195.91,83271.88,188020.88,Retail,Transfer,Yes,6,2024
INV-02494,2024-06-24,Personal Care,PE-023,کرج,Supermarket,87885.73,10,5.29,878857.29,60243.23,276425.0,Retail,Transfer,No,6,2024
INV-02495,2024-06-24,Home Care,HO-112,اهواز,Supermarket,51633.81,77,4.32,3975803.15,38246.19,1030846.18,Corporate,Card,No,6,2024
INV-02496,2024-06-24,Beverages,BE-023,قم,Pharmacy,77571.19,9,4.0,698140.75,64005.36,122092.47,Corporate,Transfer,No,6,2024
INV-02497,2024-06-25,Personal Care,PE-005,تهران,Supermarket,104424.3,64,2.06,6683155.0,75680.59,1839597.06,Corporate,Card,No,6,2024
INV-02498,2024-06-25,Dairy,DA-069,تهران,Online,122860.08,5,1.1,614300.39,89016.05,169220.11,Retail,POS,No,6,2024
INV-02499,2024-06-25,Snacks,SN-007,تهران,Hypermarket,54219.85,12,1.76,650638.19,40727.7,161905.74,Retail,Card,No,6,2024
INV-02500,2024-06-25,Snacks,SN-049,قم,Wholesale,71917.75,5,4.4,359588.77,63259.45,43291.54,Retail,Card,No,6,2024
INV-02501,2024-06-25,Beverages,BE-113,تهران,Wholesale,60220.13,4,9.59,240880.54,47842.53,49510.42,Retail,Card,Yes,6,2024
INV-02502,2024-06-25,Dairy,DA-118,قم,Supermarket,105589.29,3,4.88,316767.88,72623.18,98898.33,Retail,POS,No,6,2024
INV-02503,2024-06-25,Dairy,DA-135,شیراز,Online,109053.49,5,4.0,545267.45,86273.51,113899.92,Retail,Card,No,6,2024
INV-02504,2024-06-26,Dairy,DA-053,تبریز,Hypermarket,87787.74,3,1.1,263363.23,65046.23,68224.56,Retail,Transfer,No,6,2024
INV-02505,2024-06-26,Dairy,DA-051,شیراز,Supermarket,79817.7,2,16.07,159635.39,58288.15,43059.09,Retail,Transfer,Yes,6,2024
INV-02506,2024-06-26,Home Care,HO-123,اصفهان,Wholesale,61334.88,8,5.46,490679.06,53748.59,60690.36,Retail,Card,No,6,2024
INV-02507,2024-06-26,Dairy,DA-003,تهران,Hypermarket,111985.31,10,2.69,1119853.12,86596.21,253891.04,Retail,Card,No,6,2024
INV-02508,2024-06-27,Snacks,SN-096,اصفهان,Wholesale,68653.43,12,0.67,823841.1,58816.34,118045.05,Retail,Transfer,No,6,2024
INV-02509,2024-06-27,Beverages,BE-064,تهران,Supermarket,55573.08,55,5.37,3056519.66,38062.03,963107.86,Corporate,Cash,No,6,2024
INV-02510,2024-06-27,Dairy,DA-088,اهواز,Supermarket,86404.81,1,5.66,86404.81,56406.65,29998.16,Retail,Transfer,No,6,2024
INV-02511,2024-06-27,Personal Care,PE-126,کرمانشاه,Supermarket,109112.74,7,1.97,763789.18,72196.82,258411.46,Retail,Transfer,No,6,2024
INV-02512,2024-06-27,Snacks,SN-069,شیراز,Online,71256.43,8,0.13,570051.44,51393.58,158902.78,Retail,Cash,No,6,2024
INV-02513,2024-06-28,Personal Care,PE-144,کرج,Pharmacy,114410.18,7,0.3,800871.25,92426.44,153886.15,Retail,Transfer,No,6,2024
INV-02514,2024-06-28,Beverages,BE-087,کرج,Wholesale,69796.67,10,5.01,697966.71,58032.21,117644.6,Retail,Card,No,6,2024
INV-02515,2024-06-28,Personal Care,PE-035,شیراز,Hypermarket,106570.2,79,2.3,8419045.82,78880.23,2187507.88,Corporate,Cash,No,6,2024
INV-02516,2024-06-28,Home Care,HO-127,مشهد,Supermarket,52563.05,5,5.09,262815.25,37428.88,75670.83,Retail,Card,No,6,2024
INV-02517,2024-06-28,Dairy,DA-022,شیراز,Hypermarket,98748.4,114,2.27,11257317.59,70195.51,3255029.11,Corporate,Card,No,6,2024
INV-02518,2024-06-29,Personal Care,PE-003,اهواز,Wholesale,100771.51,7,2.57,705400.6,86244.32,101690.39,Retail,Card,No,6,2024
INV-02519,2024-06-29,Dairy,DA-086,تهران,Supermarket,98602.21,6,2.85,591613.25,71051.34,165305.2,Retail,Card,No,6,2024
INV-02520,2024-06-29,Home Care,HO-022,کرمانشاه,Pharmacy,55897.49,29,15.63,1621027.09,47206.23,252046.42,Corporate,Card,Yes,6,2024
INV-02521,2024-06-29,Home Care,HO-064,کرج,Online,68206.6,4,0.88,272826.42,55006.6,52800.0,Retail,Transfer,No,6,2024
INV-02522,2024-06-29,Dairy,DA-065,اهواز,Supermarket,99451.78,58,2.58,5768203.23,74579.12,1442614.1,Corporate,Cash,No,6,2024
INV-02523,2024-06-30,Beverages,BE-111,قم,Hypermarket,74087.27,93,4.3,6890115.73,50114.16,2229498.65,Corporate,Card,No,6,2024
INV-02524,2024-06-30,Personal Care,PE-006,کرج,Supermarket,87372.04,7,8.59,611604.3,59305.67,196464.59,Retail,Card,Yes,6,2024
INV-02525,2024-06-30,Personal Care,PE-004,تبریز,Hypermarket,92386.69,2,3.9,184773.38,70120.95,44531.49,Retail,Card,No,6,2024
INV-02526,2024-06-30,Beverages,BE-105,مشهد,Wholesale,61045.09,10,0.96,610450.89,53207.99,78371.02,Retail,Cash,No,6,2024
INV-02527,2024-07-01,Home Care,HO-019,رشت,Supermarket,62972.85,10,1.99,629728.53,45615.17,173576.85,Retail,POS,No,7,2024
INV-02528,2024-07-01,Dairy,DA-126,کرمانشاه,Hypermarket,133558.49,12,3.36,1602701.89,91389.69,506025.58,Retail,Transfer,No,7,2024
INV-02529,2024-07-01,Dairy,DA-110,کرمانشاه,Wholesale,100222.05,3,12.78,300666.16,88096.34,36377.13,Retail,Transfer,Yes,7,2024
INV-02530,2024-07-01,Home Care,HO-141,کرمانشاه,Pharmacy,47339.35,6,5.47,284036.12,39853.57,44914.71,Retail,Cash,Yes,7,2024
INV-02531,2024-07-02,Personal Care,PE-115,شیراز,Pharmacy,103365.99,75,1.29,7752449.34,83191.4,1513094.51,Corporate,Transfer,No,7,2024
INV-02532,2024-07-02,Personal Care,PE-107,شیراز,Hypermarket,100140.13,3,4.07,300420.39,76648.11,70476.04,Retail,Card,No,7,2024
INV-02533,2024-07-02,Home Care,HO-037,شیراز,Hypermarket,57562.21,37,2.66,2129801.76,43521.82,519494.35,Corporate,POS,No,7,2024
INV-02534,2024-07-02,Beverages,BE-026,کرج,Online,69244.09,55,2.45,3808424.93,53222.69,881177.1,Corporate,Cash,No,7,2024
INV-02535,2024-07-02,Personal Care,PE-022,اهواز,Hypermarket,93669.24,6,5.53,562015.44,69937.51,142390.4,Retail,Transfer,No,7,2024
INV-02536,2024-07-02,Home Care,HO-031,اصفهان,Online,61706.67,1,1.02,61706.67,46984.5,14722.18,Retail,Card,No,7,2024
INV-02537,2024-07-03,Beverages,BE-066,اصفهان,Wholesale,54610.47,2,5.67,109220.94,47069.62,15081.69,Retail,Cash,No,7,2024
INV-02538,2024-07-03,Snacks,SN-061,مشهد,Online,56720.94,28,0.55,1588186.23,44724.9,335889.14,Corporate,Cash,No,7,2024
INV-02539,2024-07-03,Beverages,BE-140,رشت,Wholesale,65502.75,2,3.82,131005.5,55126.95,20751.59,Retail,Card,No,7,2024
INV-02540,2024-07-03,Snacks,SN-044,تبریز,Online,55092.31,9,1.03,495830.79,40587.99,130538.84,Retail,Card,No,7,2024
INV-02541,2024-07-04,Dairy,DA-111,کرمانشاه,Hypermarket,104951.45,3,3.46,314854.35,77071.58,83639.63,Retail,Transfer,No,7,2024
INV-02542,2024-07-04,Personal Care,PE-108,مشهد,Supermarket,95878.53,10,8.97,958785.35,70106.19,257723.4,Retail,Transfer,Yes,7,2024
INV-02543,2024-07-04,Beverages,BE-004,قم,Wholesale,56934.67,113,2.41,6433617.31,46940.34,1129359.45,Corporate,POS,No,7,2024
INV-02544,2024-07-05,Beverages,BE-087,رشت,Pharmacy,54787.13,7,1.0,383509.88,46272.25,59604.14,Retail,Card,No,7,2024
INV-02545,2024-07-05,Personal Care,PE-094,تهران,Wholesale,109894.74,54,5.57,5934315.93,91700.2,982505.15,Corporate,Card,No,7,2024
INV-02546,2024-07-05,Dairy,DA-142,رشت,Supermarket,97690.12,6,11.48,586140.72,68914.32,172654.78,Retail,Card,Yes,7,2024
INV-02547,2024-07-05,Snacks,SN-016,تبریز,Hypermarket,76205.67,43,4.78,3276843.73,58144.28,776639.86,Corporate,Card,No,7,2024
INV-02548,2024-07-05,Beverages,BE-068,تبریز,Wholesale,65928.78,14,5.82,923002.94,51708.74,199080.61,Retail,POS,No,7,2024
INV-02549,2024-07-05,Beverages,BE-019,کرج,Hypermarket,73597.93,39,4.03,2870319.23,56861.22,652731.47,Corporate,Transfer,No,7,2024
INV-02550,2024-07-06,Personal Care,PE-091,تبریز,Pharmacy,97680.38,9,4.0,879123.39,79501.09,163613.54,Retail,Transfer,No,7,2024
INV-02551,2024-07-06,Dairy,DA-031,مشهد,Pharmacy,93133.96,17,3.48,1583277.37,75713.87,296141.51,Corporate,Card,No,7,2024
INV-02552,2024-07-06,Beverages,BE-042,تهران,Wholesale,70231.73,10,1.49,702317.3,56393.49,138382.4,Retail,Card,No,7,2024
INV-02553,2024-07-06,Snacks,SN-107,اهواز,Wholesale,72078.31,6,4.55,432469.88,56372.81,94233.02,Retail,Card,No,7,2024
INV-02554,2024-07-06,Personal Care,PE-047,اهواز,Pharmacy,103147.18,1,15.45,103147.18,84487.6,18659.59,Retail,Transfer,Yes,7,2024
INV-02555,2024-07-06,Personal Care,PE-064,اصفهان,Online,105854.73,2,4.0,211709.45,76824.51,58060.44,Retail,Transfer,No,7,2024
INV-02556,2024-07-06,Beverages,BE-090,شیراز,Online,71692.46,33,1.59,2365851.04,55921.33,520447.25,Corporate,Transfer,No,7,2024
INV-02557,2024-07-06,Snacks,SN-108,قم,Online,56075.65,6,4.0,336453.89,45396.23,64076.51,Retail,Card,No,7,2024
INV-02558,2024-07-06,Personal Care,PE-107,قم,Wholesale,99903.73,47,2.57,4695475.5,87189.5,597568.78,Corporate,POS,No,7,2024
INV-02559,2024-07-07,Snacks,SN-014,شیراز,Supermarket,55080.58,101,18.7,5563138.95,37635.53,1761950.1,Corporate,Cash,Yes,7,2024
INV-02560,2024-07-07,Dairy,DA-138,قم,Wholesale,107505.86,56,1.72,6020328.22,92711.28,828496.29,Corporate,Card,No,7,2024
INV-02561,2024-07-07,Home Care,HO-020,تبریز,Wholesale,48792.77,7,3.4,341549.37,38331.73,73227.23,Retail,Transfer,No,7,2024
INV-02562,2024-07-07,Dairy,DA-133,اهواز,Hypermarket,126375.17,6,4.32,758251.03,89354.83,222122.04,Retail,Card,No,7,2024
INV-02563,2024-07-07,Home Care,HO-076,مشهد,Pharmacy,68513.07,7,2.29,479591.49,56026.41,87406.59,Retail,Transfer,No,7,2024
INV-02564,2024-07-07,Dairy,DA-054,شیراز,Hypermarket,98346.22,38,20.28,3737156.2,75733.1,859298.23,Corporate,Transfer,Yes,7,2024
INV-02565,2024-07-07,Snacks,SN-105,قم,Hypermarket,52704.23,4,1.04,210816.94,37228.1,61904.54,Retail,POS,No,7,2024
INV-02566,2024-07-08,Beverages,BE-106,کرج,Pharmacy,56127.02,7,6.73,392889.16,44408.7,82028.24,Retail,Card,Yes,7,2024
INV-02567,2024-07-08,Personal Care,PE-011,اهواز,Hypermarket,95891.63,5,2.87,479458.17,69311.97,132898.32,Retail,Card,No,7,2024
INV-02568,2024-07-08,Snacks,SN-010,تبریز,Online,53979.16,40,2.95,2159166.49,41383.06,503843.9,Corporate,Card,No,7,2024
INV-02569,2024-07-08,Dairy,DA-007,رشت,Hypermarket,120364.27,4,0.61,481457.09,85100.7,141054.28,Retail,Cash,No,7,2024
INV-02570,2024-07-09,Dairy,DA-064,تهران,Online,117309.8,6,1.55,703858.78,86915.58,182365.31,Retail,Transfer,No,7,2024
INV-02571,2024-07-09,Beverages,BE-038,قم,Online,65836.11,5,3.08,329180.56,51103.73,73661.89,Retail,Cash,No,7,2024
INV-02572,2024-07-09,Snacks,SN-083,اصفهان,Wholesale,65214.01,6,5.65,391284.05,55570.16,57863.06,Retail,Card,No,7,2024
INV-02573,2024-07-09,Personal Care,PE-141,کرمانشاه,Pharmacy,102962.0,5,3.24,514810.02,86342.6,83097.02,Retail,Card,No,7,2024
INV-02574,2024-07-09,Dairy,DA-026,تهران,Supermarket,105145.58,10,12.88,1051455.81,68815.71,363298.74,Retail,Card,Yes,7,2024
INV-02575,2024-07-09,Snacks,SN-010,شیراز,Hypermarket,53852.65,7,5.14,376968.58,40120.02,96128.4,Retail,Card,No,7,2024
INV-02576,2024-07-10,Beverages,BE-007,تهران,Supermarket,61499.21,10,0.7,614992.07,44054.79,174444.13,Retail,Card,No,7,2024
INV-02577,2024-07-10,Dairy,DA-103,کرمانشاه,Wholesale,90462.59,13,16.29,1176013.63,79244.44,145835.95,Retail,Cash,Yes,7,2024
INV-02578,2024-07-10,Snacks,SN-095,اهواز,Supermarket,63987.83,106,3.83,6782710.02,47622.72,1734701.94,Corporate,Card,No,7,2024
INV-02579,2024-07-10,Dairy,DA-017,مشهد,Hypermarket,123906.69,1,5.11,123906.69,83247.43,40659.26,Retail,Card,No,7,2024
INV-02580,2024-07-10,Personal Care,PE-095,شیراز,Pharmacy,77989.5,8,17.09,623916.02,61414.23,132602.15,Retail,Transfer,Yes,7,2024
INV-02581,2024-07-11,Snacks,SN-019,اصفهان,Pharmacy,56459.48,7,4.0,395216.38,42407.23,98365.74,Retail,Transfer,No,7,2024
INV-02582,2024-07-11,Snacks,SN-128,رشت,Hypermarket,52745.9,12,2.9,632950.75,36200.54,198544.22,Retail,Transfer,No,7,2024
INV-02583,2024-07-11,Dairy,DA-015,تهران,Hypermarket,107147.87,11,1.85,1178626.53,76683.84,335104.25,Retail,Card,No,7,2024
INV-02584,2024-07-11,Beverages,BE-132,مشهد,Wholesale,68726.28,11,3.06,755989.06,58871.36,108404.11,Retail,Transfer,No,7,2024
INV-02585,2024-07-11,Dairy,DA-061,مشهد,Wholesale,101212.35,1,8.67,101212.35,79975.56,21236.79,Retail,POS,Yes,7,2024
INV-02586,2024-07-12,Snacks,SN-107,شیراز,Pharmacy,68744.5,29,4.0,1993590.38,53419.8,444416.04,Corporate,Card,No,7,2024
INV-02587,2024-07-12,Beverages,BE-086,مشهد,Hypermarket,69785.84,7,5.35,488500.9,49003.1,145479.18,Retail,Card,No,7,2024
INV-02588,2024-07-12,Dairy,DA-111,قم,Hypermarket,104808.98,5,5.61,524044.92,76117.73,143456.26,Retail,Card,No,7,2024
INV-02589,2024-07-12,Snacks,SN-083,اصفهان,Pharmacy,54935.79,65,22.62,3570826.66,44392.99,685282.57,Corporate,Transfer,Yes,7,2024
INV-02590,2024-07-14,Dairy,DA-080,اهواز,Pharmacy,110440.41,1,10.24,110440.41,92395.0,18045.41,Retail,Card,Yes,7,2024
INV-02591,2024-07-15,Dairy,DA-039,کرمانشاه,Wholesale,110187.13,130,1.09,14324326.3,86657.27,3058881.32,Corporate,Transfer,No,7,2024
INV-02592,2024-07-15,Beverages,BE-006,اهواز,Pharmacy,70190.9,1,4.0,70190.9,58982.58,11208.32,Retail,Card,No,7,2024
INV-02593,2024-07-15,Home Care,HO-042,اصفهان,Wholesale,59484.06,3,1.54,178452.18,47257.97,36678.27,Retail,Cash,No,7,2024
INV-02594,2024-07-15,Home Care,HO-064,مشهد,Wholesale,59298.36,9,5.35,533685.27,48685.1,95519.37,Retail,Transfer,No,7,2024
INV-02595,2024-07-15,Snacks,SN-133,تبریز,Hypermarket,72287.83,40,5.91,2891513.35,49811.86,899039.1,Corporate,Transfer,No,7,2024
INV-02596,2024-07-15,Beverages,BE-115,شیراز,Supermarket,69142.11,9,6.9,622278.99,50011.82,172172.62,Retail,Cash,Yes,7,2024
INV-02597,2024-07-16,Beverages,BE-019,کرمانشاه,Pharmacy,63612.44,5,2.31,318062.18,51116.61,62479.13,Retail,Cash,No,7,2024
INV-02598,2024-07-16,Snacks,SN-018,رشت,Pharmacy,67418.88,8,12.25,539351.06,54009.05,107278.69,Retail,Cash,Yes,7,2024
INV-02599,2024-07-16,Dairy,DA-127,رشت,Hypermarket,91416.31,12,2.69,1096995.74,69520.1,262754.54,Retail,Transfer,No,7,2024
INV-02600,2024-07-16,Dairy,DA-138,تهران,Hypermarket,125919.39,6,4.13,755516.36,84856.73,246376.0,Retail,Transfer,No,7,2024
INV-02601,2024-07-17,Snacks,SN-051,تبریز,Online,66367.04,7,3.75,464569.31,48097.37,127887.74,Retail,Card,No,7,2024
INV-02602,2024-07-17,Snacks,SN-030,رشت,Wholesale,64885.25,4,4.14,259541.02,53570.19,45260.26,Retail,Card,No,7,2024
INV-02603,2024-07-18,Personal Care,PE-013,مشهد,Pharmacy,117663.65,3,0.35,352990.94,89846.28,83452.09,Retail,POS,No,7,2024
INV-02604,2024-07-18,Beverages,BE-109,کرج,Pharmacy,72920.9,9,4.0,656288.11,61297.17,104613.55,Retail,Card,No,7,2024
INV-02605,2024-07-18,Beverages,BE-035,اهواز,Wholesale,79406.26,4,4.36,317625.05,65295.99,56441.08,Retail,Card,No,7,2024
INV-02606,2024-07-18,Personal Care,PE-018,کرمانشاه,Hypermarket,97721.03,2,3.78,195442.06,69819.04,55803.98,Retail,Transfer,No,7,2024
INV-02607,2024-07-18,Snacks,SN-094,اصفهان,Hypermarket,61339.52,11,3.84,674734.76,41279.32,220662.23,Retail,Card,No,7,2024
INV-02608,2024-07-18,Personal Care,PE-068,تهران,Hypermarket,112770.03,7,0.67,789390.21,82309.38,213224.57,Retail,Card,No,7,2024
INV-02609,2024-07-19,Snacks,SN-039,رشت,Pharmacy,58462.02,74,1.8,4326189.33,43946.28,1074164.75,Corporate,Card,No,7,2024
INV-02610,2024-07-19,Dairy,DA-003,کرج,Online,108264.73,6,8.71,649588.41,80331.66,167598.42,Retail,Card,Yes,7,2024
INV-02611,2024-07-19,Personal Care,PE-048,تهران,Hypermarket,106574.57,8,0.64,852596.57,82487.27,192698.43,Retail,Card,No,7,2024
INV-02612,2024-07-19,Beverages,BE-062,شیراز,Online,48932.68,67,15.58,3278489.52,39067.09,660994.75,Corporate,Transfer,Yes,7,2024
INV-02613,2024-07-19,Snacks,SN-045,اهواز,Pharmacy,74331.09,9,4.0,668979.81,56022.04,164781.43,Retail,Card,No,7,2024
INV-02614,2024-07-20,Personal Care,PE-038,اصفهان,Online,98006.36,8,4.0,784050.9,79147.88,150867.9,Retail,Card,No,7,2024
INV-02615,2024-07-20,Beverages,BE-090,شیراز,Online,73299.17,68,2.14,4984343.32,58287.82,1020771.38,Corporate,Card,No,7,2024
INV-02616,2024-07-20,Personal Care,PE-095,کرمانشاه,Online,106069.79,3,4.0,318209.36,85133.79,62807.99,Retail,POS,No,7,2024
INV-02617,2024-07-20,Personal Care,PE-023,تهران,Supermarket,98128.4,11,3.39,1079412.37,64940.58,365065.96,Retail,Transfer,No,7,2024
INV-02618,2024-07-20,Home Care,HO-097,کرج,Hypermarket,43628.53,2,10.49,87257.06,29427.62,28401.82,Retail,Transfer,Yes,7,2024
INV-02619,2024-07-21,Home Care,HO-012,قم,Online,57841.37,1,3.0,57841.37,43576.3,14265.07,Retail,Transfer,No,7,2024
INV-02620,2024-07-21,Dairy,DA-098,رشت,Supermarket,112319.31,69,0.32,7750032.05,77358.61,2412288.18,Corporate,Transfer,No,7,2024
INV-02621,2024-07-22,Dairy,DA-148,مشهد,Wholesale,101313.6,47,19.07,4761739.31,84579.51,786502.38,Corporate,Transfer,Yes,7,2024
INV-02622,2024-07-22,Personal Care,PE-011,رشت,Pharmacy,104407.09,33,4.0,3445434.06,86945.49,576232.95,Corporate,POS,No,7,2024
INV-02623,2024-07-22,Dairy,DA-001,تبریز,Hypermarket,119215.56,10,0.35,1192155.61,88356.07,308594.96,Corporate,Transfer,No,7,2024
INV-02624,2024-07-22,Personal Care,PE-042,کرمانشاه,Hypermarket,100928.37,2,4.74,201856.75,73653.55,54549.64,Retail,Cash,No,7,2024
INV-02625,2024-07-23,Home Care,HO-144,کرمانشاه,Online,59712.25,2,4.0,119424.51,48932.75,21559.0,Retail,Card,No,7,2024
INV-02626,2024-07-23,Dairy,DA-018,مشهد,Supermarket,92761.35,3,5.67,278284.05,60951.5,95429.54,Retail,Card,No,7,2024
INV-02627,2024-07-23,Personal Care,PE-022,تبریز,Wholesale,109791.66,91,3.7,9991040.67,88601.88,1928269.23,Corporate,Transfer,No,7,2024
INV-02628,2024-07-23,Snacks,SN-072,مشهد,Pharmacy,72066.43,3,2.8,216199.28,60811.64,33764.36,Retail,Card,No,7,2024
INV-02629,2024-07-23,Personal Care,PE-047,اهواز,Hypermarket,82480.55,20,5.22,1649610.91,64112.55,367359.94,Corporate,Card,No,7,2024
INV-02630,2024-07-23,Home Care,HO-070,شیراز,Supermarket,56593.05,9,0.88,509337.48,36905.31,177189.65,Retail,Transfer,No,7,2024
INV-02631,2024-07-23,Personal Care,PE-112,مشهد,Wholesale,103674.01,8,0.6,829392.07,88352.23,122574.24,Retail,Card,No,7,2024
INV-02632,2024-07-24,Personal Care,PE-072,مشهد,Online,127498.79,83,0.02,10582399.56,93197.18,2847033.52,Corporate,Transfer,No,7,2024
INV-02633,2024-07-24,Dairy,DA-132,رشت,Wholesale,89507.1,27,12.49,2416691.82,73624.49,428830.6,Corporate,POS,Yes,7,2024
INV-02634,2024-07-24,Dairy,DA-041,اهواز,Hypermarket,122493.99,2,1.81,244987.98,89401.44,66185.1,Retail,Transfer,No,7,2024
INV-02635,2024-07-24,Personal Care,PE-073,شیراز,Supermarket,105913.56,12,2.17,1270962.67,71068.16,418144.8,Retail,Card,No,7,2024
INV-02636,2024-07-24,Home Care,HO-050,قم,Online,66158.17,8,0.36,529265.37,53007.57,105204.82,Retail,POS,No,7,2024
INV-02637,2024-07-25,Beverages,BE-146,کرمانشاه,Supermarket,64319.57,9,1.37,578876.17,44910.96,174677.55,Retail,Card,No,7,2024
INV-02638,2024-07-25,Snacks,SN-065,رشت,Wholesale,71764.28,11,5.54,789407.05,56692.98,165784.31,Retail,Card,No,7,2024
INV-02639,2024-07-25,Home Care,HO-013,تهران,Wholesale,53205.4,3,3.65,159616.21,43480.89,29173.54,Retail,Transfer,No,7,2024
INV-02640,2024-07-25,Personal Care,PE-139,کرمانشاه,Hypermarket,121606.65,5,1.78,608033.23,94533.51,135365.7,Retail,Cash,No,7,2024
INV-02641,2024-07-25,Snacks,SN-011,اهواز,Hypermarket,60444.86,109,3.19,6588489.63,45343.92,1646002.84,Corporate,Card,No,7,2024
INV-02642,2024-07-25,Personal Care,PE-114,اهواز,Wholesale,84200.66,17,23.03,1431411.27,67224.52,288594.36,Corporate,Transfer,Yes,7,2024
INV-02643,2024-07-25,Beverages,BE-047,اصفهان,Wholesale,50496.16,38,3.18,1918854.21,43511.52,265416.41,Corporate,Transfer,No,7,2024
INV-02644,2024-07-26,Dairy,DA-058,تهران,Supermarket,99757.87,8,3.12,798062.95,69371.56,243090.5,Retail,Card,No,7,2024
INV-02645,2024-07-26,Beverages,BE-054,تبریز,Pharmacy,85151.05,20,4.0,1703020.92,63981.89,423383.16,Corporate,Transfer,No,7,2024
INV-02646,2024-07-26,Beverages,BE-112,تبریز,Pharmacy,61187.82,69,2.29,4221959.46,50245.41,755026.51,Corporate,Cash,No,7,2024
INV-02647,2024-07-26,Home Care,HO-140,رشت,Wholesale,49188.03,7,4.88,344316.18,41275.74,55386.0,Retail,Transfer,No,7,2024
INV-02648,2024-07-26,Personal Care,PE-010,رشت,Supermarket,100365.91,11,2.59,1104025.0,69473.93,339811.79,Retail,Transfer,No,7,2024
INV-02649,2024-07-26,Snacks,SN-008,تبریز,Pharmacy,53357.31,2,3.38,106714.62,42048.99,22616.63,Retail,Card,No,7,2024
INV-02650,2024-07-26,Dairy,DA-041,اهواز,Online,108304.94,1,4.0,108304.94,84191.33,24113.61,Retail,Card,No,7,2024
INV-02651,2024-07-26,Home Care,HO-138,قم,Wholesale,56305.48,12,11.97,675665.74,45024.75,135368.78,Retail,Card,Yes,7,2024
INV-02652,2024-07-26,Dairy,DA-037,رشت,Wholesale,80022.99,73,22.97,5841678.05,69533.51,765731.9,Corporate,Card,Yes,7,2024
INV-02653,2024-07-26,Home Care,HO-024,تهران,Supermarket,59047.82,9,5.82,531430.38,41934.72,154017.86,Retail,Card,No,7,2024
INV-02654,2024-07-27,Beverages,BE-012,کرمانشاه,Hypermarket,71929.61,7,4.72,503507.29,49517.57,156884.31,Retail,Transfer,No,7,2024
INV-02655,2024-07-27,Snacks,SN-042,اصفهان,Pharmacy,74657.42,6,4.0,447944.5,56314.73,110056.11,Retail,Card,No,7,2024
INV-02656,2024-07-27,Personal Care,PE-036,شیراز,Hypermarket,104530.09,12,13.99,1254361.04,77819.65,320525.23,Retail,Transfer,Yes,7,2024
INV-02657,2024-07-28,Home Care,HO-047,کرج,Online,52506.62,24,8.87,1260158.84,40018.34,299718.7,Corporate,Card,Yes,7,2024
INV-02658,2024-07-28,Snacks,SN-038,کرج,Pharmacy,70386.69,2,8.73,140773.37,59605.38,21562.61,Retail,Transfer,Yes,7,2024
INV-02659,2024-07-28,Home Care,HO-079,کرمانشاه,Pharmacy,52930.45,5,2.69,264652.26,40930.49,59999.82,Retail,Card,No,7,2024
INV-02660,2024-07-28,Snacks,SN-145,شیراز,Pharmacy,52381.44,2,3.85,104762.88,40695.11,23372.65,Retail,Transfer,No,7,2024
INV-02661,2024-07-29,Home Care,HO-127,تبریز,Hypermarket,51609.68,4,16.84,206438.71,39540.15,48278.13,Retail,Transfer,Yes,7,2024
INV-02662,2024-07-29,Personal Care,PE-124,کرمانشاه,Supermarket,90687.16,10,2.7,906871.62,58953.16,317340.02,Retail,Transfer,No,7,2024
INV-02663,2024-07-29,Personal Care,PE-045,تبریز,Wholesale,104759.42,1,5.51,104759.42,90695.55,14063.86,Retail,Transfer,No,7,2024
INV-02664,2024-07-29,Dairy,DA-022,قم,Pharmacy,128036.62,5,1.94,640183.12,107334.15,103512.35,Retail,Transfer,No,7,2024
INV-02665,2024-07-29,Personal Care,PE-070,رشت,Hypermarket,110767.1,7,0.99,775369.72,86131.59,172448.56,Retail,Card,No,7,2024
INV-02666,2024-07-30,Beverages,BE-006,قم,Hypermarket,66549.91,7,2.34,465849.38,47436.6,133793.19,Retail,Card,No,7,2024
INV-02667,2024-07-30,Snacks,SN-082,کرج,Wholesale,57191.59,3,1.26,171574.76,48782.02,25228.7,Retail,Transfer,No,7,2024
INV-02668,2024-07-30,Home Care,HO-035,اصفهان,Pharmacy,47903.56,2,0.95,95807.12,35932.02,23943.07,Retail,Cash,No,7,2024
INV-02669,2024-07-30,Dairy,DA-094,تهران,Hypermarket,90390.24,10,17.65,903902.42,64192.97,261972.68,Retail,Cash,Yes,7,2024
INV-02670,2024-07-30,Home Care,HO-073,شیراز,Online,56579.38,80,2.06,4526350.63,45168.86,912842.18,Corporate,Card,No,7,2024
INV-02671,2024-07-30,Beverages,BE-051,شیراز,Supermarket,68393.37,1,5.91,68393.37,50302.5,18090.86,Retail,Transfer,No,7,2024
INV-02672,2024-07-31,Home Care,HO-099,اهواز,Hypermarket,54231.8,6,3.73,325390.79,38948.69,91698.64,Retail,Transfer,No,7,2024
INV-02673,2024-07-31,Home Care,HO-049,کرج,Pharmacy,59187.83,45,2.17,2663452.33,49793.95,422724.81,Corporate,Card,No,7,2024
INV-02674,2024-07-31,Beverages,BE-004,تهران,Online,66322.21,6,10.8,397933.24,48433.25,107333.76,Retail,Transfer,Yes,7,2024
INV-02675,2024-07-31,Home Care,HO-011,اصفهان,Wholesale,55178.97,13,5.54,717326.66,45471.85,126192.66,Retail,Card,No,7,2024
INV-02676,2024-07-31,Dairy,DA-066,مشهد,Supermarket,114582.87,6,6.35,687497.22,84593.94,179933.58,Retail,Card,Yes,7,2024
INV-02677,2024-08-01,Snacks,SN-134,قم,Wholesale,65797.43,13,4.27,855366.53,56384.08,122373.44,Retail,Transfer,No,8,2024
INV-02678,2024-08-01,Dairy,DA-041,شیراز,Wholesale,89126.4,11,2.16,980390.45,70191.97,208278.73,Retail,Card,No,8,2024
INV-02679,2024-08-01,Personal Care,PE-132,تبریز,Supermarket,99126.75,95,4.7,9417041.62,66101.49,3137400.42,Corporate,Card,No,8,2024
INV-02680,2024-08-01,Personal Care,PE-098,شیراز,Supermarket,90359.87,9,5.65,813238.84,64182.54,235596.01,Retail,Cash,No,8,2024
INV-02681,2024-08-01,Home Care,HO-069,تهران,Hypermarket,49318.08,116,5.12,5720896.97,35722.48,1577089.42,Corporate,Cash,No,8,2024
INV-02682,2024-08-02,Personal Care,PE-074,اصفهان,Wholesale,109334.44,9,2.46,984009.98,95672.86,122954.21,Retail,Cash,No,8,2024
INV-02683,2024-08-02,Dairy,DA-126,تهران,Online,105826.31,8,11.15,846610.5,86268.45,156462.87,Retail,Card,Yes,8,2024
INV-02684,2024-08-02,Dairy,DA-098,رشت,Supermarket,103626.18,8,0.62,829009.42,73014.7,244891.84,Retail,Card,No,8,2024
INV-02685,2024-08-03,Dairy,DA-035,کرج,Supermarket,105364.0,1,16.95,105364.0,71560.27,33803.73,Retail,Cash,Yes,8,2024
INV-02686,2024-08-03,Beverages,BE-044,کرج,Supermarket,68532.27,98,1.38,6716162.86,50887.72,1729166.45,Corporate,Transfer,No,8,2024
INV-02687,2024-08-03,Dairy,DA-047,تبریز,Hypermarket,117344.73,6,3.76,704068.39,81829.16,213093.4,Retail,Card,No,8,2024
INV-02688,2024-08-03,Personal Care,PE-047,کرج,Pharmacy,93129.54,8,9.95,745036.32,76423.58,133647.71,Retail,Transfer,Yes,8,2024
INV-02689,2024-08-03,Dairy,DA-068,کرمانشاه,Supermarket,83801.44,5,5.82,419007.2,62268.63,107664.05,Retail,Transfer,No,8,2024
INV-02690,2024-08-04,Dairy,DA-070,کرج,Pharmacy,112391.86,79,3.51,8878957.27,85080.22,2157619.84,Corporate,Card,No,8,2024
INV-02691,2024-08-04,Dairy,DA-006,کرج,Pharmacy,116336.57,8,10.84,930692.59,88955.41,219049.31,Retail,POS,Yes,8,2024
INV-02692,2024-08-04,Beverages,BE-043,قم,Supermarket,67338.37,7,0.44,471368.62,44217.59,161845.51,Retail,POS,No,8,2024
INV-02693,2024-08-04,Dairy,DA-127,اصفهان,Online,114759.19,4,2.82,459036.74,91225.97,94132.87,Retail,Cash,No,8,2024
INV-02694,2024-08-04,Personal Care,PE-040,کرمانشاه,Hypermarket,88442.64,9,3.34,795983.76,59545.87,260070.89,Retail,Card,No,8,2024
INV-02695,2024-08-04,Beverages,BE-092,قم,Hypermarket,70670.59,5,7.38,353352.97,54951.93,78593.34,Retail,Cash,Yes,8,2024
INV-02696,2024-08-04,Personal Care,PE-053,کرمانشاه,Hypermarket,97766.49,1,5.61,97766.49,69931.02,27835.47,Retail,POS,No,8,2024
INV-02697,2024-08-04,Beverages,BE-026,اهواز,Hypermarket,58525.71,12,3.63,702308.57,41602.01,203084.49,Retail,Cash,No,8,2024
INV-02698,2024-08-05,Dairy,DA-079,شیراز,Supermarket,102885.97,4,5.46,411543.88,67636.63,140997.38,Retail,Transfer,No,8,2024
INV-02699,2024-08-05,Dairy,DA-058,اهواز,Online,99089.54,10,1.83,990895.39,77411.28,216782.62,Retail,Transfer,No,8,2024
INV-02700,2024-08-05,Dairy,DA-102,تهران,Online,116970.91,88,0.2,10293439.79,94303.82,1994703.84,Corporate,Card,No,8,2024
INV-02701,2024-08-05,Snacks,SN-119,رشت,Hypermarket,62617.33,43,2.89,2692545.39,43027.5,842362.96,Corporate,Transfer,No,8,2024
INV-02702,2024-08-05,Home Care,HO-025,مشهد,Online,61990.21,1,2.14,61990.21,50773.51,11216.7,Retail,POS,No,8,2024
INV-02703,2024-08-05,Snacks,SN-052,شیراز,Hypermarket,61932.18,2,1.93,123864.36,42646.96,38570.45,Retail,Card,No,8,2024
INV-02704,2024-08-05,Snacks,SN-087,اصفهان,Hypermarket,66165.12,64,2.2,4234567.74,49548.84,1063441.85,Corporate,Transfer,No,8,2024
INV-02705,2024-08-05,Beverages,BE-132,تبریز,Wholesale,67189.91,6,2.27,403139.43,53044.04,84875.21,Retail,Card,No,8,2024
INV-02706,2024-08-05,Snacks,SN-014,اهواز,Supermarket,53599.37,94,5.62,5038341.16,35462.24,1704890.74,Corporate,Card,No,8,2024
INV-02707,2024-08-06,Snacks,SN-048,تبریز,Pharmacy,67023.3,6,1.6,402139.82,54482.67,75243.8,Retail,Card,No,8,2024
INV-02708,2024-08-06,Beverages,BE-139,اصفهان,Supermarket,73367.53,115,12.99,8437266.21,53506.8,2283984.36,Corporate,Card,Yes,8,2024
INV-02709,2024-08-06,Snacks,SN-103,قم,Pharmacy,57105.56,3,15.59,171316.68,42887.34,42654.65,Retail,Card,Yes,8,2024
INV-02710,2024-08-06,Snacks,SN-094,اصفهان,Wholesale,70234.57,6,0.31,421407.41,56737.48,80982.5,Retail,Transfer,No,8,2024
INV-02711,2024-08-06,Home Care,HO-120,مشهد,Hypermarket,49202.81,10,2.11,492028.06,35832.34,133704.63,Retail,Cash,No,8,2024
INV-02712,2024-08-06,Snacks,SN-091,کرمانشاه,Pharmacy,55704.07,4,12.96,222816.3,42168.98,54140.37,Retail,Card,Yes,8,2024
INV-02713,2024-08-06,Beverages,BE-147,مشهد,Online,76603.67,7,10.06,536225.67,55758.18,145918.4,Retail,Cash,Yes,8,2024
INV-02714,2024-08-06,Snacks,SN-089,قم,Supermarket,49964.09,112,16.56,5595977.55,36053.69,1557963.81,Corporate,Transfer,Yes,8,2024
INV-02715,2024-08-07,Beverages,BE-134,تهران,Wholesale,69751.37,126,3.35,8788672.45,59385.85,1306055.64,Corporate,Card,No,8,2024
INV-02716,2024-08-07,Dairy,DA-104,قم,Wholesale,106461.21,121,3.74,12881806.04,91311.83,1833074.24,Corporate,Transfer,No,8,2024
INV-02717,2024-08-07,Dairy,DA-090,کرج,Pharmacy,99852.27,89,4.0,8886851.59,81062.88,1672255.54,Corporate,Card,No,8,2024
INV-02718,2024-08-07,Beverages,BE-088,اهواز,Online,59621.78,5,4.0,298108.91,46527.28,65472.49,Retail,POS,No,8,2024
INV-02719,2024-08-08,Beverages,BE-064,شیراز,Hypermarket,64032.25,5,4.84,320161.23,46872.56,85798.41,Retail,Card,No,8,2024
INV-02720,2024-08-08,Snacks,SN-079,قم,Wholesale,52061.12,8,2.95,416489.0,42291.89,78153.9,Retail,Card,No,8,2024
INV-02721,2024-08-08,Dairy,DA-081,کرمانشاه,Supermarket,119294.93,8,3.93,954359.41,81866.17,299430.05,Retail,Card,No,8,2024
INV-02722,2024-08-08,Beverages,BE-044,تبریز,Pharmacy,53318.61,5,2.82,266593.05,40092.45,66130.79,Retail,Card,No,8,2024
INV-02723,2024-08-08,Beverages,BE-146,قم,Wholesale,70718.12,9,11.06,636463.04,59848.73,97824.44,Retail,Transfer,Yes,8,2024
INV-02724,2024-08-08,Personal Care,PE-099,اهواز,Online,86851.47,6,12.5,521108.81,68537.28,109885.14,Retail,POS,Yes,8,2024
INV-02725,2024-08-09,Beverages,BE-119,مشهد,Pharmacy,63316.05,6,3.96,379896.27,51994.55,67929.0,Retail,Cash,No,8,2024
INV-02726,2024-08-09,Home Care,HO-007,مشهد,Online,46817.16,8,9.58,374537.28,36428.91,83105.97,Retail,Transfer,Yes,8,2024
INV-02727,2024-08-09,Dairy,DA-137,کرمانشاه,Supermarket,99169.51,11,8.19,1090864.64,70809.28,311962.6,Retail,Transfer,Yes,8,2024
INV-02728,2024-08-10,Dairy,DA-109,شیراز,Wholesale,108056.59,110,1.05,11886225.18,86261.92,2397414.04,Corporate,Transfer,No,8,2024
INV-02729,2024-08-10,Snacks,SN-077,تهران,Online,64703.62,9,2.71,582332.54,51999.33,114338.57,Retail,Transfer,No,8,2024
INV-02730,2024-08-10,Dairy,DA-063,تبریز,Wholesale,124037.14,3,0.66,372111.42,107963.8,48220.02,Retail,Transfer,No,8,2024
INV-02731,2024-08-10,Dairy,DA-031,قم,Wholesale,109005.01,12,2.39,1308060.06,89722.87,231385.58,Retail,Transfer,No,8,2024
INV-02732,2024-08-11,Dairy,DA-071,رشت,Hypermarket,105785.7,51,5.29,5395070.51,78668.27,1382988.55,Corporate,POS,No,8,2024
INV-02733,2024-08-11,Snacks,SN-003,کرمانشاه,Hypermarket,66077.15,9,17.6,594694.39,46961.05,172044.98,Retail,Transfer,Yes,8,2024
INV-02734,2024-08-11,Snacks,SN-115,تهران,Wholesale,78477.78,3,0.97,235433.35,63074.91,46208.63,Retail,Transfer,No,8,2024
INV-02735,2024-08-11,Personal Care,PE-127,اهواز,Wholesale,94686.95,57,1.76,5397155.99,82877.11,673160.59,Corporate,Card,No,8,2024
INV-02736,2024-08-12,Beverages,BE-096,تبریز,Supermarket,72505.23,103,10.34,7468038.75,51209.06,2193505.85,Corporate,Card,Yes,8,2024
INV-02737,2024-08-12,Beverages,BE-081,تبریز,Pharmacy,72735.53,58,2.42,4218660.76,58906.46,802086.22,Corporate,Transfer,No,8,2024
INV-02738,2024-08-12,Home Care,HO-090,مشهد,Pharmacy,48086.64,1,1.99,48086.64,40675.27,7411.37,Retail,Transfer,No,8,2024
INV-02739,2024-08-12,Home Care,HO-048,اصفهان,Online,43746.6,63,16.0,2756036.02,33843.54,623892.84,Corporate,Transfer,Yes,8,2024
INV-02740,2024-08-13,Dairy,DA-070,اهواز,Pharmacy,92574.44,4,3.28,370297.78,70627.89,87786.22,Retail,Transfer,No,8,2024
INV-02741,2024-08-13,Home Care,HO-074,تبریز,Wholesale,49982.68,15,16.02,749740.14,41992.47,119853.05,Retail,POS,Yes,8,2024
INV-02742,2024-08-13,Dairy,DA-026,مشهد,Online,108962.41,3,2.59,326887.22,83851.08,75333.99,Retail,Card,No,8,2024
INV-02743,2024-08-13,Snacks,SN-134,اهواز,Wholesale,46997.93,11,4.61,516977.25,39559.7,81820.49,Retail,Cash,No,8,2024
INV-02744,2024-08-13,Beverages,BE-032,رشت,Online,64514.84,9,10.74,580633.56,50840.35,123070.41,Retail,Transfer,Yes,8,2024
INV-02745,2024-08-13,Personal Care,PE-034,تبریز,Hypermarket,105156.98,3,11.58,315470.94,77579.14,82733.53,Retail,Transfer,Yes,8,2024
INV-02746,2024-08-14,Home Care,HO-024,کرج,Hypermarket,56125.74,12,3.58,673508.92,43406.58,152629.93,Retail,Transfer,No,8,2024
INV-02747,2024-08-14,Personal Care,PE-122,شیراز,Pharmacy,72598.39,1,13.01,72598.39,61044.06,11554.33,Retail,Transfer,Yes,8,2024
INV-02748,2024-08-14,Beverages,BE-021,شیراز,Wholesale,60907.64,11,11.87,669983.99,52707.98,90196.21,Retail,Transfer,Yes,8,2024
INV-02749,2024-08-14,Snacks,SN-132,کرمانشاه,Pharmacy,60108.19,1,5.33,60108.19,49571.93,10536.26,Retail,POS,Yes,8,2024
INV-02750,2024-08-14,Home Care,HO-007,تهران,Online,44763.12,6,12.08,268578.73,33392.88,68221.47,Retail,Transfer,Yes,8,2024
INV-02751,2024-08-14,Beverages,BE-089,اصفهان,Wholesale,50647.36,15,17.48,759710.46,42838.31,117135.84,Retail,Card,Yes,8,2024
INV-02752,2024-08-15,Dairy,DA-064,قم,Supermarket,82366.15,83,22.04,6836390.14,60943.14,1778109.38,Corporate,Card,Yes,8,2024
INV-02753,2024-08-15,Personal Care,PE-097,کرمانشاه,Wholesale,83148.47,7,2.15,582039.29,67613.38,108745.62,Retail,Card,No,8,2024
INV-02754,2024-08-15,Dairy,DA-019,کرمانشاه,Pharmacy,117561.28,11,4.0,1293174.08,95787.14,239515.52,Corporate,Cash,No,8,2024
INV-02755,2024-08-15,Beverages,BE-134,قم,Pharmacy,71500.39,1,6.4,71500.39,54890.1,16610.29,Retail,Card,Yes,8,2024
INV-02756,2024-08-15,Dairy,DA-111,شیراز,Online,99813.31,6,4.0,598879.89,80237.01,117457.81,Retail,Card,No,8,2024
INV-02757,2024-08-15,Home Care,HO-022,کرمانشاه,Online,61119.77,7,3.52,427838.37,46028.83,105636.56,Retail,Transfer,No,8,2024
INV-02758,2024-08-16,Home Care,HO-002,مشهد,Online,47588.86,3,3.33,142766.57,35529.73,36177.38,Retail,Card,No,8,2024
INV-02759,2024-08-16,Beverages,BE-124,کرج,Online,72468.01,9,5.12,652212.12,52445.7,180200.79,Retail,POS,Yes,8,2024
INV-02760,2024-08-16,Personal Care,PE-113,قم,Online,107247.21,26,0.55,2788427.46,79016.91,733987.88,Corporate,POS,No,8,2024
INV-02761,2024-08-17,Beverages,BE-148,تبریز,Hypermarket,52344.41,10,3.06,523444.05,39638.12,127062.85,Retail,Card,No,8,2024
INV-02762,2024-08-17,Personal Care,PE-138,مشهد,Hypermarket,66044.94,73,23.95,4821280.59,47659.75,1342118.73,Corporate,Card,Yes,8,2024
INV-02763,2024-08-17,Personal Care,PE-086,رشت,Pharmacy,99765.92,58,9.43,5786423.51,76393.74,1355586.31,Corporate,POS,Yes,8,2024
INV-02764,2024-08-17,Personal Care,PE-122,مشهد,Pharmacy,88469.64,44,1.77,3892664.26,75099.3,588294.99,Corporate,Card,No,8,2024
INV-02765,2024-08-17,Snacks,SN-046,کرمانشاه,Hypermarket,60153.14,72,21.27,4331025.72,44545.89,1123721.48,Corporate,Cash,Yes,8,2024
INV-02766,2024-08-17,Beverages,BE-039,رشت,Wholesale,65261.69,14,5.35,913663.63,51503.09,192620.3,Corporate,Transfer,No,8,2024
INV-02767,2024-08-18,Beverages,BE-101,کرمانشاه,Pharmacy,61799.34,3,0.23,185398.03,51540.71,30775.91,Retail,Cash,No,8,2024
INV-02768,2024-08-18,Snacks,SN-031,مشهد,Online,62170.94,5,6.35,310854.69,50710.76,57300.89,Retail,Transfer,Yes,8,2024
INV-02769,2024-08-18,Beverages,BE-065,تبریز,Pharmacy,60093.47,37,2.93,2223458.23,45514.75,539412.48,Corporate,Card,No,8,2024
INV-02770,2024-08-18,Home Care,HO-106,مشهد,Online,52824.11,1,3.09,52824.11,39004.18,13819.94,Retail,Card,No,8,2024
INV-02771,2024-08-19,Home Care,HO-094,تهران,Supermarket,62442.65,9,4.35,561983.86,41300.42,190280.1,Retail,POS,No,8,2024
INV-02772,2024-08-19,Beverages,BE-094,تبریز,Pharmacy,84398.96,8,1.97,675191.64,65493.68,151242.2,Retail,Card,No,8,2024
INV-02773,2024-08-19,Snacks,SN-004,قم,Hypermarket,37085.47,38,4.02,1409247.83,28568.0,323663.79,Corporate,Transfer,No,8,2024
INV-02774,2024-08-19,Snacks,SN-018,کرمانشاه,Wholesale,69046.48,12,0.17,828557.77,59856.9,110275.01,Retail,Cash,No,8,2024
INV-02775,2024-08-20,Home Care,HO-117,شیراز,Supermarket,52783.68,7,0.98,369485.78,39204.93,95051.25,Retail,Transfer,No,8,2024
INV-02776,2024-08-20,Dairy,DA-111,کرج,Pharmacy,108545.62,1,3.89,108545.62,85359.3,23186.32,Retail,Cash,No,8,2024
INV-02777,2024-08-20,Home Care,HO-060,تهران,Hypermarket,52150.38,3,4.01,156451.13,38055.96,42283.24,Retail,POS,No,8,2024
INV-02778,2024-08-20,Snacks,SN-111,شیراز,Pharmacy,74407.67,87,4.0,6473467.38,60574.44,1203491.47,Corporate,Transfer,No,8,2024
INV-02779,2024-08-20,Personal Care,PE-114,تبریز,Hypermarket,90454.94,6,2.26,542729.66,68746.25,130252.13,Retail,Card,No,8,2024
INV-02780,2024-08-20,Dairy,DA-022,مشهد,Wholesale,116151.53,1,4.83,116151.53,100371.64,15779.89,Retail,Transfer,No,8,2024
INV-02781,2024-08-21,Snacks,SN-068,کرج,Wholesale,57806.02,14,3.41,809284.31,50326.24,104716.93,Retail,Card,No,8,2024
INV-02782,2024-08-21,Snacks,SN-017,کرمانشاه,Online,67939.31,5,0.38,339696.57,50122.06,89086.28,Retail,Card,No,8,2024
INV-02783,2024-08-21,Personal Care,PE-029,کرمانشاه,Wholesale,85330.39,136,12.8,11604932.79,68351.52,2309125.63,Corporate,Card,Yes,8,2024
INV-02784,2024-08-22,Dairy,DA-013,مشهد,Online,102249.38,2,4.0,204498.76,75014.64,54469.48,Retail,POS,No,8,2024
INV-02785,2024-08-22,Home Care,HO-138,قم,Wholesale,43233.87,12,17.38,518806.45,34192.53,108496.11,Retail,Card,Yes,8,2024
INV-02786,2024-08-22,Snacks,SN-047,اهواز,Wholesale,53393.89,7,10.17,373757.22,46483.6,48372.01,Retail,Transfer,Yes,8,2024
INV-02787,2024-08-22,Home Care,HO-110,رشت,Pharmacy,47485.76,5,4.0,237428.81,38824.14,43308.09,Retail,Transfer,No,8,2024
INV-02788,2024-08-22,Beverages,BE-049,اهواز,Hypermarket,71684.38,5,0.16,358421.9,55601.57,80414.04,Retail,Card,No,8,2024
INV-02789,2024-08-22,Home Care,HO-102,شیراز,Supermarket,49232.9,8,5.8,393863.23,36628.46,100835.57,Retail,POS,No,8,2024
INV-02790,2024-08-23,Snacks,SN-033,اصفهان,Pharmacy,54903.94,8,6.5,439231.49,43182.51,93771.38,Retail,Cash,Yes,8,2024
INV-02791,2024-08-23,Personal Care,PE-036,رشت,Supermarket,85133.23,10,3.37,851332.3,57203.33,279299.02,Retail,Transfer,No,8,2024
INV-02792,2024-08-23,Dairy,DA-087,اصفهان,Wholesale,101619.55,12,3.13,1219434.56,84012.56,211283.86,Retail,Transfer,No,8,2024
INV-02793,2024-08-23,Dairy,DA-118,تهران,Supermarket,124835.01,8,3.87,998680.09,81766.56,344547.61,Retail,Card,No,8,2024
INV-02794,2024-08-23,Dairy,DA-058,قم,Supermarket,94835.46,10,0.11,948354.56,69695.79,251396.69,Retail,Card,No,8,2024
INV-02795,2024-08-23,Personal Care,PE-115,تهران,Pharmacy,105225.36,89,1.98,9365057.13,84778.79,1819744.98,Corporate,POS,No,8,2024
INV-02796,2024-08-24,Snacks,SN-038,شیراز,Pharmacy,57553.54,43,4.0,2474802.11,48121.22,405589.73,Corporate,Transfer,No,8,2024
INV-02797,2024-08-25,Dairy,DA-079,کرج,Hypermarket,116759.57,2,0.98,233519.13,90421.38,52676.38,Retail,Transfer,No,8,2024
INV-02798,2024-08-25,Dairy,DA-111,کرمانشاه,Hypermarket,85610.74,6,4.71,513664.44,58440.11,163023.75,Retail,Transfer,No,8,2024
INV-02799,2024-08-26,Personal Care,PE-077,شیراز,Wholesale,107733.56,6,4.59,646401.37,89146.3,111523.56,Retail,Card,No,8,2024
INV-02800,2024-08-26,Personal Care,PE-106,شیراز,Supermarket,102724.37,96,0.57,9861539.67,70905.41,3054620.43,Corporate,Cash,No,8,2024
INV-02801,2024-08-26,Dairy,DA-044,مشهد,Wholesale,107643.66,85,17.1,9149711.19,84011.92,2008697.7,Corporate,Card,Yes,8,2024
INV-02802,2024-08-26,Beverages,BE-075,کرج,Supermarket,61611.46,3,10.45,184834.38,44548.19,51189.82,Retail,Card,Yes,8,2024
INV-02803,2024-08-27,Personal Care,PE-062,تبریز,Wholesale,98576.33,5,0.39,492881.66,78531.72,100223.09,Retail,Card,No,8,2024
INV-02804,2024-08-27,Dairy,DA-055,اصفهان,Online,77787.51,3,4.0,233362.52,60681.66,51317.54,Retail,Cash,No,8,2024
INV-02805,2024-08-28,Dairy,DA-050,شیراز,Online,116270.71,10,4.0,1162707.06,92099.87,241708.32,Retail,Transfer,No,8,2024
INV-02806,2024-08-28,Home Care,HO-044,تهران,Supermarket,61341.31,6,0.9,368047.88,42087.45,115523.17,Retail,Transfer,No,8,2024
INV-02807,2024-08-28,Snacks,SN-048,تهران,Hypermarket,65731.68,10,1.7,657316.75,50784.06,149476.12,Retail,Transfer,No,8,2024
INV-02808,2024-08-28,Snacks,SN-097,اهواز,Hypermarket,53377.94,8,5.78,427023.48,35832.44,140363.94,Retail,Cash,No,8,2024
INV-02809,2024-08-28,Beverages,BE-010,تهران,Supermarket,45605.4,116,5.08,5290226.86,32025.25,1575298.18,Corporate,Cash,No,8,2024
INV-02810,2024-08-29,Beverages,BE-038,تبریز,Hypermarket,66341.3,51,22.24,3383406.3,46335.48,1020296.95,Corporate,Card,Yes,8,2024
INV-02811,2024-08-29,Beverages,BE-111,تبریز,Supermarket,66041.52,107,1.1,7066442.31,43808.16,2378969.51,Corporate,Transfer,No,8,2024
INV-02812,2024-08-29,Snacks,SN-097,شیراز,Wholesale,69125.94,10,8.17,691259.41,54982.36,141435.86,Retail,Cash,Yes,8,2024
INV-02813,2024-08-29,Beverages,BE-008,مشهد,Hypermarket,56604.56,9,13.01,509441.06,43915.35,114202.94,Retail,Transfer,Yes,8,2024
INV-02814,2024-08-29,Beverages,BE-045,اهواز,Supermarket,63461.51,15,1.8,951922.69,46154.9,259599.14,Corporate,Cash,No,8,2024
INV-02815,2024-08-29,Home Care,HO-012,اهواز,Supermarket,61761.51,4,5.55,247046.03,45239.75,66087.05,Retail,Card,No,8,2024
INV-02816,2024-08-29,Beverages,BE-077,قم,Pharmacy,53034.08,23,15.36,1219783.74,43082.99,228874.88,Corporate,Transfer,Yes,8,2024
INV-02817,2024-08-29,Dairy,DA-033,مشهد,Wholesale,109968.7,9,5.85,989718.29,93279.48,150202.95,Retail,Transfer,No,8,2024
INV-02818,2024-08-30,Personal Care,PE-033,تهران,Hypermarket,73350.78,121,23.83,8875444.06,52008.22,2582449.74,Corporate,Transfer,Yes,8,2024
INV-02819,2024-08-30,Snacks,SN-010,کرج,Online,70182.98,7,3.42,491280.85,55369.98,103691.0,Retail,Cash,No,8,2024
INV-02820,2024-08-30,Snacks,SN-084,اهواز,Supermarket,69975.61,10,1.42,699756.15,48173.54,218020.74,Retail,Card,No,8,2024
INV-02821,2024-08-30,Dairy,DA-076,قم,Wholesale,107220.01,6,4.38,643320.08,91304.39,95493.73,Retail,Card,No,8,2024
INV-02822,2024-08-30,Beverages,BE-094,کرج,Wholesale,54578.74,9,5.21,491208.64,45858.88,78478.71,Retail,Transfer,No,8,2024
INV-02823,2024-08-30,Dairy,DA-137,شیراز,Supermarket,85084.84,57,18.58,4849835.69,55449.59,1689209.23,Corporate,Transfer,Yes,8,2024
INV-02824,2024-08-31,Snacks,SN-098,اصفهان,Supermarket,67982.51,8,2.18,543860.05,46210.49,174176.09,Retail,Card,No,8,2024
INV-02825,2024-08-31,Personal Care,PE-026,رشت,Wholesale,100547.31,3,2.01,301641.92,81199.76,58042.65,Retail,Card,No,8,2024
INV-02826,2024-08-31,Dairy,DA-111,تهران,Hypermarket,113908.81,67,3.81,7631890.5,77712.97,2425121.82,Corporate,Transfer,No,8,2024
INV-02827,2024-08-31,Home Care,HO-009,تهران,Wholesale,52287.89,11,0.64,575166.82,40859.39,125713.52,Retail,Card,No,8,2024
INV-02828,2024-08-31,Dairy,DA-001,مشهد,Supermarket,107504.08,7,5.05,752528.55,79712.52,194540.88,Retail,Card,No,8,2024
INV-02829,2024-08-31,Home Care,HO-130,قم,Online,44669.69,7,16.28,312687.82,34134.28,73747.83,Retail,Transfer,Yes,8,2024
INV-02830,2024-08-31,Personal Care,PE-009,اهواز,Pharmacy,109503.7,9,1.89,985533.32,90124.33,174414.34,Retail,Card,No,8,2024
INV-02831,2024-08-31,Home Care,HO-005,تهران,Wholesale,69022.49,10,2.57,690224.91,57789.87,112326.17,Retail,Transfer,No,8,2024
INV-02832,2024-08-31,Personal Care,PE-116,کرمانشاه,Online,86286.15,7,10.18,604003.03,65036.55,148747.2,Retail,Card,Yes,8,2024
INV-02833,2024-09-01,Home Care,HO-144,کرج,Online,45327.7,34,20.43,1541141.72,32682.33,429942.5,Corporate,Transfer,Yes,9,2024
INV-02834,2024-09-01,Home Care,HO-108,تهران,Hypermarket,61740.49,8,0.05,493923.89,42574.21,153330.23,Retail,Card,No,9,2024
INV-02835,2024-09-01,Snacks,SN-059,اصفهان,Pharmacy,61021.14,1,8.15,61021.14,48865.33,12155.82,Retail,Card,Yes,9,2024
INV-02836,2024-09-01,Beverages,BE-139,تبریز,Wholesale,76408.37,17,4.88,1298942.32,64393.67,204249.98,Corporate,Card,No,9,2024
INV-02837,2024-09-01,Home Care,HO-083,تبریز,Online,58752.7,4,4.0,235010.78,46572.29,48721.62,Retail,POS,No,9,2024
INV-02838,2024-09-02,Dairy,DA-028,تبریز,Online,113210.82,5,4.0,566054.09,90436.48,113871.67,Retail,Card,No,9,2024
INV-02839,2024-09-02,Dairy,DA-053,تهران,Wholesale,121191.6,125,0.46,15148950.32,106246.78,1868103.07,Corporate,Card,No,9,2024
INV-02840,2024-09-02,Home Care,HO-113,تهران,Supermarket,62280.97,3,1.78,186842.9,41292.08,62966.66,Retail,Card,No,9,2024
INV-02841,2024-09-02,Personal Care,PE-146,قم,Hypermarket,93226.39,12,0.06,1118716.67,69993.46,278795.12,Retail,Transfer,No,9,2024
INV-02842,2024-09-03,Beverages,BE-006,کرمانشاه,Pharmacy,69915.56,73,1.49,5103835.76,59234.61,779708.96,Corporate,Transfer,No,9,2024
INV-02843,2024-09-03,Personal Care,PE-096,تهران,Wholesale,97842.96,4,5.16,391371.83,83310.71,58128.98,Retail,Transfer,No,9,2024
INV-02844,2024-09-04,Beverages,BE-061,رشت,Online,58193.89,2,4.0,116387.77,46577.06,23233.66,Retail,Card,No,9,2024
INV-02845,2024-09-04,Dairy,DA-094,تهران,Hypermarket,109089.88,10,2.38,1090898.75,84189.89,248999.84,Retail,POS,No,9,2024
INV-02846,2024-09-05,Personal Care,PE-122,مشهد,Supermarket,110375.17,5,1.29,551875.87,78731.43,158218.74,Retail,Transfer,No,9,2024
INV-02847,2024-09-05,Beverages,BE-042,رشت,Hypermarket,75048.91,78,3.52,5853815.33,55552.56,1520715.43,Corporate,Cash,No,9,2024
INV-02848,2024-09-05,Personal Care,PE-025,تبریز,Pharmacy,99665.8,6,2.97,597994.77,79112.29,123321.02,Retail,Transfer,No,9,2024
INV-02849,2024-09-06,Snacks,SN-082,اهواز,Wholesale,62647.06,143,4.73,8958530.17,54906.69,1106873.26,Corporate,Transfer,No,9,2024
INV-02850,2024-09-06,Dairy,DA-017,اصفهان,Wholesale,102319.93,64,3.54,6548475.3,86710.57,998998.76,Corporate,Card,No,9,2024
INV-02851,2024-09-07,Snacks,SN-035,اهواز,Supermarket,51978.53,3,4.55,155935.6,36838.89,45418.94,Retail,Transfer,No,9,2024
INV-02852,2024-09-07,Dairy,DA-017,کرج,Supermarket,92628.38,9,2.86,833655.38,66100.21,238753.49,Retail,Transfer,No,9,2024
INV-02853,2024-09-07,Snacks,SN-063,شیراز,Online,55795.27,9,6.66,502157.46,42132.78,122962.48,Retail,Card,Yes,9,2024
INV-02854,2024-09-07,Home Care,HO-058,رشت,Hypermarket,46628.39,2,15.68,93256.78,33952.47,25351.84,Retail,Transfer,Yes,9,2024
INV-02855,2024-09-07,Snacks,SN-085,تبریز,Wholesale,67021.73,63,2.35,4222368.79,55394.15,732537.65,Corporate,Card,No,9,2024
INV-02856,2024-09-07,Dairy,DA-056,اهواز,Hypermarket,107622.79,31,5.09,3336306.64,79514.43,871359.38,Corporate,Transfer,No,9,2024
INV-02857,2024-09-08,Beverages,BE-124,قم,Online,81402.78,1,4.0,81402.78,65958.09,15444.7,Retail,Transfer,No,9,2024
INV-02858,2024-09-08,Beverages,BE-075,مشهد,Pharmacy,72961.71,7,1.61,510731.96,57225.88,110150.82,Retail,POS,No,9,2024
INV-02859,2024-09-08,Snacks,SN-080,قم,Hypermarket,54429.7,3,5.88,163289.09,38871.91,46673.35,Retail,Card,No,9,2024
INV-02860,2024-09-09,Dairy,DA-020,اهواز,Hypermarket,133359.11,7,2.46,933513.77,102601.72,215301.75,Retail,Transfer,No,9,2024
INV-02861,2024-09-09,Personal Care,PE-096,مشهد,Online,108152.96,6,3.86,648917.77,78801.81,176106.9,Retail,Card,No,9,2024
INV-02862,2024-09-09,Beverages,BE-041,اصفهان,Supermarket,54280.52,5,16.02,271402.61,35955.03,91627.45,Retail,Transfer,Yes,9,2024
INV-02863,2024-09-09,Personal Care,PE-039,مشهد,Hypermarket,83553.35,7,4.79,584873.44,61751.01,152616.36,Retail,Transfer,No,9,2024
INV-02864,2024-09-09,Home Care,HO-105,اصفهان,Supermarket,45918.82,80,2.29,3673505.38,34049.45,949549.69,Corporate,Cash,No,9,2024
INV-02865,2024-09-10,Home Care,HO-143,مشهد,Hypermarket,59572.44,3,0.17,178717.31,45293.07,42838.1,Retail,Transfer,No,9,2024
INV-02866,2024-09-10,Personal Care,PE-068,کرج,Supermarket,125466.31,91,1.28,11417434.23,92388.4,3010089.8,Corporate,Card,No,9,2024
INV-02867,2024-09-10,Home Care,HO-105,تهران,Hypermarket,55976.14,8,0.77,447809.11,38838.21,137103.45,Retail,POS,No,9,2024
INV-02868,2024-09-10,Beverages,BE-043,قم,Wholesale,58354.32,36,4.34,2100755.53,49921.35,303586.78,Corporate,Card,No,9,2024
INV-02869,2024-09-10,Snacks,SN-057,مشهد,Hypermarket,70941.51,37,5.66,2624835.87,55276.86,579591.99,Corporate,Card,No,9,2024
INV-02870,2024-09-11,Snacks,SN-054,مشهد,Online,80623.78,6,0.5,483742.68,58091.71,135192.44,Retail,Transfer,No,9,2024
INV-02871,2024-09-11,Home Care,HO-099,کرج,Online,56164.02,4,0.6,224656.07,41105.04,60235.93,Retail,Card,No,9,2024
INV-02872,2024-09-11,Personal Care,PE-046,اصفهان,Pharmacy,98104.43,1,4.0,98104.43,73975.72,24128.71,Retail,Transfer,No,9,2024
INV-02873,2024-09-11,Beverages,BE-043,کرمانشاه,Wholesale,61104.35,5,5.83,305521.77,51094.28,50050.36,Retail,Transfer,No,9,2024
INV-02874,2024-09-11,Beverages,BE-087,کرمانشاه,Supermarket,54975.05,90,3.82,4947754.83,37294.47,1591252.16,Corporate,Transfer,No,9,2024
INV-02875,2024-09-12,Personal Care,PE-112,قم,Wholesale,102047.41,130,15.03,13266163.14,88351.4,1780481.56,Corporate,Cash,Yes,9,2024
INV-02876,2024-09-12,Dairy,DA-001,اصفهان,Hypermarket,117467.26,12,0.71,1409607.08,84483.25,395808.14,Retail,Transfer,No,9,2024
INV-02877,2024-09-12,Dairy,DA-137,تبریز,Hypermarket,124865.49,10,11.89,1248654.94,87711.8,371536.98,Retail,Card,Yes,9,2024
INV-02878,2024-09-12,Home Care,HO-076,مشهد,Wholesale,50826.78,3,5.51,152480.33,42082.31,26233.41,Retail,Card,No,9,2024
INV-02879,2024-09-13,Snacks,SN-051,رشت,Hypermarket,69735.27,4,2.2,278941.07,50868.82,75465.77,Retail,Cash,No,9,2024
INV-02880,2024-09-13,Home Care,HO-116,شیراز,Hypermarket,45491.2,46,16.74,2092595.29,35274.71,469958.66,Corporate,Card,Yes,9,2024
INV-02881,2024-09-13,Beverages,BE-015,اهواز,Supermarket,66023.64,11,1.28,726260.02,44456.98,237233.2,Retail,Transfer,No,9,2024
INV-02882,2024-09-13,Dairy,DA-084,شیراز,Supermarket,115643.7,9,3.66,1040793.27,77282.86,345247.56,Retail,POS,No,9,2024
INV-02883,2024-09-14,Dairy,DA-020,قم,Hypermarket,127486.39,2,3.47,254972.77,90448.84,74075.09,Retail,Card,No,9,2024
INV-02884,2024-09-14,Dairy,DA-020,قم,Wholesale,96475.98,56,5.33,5402654.77,82882.27,761247.53,Corporate,Cash,No,9,2024
INV-02885,2024-09-14,Personal Care,PE-080,شیراز,Pharmacy,95109.75,1,0.36,95109.75,77342.24,17767.52,Retail,Card,No,9,2024
INV-02886,2024-09-14,Personal Care,PE-134,قم,Hypermarket,109652.47,7,3.42,767567.31,77794.3,223007.22,Retail,Cash,No,9,2024
INV-02887,2024-09-14,Snacks,SN-042,رشت,Online,66208.22,23,4.0,1522789.03,49516.12,383918.27,Corporate,Transfer,No,9,2024
INV-02888,2024-09-15,Beverages,BE-083,شیراز,Hypermarket,75038.12,55,1.45,4127096.57,57571.73,960651.17,Corporate,Transfer,No,9,2024
INV-02889,2024-09-15,Snacks,SN-116,اصفهان,Online,55339.89,9,2.51,498059.0,43078.2,110355.21,Retail,Transfer,No,9,2024
INV-02890,2024-09-15,Snacks,SN-132,اصفهان,Hypermarket,50823.88,39,3.89,1982131.45,34499.25,636660.69,Corporate,Card,No,9,2024
INV-02891,2024-09-15,Home Care,HO-023,اهواز,Supermarket,49990.04,4,2.69,199960.16,36119.2,55483.35,Retail,Transfer,No,9,2024
INV-02892,2024-09-16,Dairy,DA-149,تهران,Pharmacy,117691.1,1,3.24,117691.1,98467.66,19223.44,Retail,Cash,No,9,2024
INV-02893,2024-09-16,Home Care,HO-044,اهواز,Hypermarket,53997.64,3,4.41,161992.93,38466.25,46594.17,Retail,Transfer,No,9,2024
INV-02894,2024-09-16,Snacks,SN-111,شیراز,Hypermarket,70032.94,2,3.34,140065.88,47643.44,44779.0,Retail,Card,No,9,2024
INV-02895,2024-09-17,Beverages,BE-031,تبریز,Pharmacy,61774.0,2,0.57,123548.01,48472.48,26603.06,Retail,Transfer,No,9,2024
INV-02896,2024-09-17,Home Care,HO-128,کرج,Supermarket,41588.7,112,21.62,4657934.46,30023.6,1295291.02,Corporate,Transfer,Yes,9,2024
INV-02897,2024-09-17,Beverages,BE-058,تهران,Pharmacy,63443.9,3,1.25,190331.71,53871.24,28717.99,Retail,Cash,No,9,2024
INV-02898,2024-09-18,Personal Care,PE-126,کرمانشاه,Hypermarket,95506.59,27,0.56,2578678.03,70085.5,686369.47,Corporate,POS,No,9,2024
INV-02899,2024-09-18,Home Care,HO-140,رشت,Supermarket,55944.12,25,0.21,1398603.05,41484.3,361495.49,Corporate,Card,No,9,2024
INV-02900,2024-09-18,Beverages,BE-028,اصفهان,Hypermarket,70731.16,56,5.74,3960945.03,49529.94,1187268.37,Corporate,Card,No,9,2024
INV-02901,2024-09-18,Beverages,BE-030,شیراز,Supermarket,70457.2,5,4.61,352285.99,49112.61,106722.94,Retail,Card,No,9,2024
INV-02902,2024-09-18,Beverages,BE-148,شیراز,Supermarket,95667.03,9,3.65,861003.26,65714.91,269569.05,Retail,POS,No,9,2024
INV-02903,2024-09-18,Home Care,HO-099,تهران,Supermarket,54925.88,6,2.14,329555.28,36944.38,107888.99,Retail,Transfer,No,9,2024
INV-02904,2024-09-18,Beverages,BE-087,مشهد,Wholesale,60614.24,1,0.13,60614.24,51008.37,9605.86,Retail,Transfer,No,9,2024
INV-02905,2024-09-19,Beverages,BE-098,تبریز,Wholesale,55181.11,19,20.65,1048441.04,46775.81,159700.66,Corporate,POS,Yes,9,2024
INV-02906,2024-09-19,Personal Care,PE-103,اصفهان,Pharmacy,102087.32,88,4.0,8983683.86,80312.57,1916177.85,Corporate,Cash,No,9,2024
INV-02907,2024-09-19,Dairy,DA-062,اهواز,Pharmacy,103257.41,7,1.34,722801.88,87641.91,109308.49,Retail,Transfer,No,9,2024
INV-02908,2024-09-19,Snacks,SN-150,اصفهان,Supermarket,83241.89,58,5.17,4828029.53,56608.02,1544764.61,Corporate,Transfer,No,9,2024
INV-02909,2024-09-19,Home Care,HO-086,اصفهان,Hypermarket,58866.22,37,0.51,2178049.98,44103.36,546225.54,Corporate,Card,No,9,2024
INV-02910,2024-09-19,Snacks,SN-091,کرج,Wholesale,63143.77,87,15.85,5493507.72,50485.46,1101272.96,Corporate,Card,Yes,9,2024
INV-02911,2024-09-20,Personal Care,PE-042,تبریز,Hypermarket,94424.6,57,1.48,5382202.44,63755.34,1748148.13,Corporate,Card,No,9,2024
INV-02912,2024-09-20,Beverages,BE-071,اهواز,Pharmacy,60655.15,9,0.3,545896.38,50574.18,90728.74,Corporate,Transfer,No,9,2024
INV-02913,2024-09-21,Personal Care,PE-032,تهران,Hypermarket,91306.78,7,5.97,639147.47,61873.15,206035.39,Retail,POS,No,9,2024
INV-02914,2024-09-21,Dairy,DA-058,تبریز,Online,122841.37,1,4.0,122841.37,95817.31,27024.06,Retail,Card,No,9,2024
INV-02915,2024-09-21,Beverages,BE-080,مشهد,Online,57625.62,3,2.42,172876.86,46557.98,33202.93,Retail,Card,No,9,2024
INV-02916,2024-09-21,Beverages,BE-065,کرج,Hypermarket,70097.01,11,2.03,771067.07,52778.93,190498.87,Retail,Transfer,No,9,2024
INV-02917,2024-09-22,Beverages,BE-141,اصفهان,Wholesale,56937.4,105,3.02,5978427.46,46274.32,1119623.6,Corporate,Card,No,9,2024
INV-02918,2024-09-22,Personal Care,PE-131,اهواز,Wholesale,101700.61,4,14.13,406802.44,84487.04,68854.3,Retail,Cash,Yes,9,2024
INV-02919,2024-09-22,Personal Care,PE-132,شیراز,Pharmacy,129656.57,27,2.68,3500727.48,106039.72,637655.12,Corporate,Cash,No,9,2024
INV-02920,2024-09-22,Dairy,DA-027,اهواز,Pharmacy,104598.93,5,4.0,522994.63,79104.04,127474.43,Retail,Transfer,No,9,2024
INV-02921,2024-09-23,Snacks,SN-075,مشهد,Pharmacy,57513.47,3,13.12,172540.4,44810.05,38110.24,Retail,Cash,Yes,9,2024
INV-02922,2024-09-24,Dairy,DA-068,شیراز,Supermarket,111357.14,5,5.4,556785.69,81540.06,149085.38,Retail,Card,No,9,2024
INV-02923,2024-09-24,Dairy,DA-134,اصفهان,Hypermarket,122918.24,11,1.19,1352100.66,94070.48,317325.41,Retail,Card,No,9,2024
INV-02924,2024-09-24,Personal Care,PE-059,مشهد,Wholesale,84634.63,4,13.36,338538.51,66460.51,72696.46,Retail,Transfer,Yes,9,2024
INV-02925,2024-09-25,Personal Care,PE-077,اصفهان,Supermarket,93611.86,12,1.68,1123342.3,69849.31,285150.54,Retail,Cash,No,9,2024
INV-02926,2024-09-25,Beverages,BE-009,اصفهان,Hypermarket,62262.99,17,5.77,1058470.77,46120.86,274416.12,Corporate,Card,No,9,2024
INV-02927,2024-09-25,Beverages,BE-058,کرمانشاه,Wholesale,72350.98,50,0.19,3617548.84,61989.83,518057.5,Corporate,Transfer,No,9,2024
INV-02928,2024-09-26,Snacks,SN-143,کرج,Online,65978.53,8,0.55,527828.22,51084.85,119149.39,Retail,POS,No,9,2024
INV-02929,2024-09-26,Personal Care,PE-025,رشت,Pharmacy,117043.96,3,1.87,351131.89,91022.2,78065.29,Retail,Card,No,9,2024
INV-02930,2024-09-26,Snacks,SN-048,تهران,Hypermarket,63711.91,9,11.92,573407.2,48295.31,138749.39,Retail,Card,Yes,9,2024
INV-02931,2024-09-26,Personal Care,PE-141,تبریز,Pharmacy,75729.59,5,17.65,378647.94,58644.87,85423.61,Retail,POS,Yes,9,2024
INV-02932,2024-09-26,Dairy,DA-013,مشهد,Wholesale,86675.32,12,3.69,1040103.85,73388.12,159446.45,Retail,POS,No,9,2024
INV-02933,2024-09-27,Home Care,HO-053,تهران,Hypermarket,52706.28,11,3.09,579769.05,35578.34,188407.34,Retail,Card,No,9,2024
INV-02934,2024-09-27,Snacks,SN-126,شیراز,Wholesale,74415.18,7,0.08,520906.27,64545.87,69085.16,Retail,Transfer,No,9,2024
INV-02935,2024-09-27,Snacks,SN-088,کرج,Pharmacy,68548.62,6,1.89,411291.75,52534.71,96083.5,Retail,Card,No,9,2024
INV-02936,2024-09-28,Snacks,SN-032,رشت,Hypermarket,54932.73,1,5.52,54932.73,39933.7,14999.03,Retail,Transfer,No,9,2024
INV-02937,2024-09-28,Beverages,BE-037,رشت,Online,57725.26,6,1.6,346351.55,44006.56,82312.21,Retail,Card,No,9,2024
INV-02938,2024-09-28,Home Care,HO-033,قم,Online,53232.89,9,1.2,479096.05,41951.76,101530.25,Retail,Card,No,9,2024
INV-02939,2024-09-28,Snacks,SN-041,شیراز,Supermarket,54494.23,1,3.82,54494.23,35598.76,18895.47,Retail,Cash,No,9,2024
INV-02940,2024-09-28,Home Care,HO-094,رشت,Supermarket,60977.55,42,4.57,2561057.24,42738.91,766022.87,Corporate,Card,No,9,2024
INV-02941,2024-09-28,Home Care,HO-043,تبریز,Wholesale,55166.52,139,5.25,7668145.94,47739.99,1032287.84,Corporate,Card,No,9,2024
INV-02942,2024-09-29,Beverages,BE-142,تهران,Online,55990.89,4,14.37,223963.56,44256.41,46937.92,Retail,Card,Yes,9,2024
INV-02943,2024-09-29,Personal Care,PE-055,اهواز,Supermarket,93620.64,41,0.18,3838446.4,67478.26,1071837.76,Corporate,Card,No,9,2024
INV-02944,2024-09-29,Beverages,BE-063,قم,Online,52330.71,1,4.0,52330.71,38682.89,13647.82,Retail,Card,No,9,2024
INV-02945,2024-09-29,Home Care,HO-142,شیراز,Hypermarket,69435.82,6,5.98,416614.91,49030.81,122430.05,Retail,Card,No,9,2024
INV-02946,2024-09-30,Beverages,BE-055,کرمانشاه,Supermarket,57550.63,23,18.0,1323664.59,42301.39,350732.69,Corporate,Card,Yes,9,2024
INV-02947,2024-09-30,Personal Care,PE-071,اهواز,Pharmacy,93638.42,56,2.68,5243751.54,70502.52,1295610.54,Corporate,Transfer,No,9,2024
INV-02948,2024-09-30,Beverages,BE-033,مشهد,Pharmacy,76143.47,2,0.09,152286.94,57755.67,36775.6,Retail,Card,No,9,2024
INV-02949,2024-09-30,Beverages,BE-071,اهواز,Hypermarket,67534.58,9,9.18,607811.18,48278.86,173301.42,Retail,Transfer,Yes,9,2024
INV-02950,2024-09-30,Personal Care,PE-132,تبریز,Hypermarket,114768.9,112,5.25,12854116.37,86116.69,3209047.24,Corporate,Transfer,No,9,2024
INV-02951,2024-09-30,Dairy,DA-084,رشت,Online,105439.16,68,4.0,7169863.04,76377.6,1976186.21,Corporate,POS,No,9,2024
INV-02952,2024-10-01,Dairy,DA-078,کرمانشاه,Hypermarket,128149.84,1,3.97,128149.84,98652.63,29497.21,Retail,Transfer,No,10,2024
INV-02953,2024-10-02,Snacks,SN-049,قم,Supermarket,56841.69,2,5.72,113683.38,40551.54,32580.3,Retail,POS,Yes,10,2024
INV-02954,2024-10-02,Home Care,HO-004,رشت,Hypermarket,57991.85,3,0.32,173975.56,42070.56,47763.88,Retail,Cash,No,10,2024
INV-02955,2024-10-02,Snacks,SN-135,اهواز,Online,68963.2,1,2.95,68963.2,55404.78,13558.42,Retail,Card,No,10,2024
INV-02956,2024-10-02,Personal Care,PE-108,شیراز,Wholesale,113725.1,4,3.0,454900.41,88868.53,99426.31,Retail,Card,No,10,2024
INV-02957,2024-10-02,Home Care,HO-094,شیراز,Supermarket,53616.51,9,5.3,482548.59,36354.4,155358.95,Retail,Transfer,No,10,2024
INV-02958,2024-10-02,Home Care,HO-132,کرمانشاه,Pharmacy,48216.04,95,4.0,4580523.57,38956.61,879645.24,Corporate,Cash,No,10,2024
INV-02959,2024-10-02,Home Care,HO-105,تهران,Wholesale,61167.62,85,5.06,5199247.7,48281.4,1095328.46,Corporate,Cash,No,10,2024
INV-02960,2024-10-03,Beverages,BE-068,اهواز,Wholesale,64232.32,83,3.54,5331282.31,55773.46,702084.77,Corporate,Transfer,No,10,2024
INV-02961,2024-10-03,Personal Care,PE-074,کرج,Online,90370.03,8,5.47,722960.26,67365.16,184038.95,Retail,Card,Yes,10,2024
INV-02962,2024-10-04,Home Care,HO-074,کرج,Pharmacy,51155.69,86,2.47,4399389.04,40315.05,932294.33,Corporate,POS,No,10,2024
INV-02963,2024-10-04,Personal Care,PE-108,تبریز,Supermarket,109439.95,4,1.83,437759.8,76765.97,130695.93,Retail,Card,No,10,2024
INV-02964,2024-10-04,Beverages,BE-101,رشت,Pharmacy,56000.57,76,18.43,4256043.39,44835.85,848519.16,Corporate,Transfer,Yes,10,2024
INV-02965,2024-10-04,Dairy,DA-146,تهران,Supermarket,111310.68,111,1.94,12355485.46,77111.09,3796154.01,Corporate,Card,No,10,2024
INV-02966,2024-10-05,Beverages,BE-040,تبریز,Pharmacy,52175.42,6,17.24,313052.53,39321.31,77124.67,Retail,Card,Yes,10,2024
INV-02967,2024-10-05,Snacks,SN-092,تهران,Supermarket,79066.07,12,1.35,948792.82,55789.26,279321.71,Retail,POS,No,10,2024
INV-02968,2024-10-05,Dairy,DA-133,مشهد,Hypermarket,99559.86,5,1.42,497799.28,74030.85,127645.02,Retail,Transfer,No,10,2024
INV-02969,2024-10-05,Beverages,BE-014,مشهد,Supermarket,66465.68,2,13.61,132931.35,45010.79,42909.77,Retail,Card,Yes,10,2024
INV-02970,2024-10-05,Personal Care,PE-102,مشهد,Online,92237.88,6,2.95,553427.27,74978.8,103554.49,Retail,Transfer,No,10,2024
INV-02971,2024-10-05,Personal Care,PE-085,اهواز,Pharmacy,81099.54,4,7.78,324398.15,62009.78,76359.04,Retail,POS,Yes,10,2024
INV-02972,2024-10-05,Personal Care,PE-020,مشهد,Online,107076.91,76,2.53,8137845.12,77429.68,2253189.55,Corporate,Card,No,10,2024
INV-02973,2024-10-06,Dairy,DA-053,کرمانشاه,Wholesale,108966.84,10,14.47,1089668.45,88148.52,208183.24,Retail,Card,Yes,10,2024
INV-02974,2024-10-06,Personal Care,PE-147,اصفهان,Online,97142.98,7,2.51,680000.86,73479.51,165644.27,Retail,Card,No,10,2024
INV-02975,2024-10-06,Beverages,BE-147,قم,Hypermarket,74389.26,8,0.49,595114.06,52174.45,177718.45,Retail,Cash,No,10,2024
INV-02976,2024-10-06,Beverages,BE-061,اصفهان,Wholesale,61414.8,13,14.23,798392.38,52095.66,121148.86,Retail,Transfer,Yes,10,2024
INV-02977,2024-10-06,Snacks,SN-015,اصفهان,Wholesale,65075.35,9,5.23,585678.11,53011.37,108575.74,Retail,Card,No,10,2024
INV-02978,2024-10-07,Home Care,HO-009,مشهد,Hypermarket,58446.58,7,3.77,409126.06,41468.54,118846.29,Retail,POS,No,10,2024
INV-02979,2024-10-07,Beverages,BE-101,شیراز,Pharmacy,68237.6,9,4.0,614138.36,56951.49,101574.99,Retail,Transfer,No,10,2024
INV-02980,2024-10-07,Snacks,SN-097,اهواز,Pharmacy,55139.36,3,12.66,165418.09,45168.07,29913.87,Retail,Transfer,Yes,10,2024
INV-02981,2024-10-07,Personal Care,PE-103,قم,Supermarket,97218.1,10,9.79,972180.96,68945.06,282730.39,Retail,Card,Yes,10,2024
INV-02982,2024-10-07,Dairy,DA-134,اصفهان,Pharmacy,107319.7,5,0.47,536598.51,86583.47,103681.16,Retail,POS,No,10,2024
INV-02983,2024-10-07,Home Care,HO-119,تهران,Supermarket,60337.66,4,8.52,241350.64,41974.08,73454.33,Retail,Card,Yes,10,2024
INV-02984,2024-10-08,Beverages,BE-150,اهواز,Online,69318.3,7,0.22,485228.11,53847.52,108295.47,Retail,Transfer,No,10,2024
INV-02985,2024-10-08,Home Care,HO-020,مشهد,Online,52637.86,11,0.67,579016.49,40913.1,128972.4,Corporate,Cash,No,10,2024
INV-02986,2024-10-08,Personal Care,PE-100,مشهد,Hypermarket,112191.69,88,2.82,9872868.43,76480.12,3142617.79,Corporate,Cash,No,10,2024
INV-02987,2024-10-08,Personal Care,PE-037,کرمانشاه,Online,79886.97,7,4.0,559208.81,64930.47,104695.49,Retail,Transfer,No,10,2024
INV-02988,2024-10-08,Dairy,DA-039,کرمانشاه,Wholesale,113616.48,111,0.77,12611429.37,91477.24,2457455.58,Corporate,Cash,No,10,2024
INV-02989,2024-10-08,Personal Care,PE-076,اصفهان,Pharmacy,112621.79,6,0.36,675730.75,94444.51,109063.72,Retail,Transfer,No,10,2024
INV-02990,2024-10-09,Dairy,DA-135,شیراز,Supermarket,115258.64,6,2.25,691551.84,84488.55,184620.53,Retail,Card,No,10,2024
INV-02991,2024-10-09,Dairy,DA-128,شیراز,Hypermarket,96703.72,5,14.77,483518.58,69381.79,136609.65,Retail,Transfer,Yes,10,2024
INV-02992,2024-10-09,Dairy,DA-136,مشهد,Wholesale,86280.37,14,1.81,1207925.12,69838.72,230183.05,Corporate,Card,No,10,2024
INV-02993,2024-10-09,Dairy,DA-129,کرمانشاه,Hypermarket,87127.3,8,3.99,697018.37,58437.47,229518.62,Retail,Card,No,10,2024
INV-02994,2024-10-09,Snacks,SN-132,اصفهان,Online,64942.11,5,0.03,324710.54,48377.18,82824.66,Retail,Transfer,No,10,2024
INV-02995,2024-10-10,Dairy,DA-118,اصفهان,Hypermarket,105683.69,7,0.05,739785.84,81683.63,168000.42,Retail,Cash,No,10,2024
INV-02996,2024-10-10,Snacks,SN-003,تبریز,Online,44370.11,3,17.53,133110.34,33763.33,31820.36,Retail,Cash,Yes,10,2024
INV-02997,2024-10-10,Beverages,BE-040,کرج,Hypermarket,63459.05,20,0.41,1269181.08,47075.52,327670.61,Corporate,POS,No,10,2024
INV-02998,2024-10-11,Snacks,SN-131,اهواز,Supermarket,51913.59,11,3.7,571049.45,33970.62,197372.64,Retail,Transfer,No,10,2024
INV-02999,2024-10-11,Beverages,BE-136,کرمانشاه,Supermarket,63991.16,10,3.22,639911.63,47340.34,166508.27,Retail,Transfer,No,10,2024
INV-03000,2024-10-12,Home Care,HO-085,تبریز,Supermarket,51373.28,3,2.8,154119.85,34682.03,50073.77,Retail,Card,No,10,2024
INV-03001,2024-10-12,Home Care,HO-131,قم,Pharmacy,52457.15,4,4.0,209828.62,41402.86,44217.16,Retail,POS,No,10,2024
INV-03002,2024-10-12,Beverages,BE-088,کرج,Pharmacy,42033.43,7,17.03,294234.0,34838.19,50366.67,Retail,Transfer,Yes,10,2024
INV-03003,2024-10-12,Snacks,SN-135,مشهد,Online,63373.48,7,0.5,443614.33,49113.34,99820.93,Retail,Transfer,No,10,2024
INV-03004,2024-10-12,Beverages,BE-028,اهواز,Supermarket,71731.16,76,1.36,5451568.44,49235.15,1709697.32,Corporate,Card,No,10,2024
INV-03005,2024-10-13,Personal Care,PE-086,تهران,Hypermarket,95875.12,5,15.85,479375.58,69247.29,133139.15,Retail,Card,Yes,10,2024
INV-03006,2024-10-13,Dairy,DA-051,رشت,Online,109452.54,100,4.0,10945253.54,82790.73,2666180.51,Corporate,POS,No,10,2024
INV-03007,2024-10-13,Snacks,SN-127,کرج,Supermarket,73548.15,58,4.15,4265792.8,48827.64,1433789.66,Corporate,Transfer,No,10,2024
INV-03008,2024-10-13,Snacks,SN-030,کرج,Pharmacy,58695.97,4,4.0,234783.9,47610.21,44343.07,Retail,Card,No,10,2024
INV-03009,2024-10-14,Personal Care,PE-129,کرج,Supermarket,119348.45,5,0.47,596742.24,83518.79,179148.3,Retail,Transfer,No,10,2024
INV-03010,2024-10-14,Personal Care,PE-078,تهران,Pharmacy,98134.22,7,4.0,686939.51,77884.14,141750.55,Retail,Cash,No,10,2024
INV-03011,2024-10-14,Snacks,SN-104,اهواز,Wholesale,58257.97,1,6.86,58257.97,49779.41,8478.57,Retail,Transfer,Yes,10,2024
INV-03012,2024-10-15,Snacks,SN-081,مشهد,Wholesale,74580.05,12,1.45,894960.61,59460.23,181437.82,Retail,Cash,No,10,2024
INV-03013,2024-10-15,Beverages,BE-061,مشهد,Hypermarket,65653.93,9,4.36,590885.41,45769.66,178958.46,Retail,Transfer,No,10,2024
INV-03014,2024-10-16,Snacks,SN-044,قم,Pharmacy,62426.67,5,0.07,312133.33,48203.54,71115.61,Retail,Transfer,No,10,2024
INV-03015,2024-10-16,Personal Care,PE-066,کرمانشاه,Online,121660.02,95,0.22,11557701.48,91724.32,2843890.72,Corporate,Card,No,10,2024
INV-03016,2024-10-16,Snacks,SN-043,شیراز,Wholesale,67299.81,11,4.58,740297.95,53347.13,153479.49,Retail,Card,No,10,2024
INV-03017,2024-10-16,Personal Care,PE-104,تهران,Hypermarket,102751.72,126,3.12,12946716.95,73746.03,3654717.16,Corporate,Card,No,10,2024
INV-03018,2024-10-16,Beverages,BE-008,شیراز,Wholesale,80579.38,108,0.28,8702573.48,66529.29,1517410.26,Corporate,POS,No,10,2024
INV-03019,2024-10-17,Beverages,BE-134,اهواز,Wholesale,63021.17,1,4.49,63021.17,53786.53,9234.64,Retail,POS,No,10,2024
INV-03020,2024-10-17,Dairy,DA-040,قم,Wholesale,98244.77,4,13.37,392979.09,77155.37,84357.6,Retail,Card,Yes,10,2024
INV-03021,2024-10-17,Home Care,HO-002,کرمانشاه,Online,55182.1,1,0.84,55182.1,39804.24,15377.86,Retail,Transfer,No,10,2024
INV-03022,2024-10-17,Personal Care,PE-042,قم,Pharmacy,111161.91,80,4.0,8892952.53,86131.96,2002395.78,Corporate,Cash,No,10,2024
INV-03023,2024-10-17,Beverages,BE-120,کرج,Hypermarket,55598.42,31,0.08,1723551.14,40532.44,467045.54,Corporate,Transfer,No,10,2024
INV-03024,2024-10-17,Snacks,SN-019,تبریز,Wholesale,77097.48,13,9.05,1002267.25,65721.27,147890.77,Retail,POS,Yes,10,2024
INV-03025,2024-10-17,Snacks,SN-137,کرج,Supermarket,56000.5,5,5.22,280002.49,37105.68,94474.09,Retail,Card,No,10,2024
INV-03026,2024-10-18,Snacks,SN-039,مشهد,Wholesale,58036.89,10,14.8,580368.94,45675.02,123618.71,Retail,Card,Yes,10,2024
INV-03027,2024-10-18,Dairy,DA-043,کرج,Pharmacy,87276.03,32,4.0,2792832.99,69802.29,559159.58,Corporate,Card,No,10,2024
INV-03028,2024-10-18,Home Care,HO-067,شیراز,Supermarket,61837.18,10,1.7,618371.85,41142.5,206946.85,Retail,Card,No,10,2024
INV-03029,2024-10-18,Snacks,SN-080,تبریز,Wholesale,73066.18,62,1.24,4530102.87,63368.91,601230.72,Corporate,Card,No,10,2024
INV-03030,2024-10-19,Snacks,SN-123,رشت,Wholesale,69567.27,14,5.23,973941.72,55260.95,200288.46,Retail,Card,No,10,2024
INV-03031,2024-10-19,Personal Care,PE-106,کرج,Pharmacy,74955.7,84,16.75,6296278.83,62847.24,1017111.05,Corporate,Card,Yes,10,2024
INV-03032,2024-10-19,Personal Care,PE-141,اهواز,Online,108302.48,86,0.97,9314013.41,83615.21,2123105.77,Corporate,Transfer,No,10,2024
INV-03033,2024-10-20,Snacks,SN-102,تبریز,Online,72680.01,5,0.48,363400.05,53113.99,97830.12,Retail,Transfer,No,10,2024
INV-03034,2024-10-20,Snacks,SN-070,مشهد,Supermarket,55381.66,9,5.66,498434.92,38867.96,148623.27,Retail,Card,No,10,2024
INV-03035,2024-10-20,Beverages,BE-093,رشت,Pharmacy,74495.25,8,0.28,595962.03,58646.98,126786.21,Retail,Transfer,No,10,2024
INV-03036,2024-10-21,Home Care,HO-034,کرج,Pharmacy,57827.01,1,2.78,57827.01,45213.97,12613.04,Retail,Card,No,10,2024
INV-03037,2024-10-21,Beverages,BE-060,اصفهان,Online,61875.25,6,4.0,371251.48,44843.1,102192.91,Retail,Transfer,No,10,2024
INV-03038,2024-10-21,Snacks,SN-088,شیراز,Wholesale,68062.63,9,6.64,612563.68,58150.43,89209.84,Retail,POS,Yes,10,2024
INV-03039,2024-10-21,Dairy,DA-134,رشت,Wholesale,88737.31,14,4.87,1242322.28,71157.93,246111.28,Retail,Transfer,No,10,2024
INV-03040,2024-10-21,Personal Care,PE-141,شیراز,Pharmacy,90317.44,6,3.66,541904.65,73119.43,103188.06,Retail,Card,No,10,2024
INV-03041,2024-10-21,Personal Care,PE-144,قم,Pharmacy,110582.0,9,3.29,995237.97,84621.89,233641.01,Retail,Transfer,No,10,2024
INV-03042,2024-10-21,Dairy,DA-006,اهواز,Wholesale,110886.42,1,2.72,110886.42,92062.82,18823.6,Retail,Card,No,10,2024
INV-03043,2024-10-22,Snacks,SN-059,اصفهان,Supermarket,60599.53,6,2.16,363597.17,39973.76,123754.58,Retail,Card,No,10,2024
INV-03044,2024-10-22,Snacks,SN-122,قم,Wholesale,62765.09,12,5.66,753181.14,49717.14,156575.45,Retail,Card,No,10,2024
INV-03045,2024-10-22,Beverages,BE-073,مشهد,Online,69559.21,8,3.13,556473.7,54140.1,123352.87,Retail,Transfer,No,10,2024
INV-03046,2024-10-23,Beverages,BE-052,رشت,Hypermarket,68693.52,10,4.67,686935.16,50652.61,180409.09,Retail,Transfer,No,10,2024
INV-03047,2024-10-23,Home Care,HO-004,مشهد,Pharmacy,58443.46,93,4.0,5435242.17,46709.36,1091271.62,Corporate,Transfer,No,10,2024
INV-03048,2024-10-23,Beverages,BE-085,رشت,Pharmacy,66107.42,21,3.74,1388255.8,55035.41,232512.24,Corporate,Transfer,No,10,2024
INV-03049,2024-10-23,Beverages,BE-077,کرج,Supermarket,73708.28,4,4.62,294833.12,54912.23,75184.2,Retail,Card,No,10,2024
INV-03050,2024-10-23,Dairy,DA-130,کرج,Hypermarket,124584.61,22,1.22,2740861.45,85900.49,851050.59,Corporate,Transfer,No,10,2024
INV-03051,2024-10-24,Beverages,BE-146,اهواز,Wholesale,62406.38,78,0.76,4867697.91,49981.21,969163.85,Corporate,Card,No,10,2024
INV-03052,2024-10-24,Dairy,DA-066,تبریز,Wholesale,98053.49,4,11.0,392213.97,83032.47,60084.08,Retail,Card,Yes,10,2024
INV-03053,2024-10-24,Snacks,SN-036,کرمانشاه,Supermarket,66235.72,105,0.0,6954750.41,46196.09,2104160.55,Corporate,Transfer,No,10,2024
INV-03054,2024-10-25,Home Care,HO-049,شیراز,Online,45641.39,7,4.0,319489.7,32894.02,89231.54,Retail,Cash,No,10,2024
INV-03055,2024-10-25,Snacks,SN-088,اصفهان,Supermarket,57518.1,2,4.79,115036.21,41198.54,32639.13,Retail,Transfer,No,10,2024
INV-03056,2024-10-26,Dairy,DA-008,کرج,Pharmacy,93129.38,47,1.01,4377081.09,70196.02,1077868.29,Corporate,Transfer,No,10,2024
INV-03057,2024-10-26,Dairy,DA-140,قم,Wholesale,99206.42,35,4.68,3472224.86,80308.1,661441.43,Corporate,Card,No,10,2024
INV-03058,2024-10-26,Personal Care,PE-041,اصفهان,Wholesale,87587.21,12,0.14,1051046.54,70700.54,202640.1,Retail,Transfer,No,10,2024
INV-03059,2024-10-26,Home Care,HO-110,رشت,Hypermarket,56627.65,3,3.16,169882.94,42513.06,42343.77,Retail,Transfer,No,10,2024
INV-03060,2024-10-26,Beverages,BE-070,رشت,Hypermarket,59015.32,4,1.75,236061.29,40794.79,72882.11,Retail,Transfer,No,10,2024
INV-03061,2024-10-26,Snacks,SN-081,کرج,Supermarket,63265.99,1,0.21,63265.99,47320.51,15945.49,Retail,Card,No,10,2024
INV-03062,2024-10-26,Snacks,SN-072,تهران,Pharmacy,61454.01,4,2.09,245816.04,51152.93,41204.33,Retail,Card,No,10,2024
INV-03063,2024-10-26,Snacks,SN-072,رشت,Hypermarket,54095.62,100,4.82,5409562.44,39136.81,1495881.46,Corporate,Card,No,10,2024
INV-03064,2024-10-26,Dairy,DA-127,کرمانشاه,Wholesale,87110.52,8,5.54,696884.19,72861.57,113991.66,Retail,Transfer,No,10,2024
INV-03065,2024-10-27,Snacks,SN-096,کرج,Online,58609.78,10,1.11,586097.78,44009.41,146003.67,Retail,Transfer,No,10,2024
INV-03066,2024-10-27,Snacks,SN-003,اهواز,Wholesale,69461.04,53,2.19,3681435.03,60934.82,451889.7,Corporate,POS,No,10,2024
INV-03067,2024-10-28,Beverages,BE-062,اصفهان,Wholesale,66407.02,7,7.85,464849.12,58412.62,55960.78,Retail,POS,Yes,10,2024
INV-03068,2024-10-28,Home Care,HO-064,رشت,Hypermarket,51077.46,54,20.26,2758182.97,34262.89,907987.04,Corporate,Card,Yes,10,2024
INV-03069,2024-10-28,Snacks,SN-034,مشهد,Hypermarket,65344.55,78,12.38,5096874.77,47358.4,1402919.78,Corporate,Cash,Yes,10,2024
INV-03070,2024-10-28,Personal Care,PE-021,کرج,Pharmacy,113534.13,20,1.01,2270682.6,91219.31,446296.41,Corporate,POS,No,10,2024
INV-03071,2024-10-29,Beverages,BE-115,کرج,Wholesale,52681.95,32,20.29,1685822.47,44998.74,245862.85,Corporate,Card,Yes,10,2024
INV-03072,2024-10-29,Snacks,SN-139,اهواز,Pharmacy,64710.58,2,4.0,129421.16,52137.02,25147.12,Retail,Card,No,10,2024
INV-03073,2024-10-29,Dairy,DA-004,شیراز,Hypermarket,107595.69,10,2.29,1075956.95,72201.42,353942.73,Retail,Card,No,10,2024
INV-03074,2024-10-29,Snacks,SN-107,تبریز,Hypermarket,67438.23,2,10.83,134876.46,49516.2,35844.06,Retail,Card,Yes,10,2024
INV-03075,2024-10-30,Snacks,SN-061,مشهد,Online,72413.95,10,3.47,724139.46,54135.86,182780.86,Corporate,Cash,No,10,2024
INV-03076,2024-10-30,Dairy,DA-008,کرمانشاه,Supermarket,113189.8,81,5.27,9168373.72,78792.71,2786164.32,Corporate,Card,No,10,2024
INV-03077,2024-10-30,Snacks,SN-062,رشت,Wholesale,58177.23,15,6.77,872658.52,49054.28,136844.37,Retail,Card,Yes,10,2024
INV-03078,2024-10-30,Dairy,DA-133,رشت,Pharmacy,103835.1,4,3.36,415340.38,83982.12,79411.9,Retail,Transfer,No,10,2024
INV-03079,2024-10-31,Personal Care,PE-068,کرمانشاه,Online,89282.57,6,3.64,535695.45,64656.72,147755.1,Retail,POS,No,10,2024
INV-03080,2024-10-31,Beverages,BE-111,کرمانشاه,Wholesale,68342.67,3,8.08,205028.02,57566.66,32328.04,Retail,Transfer,Yes,10,2024
INV-03081,2024-10-31,Home Care,HO-109,مشهد,Online,54855.16,2,2.72,109710.33,39898.39,29913.54,Retail,Transfer,No,10,2024
INV-03082,2024-10-31,Beverages,BE-141,اهواز,Hypermarket,68234.36,7,0.72,477640.49,52365.01,111085.4,Retail,Card,No,10,2024
INV-03083,2024-10-31,Beverages,BE-111,اهواز,Hypermarket,70605.21,12,3.2,847262.46,48828.5,261320.51,Retail,Card,No,10,2024
INV-03084,2024-10-31,Home Care,HO-101,اصفهان,Wholesale,48866.19,9,1.97,439795.72,42767.32,54889.87,Retail,Transfer,No,10,2024
INV-03085,2024-10-31,Beverages,BE-125,تهران,Hypermarket,73006.73,5,5.55,365033.65,53249.89,98784.21,Retail,Card,No,10,2024
INV-03086,2024-11-01,Snacks,SN-067,مشهد,Supermarket,62831.6,49,4.08,3078748.45,42611.4,990789.67,Corporate,Card,No,11,2024
INV-03087,2024-11-01,Personal Care,PE-141,تهران,Wholesale,110807.59,15,3.24,1662113.78,91868.7,284083.27,Retail,Transfer,No,11,2024
INV-03088,2024-11-01,Personal Care,PE-053,تبریز,Supermarket,86374.01,28,4.63,2418472.39,57742.24,801689.62,Corporate,Transfer,No,11,2024
INV-03089,2024-11-02,Beverages,BE-036,مشهد,Wholesale,71757.94,11,0.15,789337.34,60502.91,123805.33,Retail,Cash,No,11,2024
INV-03090,2024-11-02,Beverages,BE-138,رشت,Supermarket,70431.95,10,1.08,704319.52,46080.8,243511.47,Retail,Cash,No,11,2024
INV-03091,2024-11-02,Beverages,BE-143,رشت,Pharmacy,78898.32,9,0.51,710084.89,61063.91,160509.73,Retail,Card,No,11,2024
INV-03092,2024-11-02,Snacks,SN-080,مشهد,Supermarket,68344.63,1,0.61,68344.63,48171.13,20173.5,Retail,POS,No,11,2024
INV-03093,2024-11-02,Personal Care,PE-054,شیراز,Hypermarket,113314.34,4,1.1,453257.37,77821.74,141970.43,Retail,Card,No,11,2024
INV-03094,2024-11-03,Home Care,HO-137,کرمانشاه,Hypermarket,49689.3,5,0.6,248446.5,37893.23,58980.36,Retail,POS,No,11,2024
INV-03095,2024-11-03,Personal Care,PE-053,کرمانشاه,Online,75075.55,84,0.34,6306346.56,61150.01,1169745.86,Corporate,Transfer,No,11,2024
INV-03096,2024-11-03,Snacks,SN-094,مشهد,Pharmacy,56730.57,66,4.0,3744217.84,43398.88,879891.52,Corporate,Card,No,11,2024
INV-03097,2024-11-03,Personal Care,PE-131,تبریز,Wholesale,91603.79,100,2.35,9160379.0,77704.82,1389896.72,Corporate,Transfer,No,11,2024
INV-03098,2024-11-03,Beverages,BE-026,مشهد,Wholesale,56101.72,134,4.85,7517630.4,44101.97,1607965.88,Corporate,Card,No,11,2024
INV-03099,2024-11-04,Personal Care,PE-073,اصفهان,Supermarket,122036.56,9,1.15,1098329.01,79785.4,380260.37,Retail,Card,No,11,2024
INV-03100,2024-11-04,Dairy,DA-108,مشهد,Wholesale,74080.31,154,12.75,11408367.53,59024.82,2318545.11,Corporate,Card,Yes,11,2024
INV-03101,2024-11-04,Snacks,SN-054,قم,Online,67338.36,63,16.91,4242316.54,50029.31,1090469.83,Corporate,Transfer,Yes,11,2024
INV-03102,2024-11-04,Dairy,DA-128,تهران,Pharmacy,88233.05,53,16.52,4676351.6,72464.19,835749.44,Corporate,POS,Yes,11,2024
INV-03103,2024-11-04,Personal Care,PE-117,شیراز,Pharmacy,119899.01,7,4.0,839293.07,98147.56,152260.12,Retail,Transfer,No,11,2024
INV-03104,2024-11-04,Personal Care,PE-005,شیراز,Online,99104.58,48,4.0,4757019.97,79862.5,923620.13,Corporate,Card,No,11,2024
INV-03105,2024-11-04,Dairy,DA-139,قم,Online,116280.96,1,2.93,116280.96,87023.97,29256.99,Retail,Transfer,No,11,2024
INV-03106,2024-11-05,Snacks,SN-088,مشهد,Hypermarket,55651.8,87,5.16,4841707.01,37898.3,1544555.0,Corporate,Transfer,No,11,2024
INV-03107,2024-11-05,Home Care,HO-101,تهران,Wholesale,50810.71,7,4.81,355674.95,40590.2,71543.54,Retail,Transfer,No,11,2024
INV-03108,2024-11-06,Snacks,SN-005,اصفهان,Pharmacy,60363.49,12,1.71,724361.92,47996.43,148404.81,Corporate,Transfer,No,11,2024
INV-03109,2024-11-06,Personal Care,PE-113,اهواز,Wholesale,109137.93,1,1.5,109137.93,96038.34,13099.59,Retail,Card,No,11,2024
INV-03110,2024-11-06,Personal Care,PE-021,کرج,Pharmacy,100793.43,7,2.67,705553.99,77283.64,164568.49,Retail,Cash,No,11,2024
INV-03111,2024-11-06,Home Care,HO-106,تبریز,Wholesale,63727.01,134,2.12,8539419.6,51875.46,1588107.82,Corporate,Transfer,No,11,2024
INV-03112,2024-11-06,Beverages,BE-111,کرمانشاه,Pharmacy,75366.74,8,0.98,602933.93,60768.55,116785.57,Retail,Card,No,11,2024
INV-03113,2024-11-06,Home Care,HO-067,کرمانشاه,Hypermarket,52997.16,8,2.25,423977.28,38794.47,113621.54,Retail,Card,No,11,2024
INV-03114,2024-11-06,Home Care,HO-126,شیراز,Wholesale,48462.12,7,5.15,339234.85,39171.39,65035.13,Retail,Transfer,No,11,2024
INV-03115,2024-11-06,Beverages,BE-137,کرج,Hypermarket,56942.81,4,3.34,227771.25,42794.25,56594.25,Retail,Card,No,11,2024
INV-03116,2024-11-07,Personal Care,PE-004,تبریز,Online,113923.61,89,4.0,10139201.42,82629.7,2785157.9,Corporate,Card,No,11,2024
INV-03117,2024-11-07,Beverages,BE-071,مشهد,Supermarket,75654.22,8,0.64,605233.75,51576.93,192618.28,Retail,Transfer,No,11,2024
INV-03118,2024-11-08,Dairy,DA-035,رشت,Hypermarket,137042.14,5,2.81,685210.68,101981.42,175303.58,Retail,Transfer,No,11,2024
INV-03119,2024-11-08,Home Care,HO-043,کرج,Pharmacy,47704.53,1,3.72,47704.53,36648.48,11056.05,Retail,Card,No,11,2024
INV-03120,2024-11-08,Dairy,DA-120,تهران,Pharmacy,139553.42,1,2.47,139553.42,108066.14,31487.27,Retail,Cash,No,11,2024
INV-03121,2024-11-09,Personal Care,PE-079,قم,Pharmacy,80108.06,7,15.87,560756.4,60894.09,134497.76,Retail,Transfer,Yes,11,2024
INV-03122,2024-11-09,Home Care,HO-048,رشت,Supermarket,54065.28,4,4.82,216261.13,36408.16,70628.51,Retail,Cash,No,11,2024
INV-03123,2024-11-09,Personal Care,PE-049,اهواز,Wholesale,101016.66,14,2.98,1414233.26,88259.99,178593.41,Retail,Transfer,No,11,2024
INV-03124,2024-11-09,Snacks,SN-107,تبریز,Pharmacy,60633.73,24,4.0,1455209.52,46809.84,331773.26,Corporate,Transfer,No,11,2024
INV-03125,2024-11-09,Home Care,HO-079,مشهد,Supermarket,45959.87,46,13.42,2114153.98,34387.21,532342.18,Corporate,POS,Yes,11,2024
INV-03126,2024-11-09,Home Care,HO-139,اهواز,Wholesale,57276.27,41,4.32,2348326.88,47272.11,410170.45,Corporate,Cash,No,11,2024
INV-03127,2024-11-10,Dairy,DA-059,مشهد,Supermarket,105785.69,3,0.44,317357.07,69333.27,109357.25,Retail,Card,No,11,2024
INV-03128,2024-11-10,Beverages,BE-146,تهران,Online,74413.04,78,8.58,5804217.17,60514.2,1084109.34,Corporate,POS,Yes,11,2024
INV-03129,2024-11-10,Snacks,SN-101,تبریز,Hypermarket,45213.31,3,17.89,135639.92,34038.39,33524.76,Retail,Transfer,Yes,11,2024
INV-03130,2024-11-10,Dairy,DA-112,شیراز,Wholesale,113981.76,13,3.15,1481762.91,93975.87,260076.55,Retail,Transfer,No,11,2024
INV-03131,2024-11-10,Dairy,DA-072,کرمانشاه,Pharmacy,124979.03,8,2.46,999832.24,103474.88,172033.23,Retail,Card,No,11,2024
INV-03132,2024-11-10,Personal Care,PE-040,اهواز,Supermarket,95929.34,33,1.29,3165668.29,69066.12,886486.17,Corporate,Transfer,No,11,2024
INV-03133,2024-11-10,Personal Care,PE-054,قم,Supermarket,96563.43,41,12.83,3959100.49,63172.92,1369010.88,Corporate,Transfer,Yes,11,2024
INV-03134,2024-11-11,Beverages,BE-006,رشت,Pharmacy,54022.83,1,4.0,54022.83,44858.3,9164.53,Retail,Card,No,11,2024
INV-03135,2024-11-11,Beverages,BE-133,کرج,Pharmacy,58246.72,9,17.5,524220.45,45722.43,112718.61,Retail,Card,Yes,11,2024
INV-03136,2024-11-11,Personal Care,PE-122,کرج,Supermarket,96771.49,8,0.89,774171.96,72186.08,196683.31,Retail,Transfer,No,11,2024
INV-03137,2024-11-12,Beverages,BE-096,کرج,Online,73797.03,8,4.0,590376.27,60394.87,107217.31,Retail,Transfer,No,11,2024
INV-03138,2024-11-12,Home Care,HO-094,اهواز,Wholesale,49253.26,7,2.1,344772.81,39831.22,65954.27,Retail,Transfer,No,11,2024
INV-03139,2024-11-12,Snacks,SN-126,مشهد,Pharmacy,57654.44,76,4.0,4381737.59,46215.15,869386.48,Corporate,Transfer,No,11,2024
INV-03140,2024-11-12,Snacks,SN-109,مشهد,Wholesale,41939.3,1,0.3,41939.3,35822.72,6116.58,Retail,Card,No,11,2024
INV-03141,2024-11-12,Dairy,DA-053,شیراز,Hypermarket,96631.57,15,14.97,1449473.6,73334.3,349459.16,Corporate,Transfer,Yes,11,2024
INV-03142,2024-11-12,Personal Care,PE-024,تهران,Hypermarket,112791.7,25,3.6,2819792.58,80207.01,814617.44,Corporate,Transfer,No,11,2024
INV-03143,2024-11-13,Snacks,SN-017,مشهد,Wholesale,70490.05,8,4.05,563920.42,61093.85,75169.59,Retail,Cash,No,11,2024
INV-03144,2024-11-14,Snacks,SN-104,اهواز,Supermarket,64143.73,9,3.13,577293.59,46919.73,155016.04,Retail,Card,No,11,2024
INV-03145,2024-11-14,Dairy,DA-065,تبریز,Wholesale,96221.08,12,15.04,1154652.97,75518.1,248435.74,Retail,Card,Yes,11,2024
INV-03146,2024-11-14,Snacks,SN-020,کرمانشاه,Hypermarket,64642.15,120,2.73,7757057.46,48651.8,1918841.18,Corporate,Card,No,11,2024
INV-03147,2024-11-14,Personal Care,PE-100,شیراز,Online,107860.28,6,4.0,647161.68,87769.15,120546.79,Retail,Card,No,11,2024
INV-03148,2024-11-15,Beverages,BE-144,اهواز,Online,43402.16,91,17.85,3949596.31,33751.76,878186.41,Corporate,Card,Yes,11,2024
INV-03149,2024-11-15,Personal Care,PE-066,اصفهان,Hypermarket,98845.75,7,14.1,691920.24,75228.76,165318.9,Retail,Transfer,Yes,11,2024
INV-03150,2024-11-16,Dairy,DA-061,مشهد,Hypermarket,114206.52,11,0.94,1256271.74,85861.99,311789.8,Retail,POS,No,11,2024
INV-03151,2024-11-16,Home Care,HO-149,اهواز,Pharmacy,61746.16,4,1.7,246984.66,50947.4,43195.05,Retail,POS,No,11,2024
INV-03152,2024-11-17,Snacks,SN-079,رشت,Supermarket,59175.5,10,2.04,591754.95,43822.68,153528.17,Retail,Transfer,No,11,2024
INV-03153,2024-11-17,Home Care,HO-103,تبریز,Wholesale,48301.13,4,1.63,193204.51,40194.47,32426.64,Retail,POS,No,11,2024
INV-03154,2024-11-17,Home Care,HO-012,کرج,Online,51799.16,6,9.18,310794.96,37520.25,85673.46,Retail,Transfer,Yes,11,2024
INV-03155,2024-11-17,Personal Care,PE-100,قم,Supermarket,97368.17,2,5.57,194736.33,63601.82,67532.7,Retail,Transfer,No,11,2024
INV-03156,2024-11-17,Personal Care,PE-066,اصفهان,Wholesale,125896.43,21,4.86,2643825.03,107808.59,379844.55,Corporate,Card,No,11,2024
INV-03157,2024-11-17,Dairy,DA-085,کرج,Pharmacy,95890.99,7,3.21,671236.93,74594.77,149073.52,Retail,Cash,No,11,2024
INV-03158,2024-11-17,Beverages,BE-046,تبریز,Wholesale,60198.67,3,1.72,180596.02,48928.07,33811.82,Retail,Transfer,No,11,2024
INV-03159,2024-11-17,Beverages,BE-006,کرمانشاه,Online,61932.27,8,0.89,495458.16,45471.47,131686.36,Retail,Transfer,No,11,2024
INV-03160,2024-11-18,Home Care,HO-076,قم,Hypermarket,50434.33,81,0.88,4085181.05,35181.84,1235451.75,Corporate,Card,No,11,2024
INV-03161,2024-11-18,Home Care,HO-027,قم,Online,60353.12,10,2.8,603531.23,47064.48,132886.44,Retail,Transfer,No,11,2024
INV-03162,2024-11-18,Personal Care,PE-030,قم,Wholesale,99139.82,3,11.08,297419.46,80186.86,56858.87,Retail,Card,Yes,11,2024
INV-03163,2024-11-19,Personal Care,PE-126,تهران,Pharmacy,110706.2,33,2.15,3653304.5,83349.76,902762.51,Corporate,Transfer,No,11,2024
INV-03164,2024-11-19,Dairy,DA-088,اصفهان,Hypermarket,90420.13,48,5.11,4340166.04,66229.96,1161127.84,Corporate,Card,No,11,2024
INV-03165,2024-11-20,Beverages,BE-016,تبریز,Hypermarket,64948.97,45,21.89,2922703.48,45672.42,867444.66,Corporate,Card,Yes,11,2024
INV-03166,2024-11-20,Personal Care,PE-130,شیراز,Pharmacy,109088.15,30,4.0,3272644.5,92312.74,503262.41,Corporate,Card,No,11,2024
INV-03167,2024-11-20,Snacks,SN-068,کرج,Hypermarket,67466.16,42,2.6,2833578.68,47666.09,831603.09,Corporate,POS,No,11,2024
INV-03168,2024-11-20,Beverages,BE-138,اهواز,Pharmacy,70240.42,4,13.26,280961.67,58225.93,48057.95,Retail,Transfer,Yes,11,2024
INV-03169,2024-11-20,Home Care,HO-112,تهران,Supermarket,45743.88,32,3.07,1463804.2,32958.36,409136.81,Corporate,Transfer,No,11,2024
INV-03170,2024-11-20,Snacks,SN-062,شیراز,Hypermarket,74715.64,6,5.64,448293.86,56075.52,111840.76,Retail,Cash,No,11,2024
INV-03171,2024-11-20,Personal Care,PE-082,مشهد,Supermarket,100469.69,43,3.46,4320196.59,68130.83,1390571.08,Corporate,Transfer,No,11,2024
INV-03172,2024-11-21,Dairy,DA-024,اهواز,Online,131942.01,71,4.0,9367882.61,107856.27,1710087.1,Corporate,POS,No,11,2024
INV-03173,2024-11-21,Home Care,HO-084,قم,Wholesale,60257.41,5,2.4,301287.07,51748.79,42543.11,Retail,Cash,No,11,2024
INV-03174,2024-11-21,Snacks,SN-027,مشهد,Hypermarket,58337.02,1,3.9,58337.02,40028.19,18308.83,Retail,Card,No,11,2024
INV-03175,2024-11-22,Home Care,HO-070,کرمانشاه,Hypermarket,59618.08,4,0.84,238472.34,39966.31,78607.11,Retail,Transfer,No,11,2024
INV-03176,2024-11-22,Snacks,SN-071,تبریز,Pharmacy,61971.56,1,0.95,61971.56,50291.23,11680.33,Retail,Transfer,No,11,2024
INV-03177,2024-11-22,Beverages,BE-143,قم,Wholesale,78738.39,30,0.14,2362151.84,65236.07,405069.73,Corporate,Transfer,No,11,2024
INV-03178,2024-11-23,Personal Care,PE-011,اهواز,Hypermarket,101744.99,3,13.22,305234.98,78048.73,71088.78,Retail,Card,Yes,11,2024
INV-03179,2024-11-23,Home Care,HO-144,رشت,Online,39998.56,1,4.0,39998.56,31353.49,8645.07,Retail,Transfer,No,11,2024
INV-03180,2024-11-23,Personal Care,PE-082,مشهد,Wholesale,91592.88,3,4.05,274778.63,73632.76,53880.35,Retail,Transfer,No,11,2024
INV-03181,2024-11-23,Personal Care,PE-090,رشت,Pharmacy,79235.67,8,15.19,633885.4,63020.74,129719.49,Retail,Card,Yes,11,2024
INV-03182,2024-11-23,Personal Care,PE-010,اهواز,Wholesale,95881.26,90,1.7,8629313.8,76338.68,1758833.03,Corporate,Transfer,No,11,2024
INV-03183,2024-11-23,Home Care,HO-043,تهران,Online,51234.43,104,18.75,5328380.53,39242.15,1247196.72,Corporate,Transfer,Yes,11,2024
INV-03184,2024-11-23,Beverages,BE-066,تهران,Wholesale,73582.85,7,11.31,515079.94,64017.5,66957.46,Retail,Transfer,Yes,11,2024
INV-03185,2024-11-24,Snacks,SN-026,شیراز,Wholesale,52098.26,70,5.92,3646878.16,40793.92,791303.94,Corporate,Transfer,No,11,2024
INV-03186,2024-11-24,Personal Care,PE-091,تهران,Online,105546.49,9,0.46,949918.44,86274.52,173447.74,Retail,Cash,No,11,2024
INV-03187,2024-11-24,Beverages,BE-013,مشهد,Supermarket,69674.85,76,5.64,5295288.46,47677.06,1671832.0,Corporate,Transfer,No,11,2024
INV-03188,2024-11-24,Snacks,SN-012,کرمانشاه,Supermarket,56204.95,78,24.9,4383986.29,36879.95,1507349.91,Corporate,Transfer,Yes,11,2024
INV-03189,2024-11-24,Home Care,HO-066,قم,Hypermarket,62427.12,4,0.42,249708.49,43347.71,76317.66,Retail,Transfer,No,11,2024
INV-03190,2024-11-24,Home Care,HO-013,تبریز,Pharmacy,41239.76,1,7.77,41239.76,33477.32,7762.45,Retail,Card,Yes,11,2024
INV-03191,2024-11-25,Beverages,BE-008,شیراز,Pharmacy,44403.69,5,4.0,222018.43,37161.19,36212.48,Retail,Card,No,11,2024
INV-03192,2024-11-25,Beverages,BE-029,اهواز,Supermarket,62784.83,8,4.3,502278.63,47038.17,125973.24,Retail,POS,No,11,2024
INV-03193,2024-11-25,Beverages,BE-063,کرج,Online,64261.3,10,4.0,642613.05,46511.34,177499.62,Retail,Transfer,No,11,2024
INV-03194,2024-11-26,Beverages,BE-117,قم,Online,62573.68,7,3.23,438015.73,47990.31,102083.57,Retail,Card,No,11,2024
INV-03195,2024-11-26,Personal Care,PE-086,کرمانشاه,Supermarket,105481.26,100,2.01,10548125.5,76556.55,2892470.03,Corporate,Card,No,11,2024
INV-03196,2024-11-26,Beverages,BE-097,کرج,Online,75227.78,4,2.0,300911.14,55561.48,78665.21,Retail,Cash,No,11,2024
INV-03197,2024-11-26,Dairy,DA-060,تهران,Supermarket,106254.75,5,8.51,531273.76,73971.74,161415.07,Retail,POS,Yes,11,2024
INV-03198,2024-11-26,Personal Care,PE-139,مشهد,Online,109036.05,36,3.76,3925297.76,80618.15,1023044.52,Corporate,Transfer,No,11,2024
INV-03199,2024-11-26,Dairy,DA-044,اصفهان,Online,97089.97,3,3.39,291269.92,75898.45,63574.57,Retail,Card,No,11,2024
INV-03200,2024-11-26,Home Care,HO-074,کرمانشاه,Pharmacy,52702.41,74,4.0,3899978.39,40368.68,912695.91,Corporate,Card,No,11,2024
INV-03201,2024-11-26,Dairy,DA-064,شیراز,Wholesale,111923.6,64,4.87,7163110.26,94277.21,1129368.91,Corporate,Cash,No,11,2024
INV-03202,2024-11-27,Personal Care,PE-051,اصفهان,Pharmacy,86043.61,86,3.53,7399750.23,68004.76,1551340.94,Corporate,Transfer,No,11,2024
INV-03203,2024-11-27,Beverages,BE-015,کرج,Pharmacy,82751.33,35,4.0,2896296.54,64528.37,637803.45,Corporate,Transfer,No,11,2024
INV-03204,2024-11-27,Beverages,BE-115,شیراز,Pharmacy,70305.82,7,0.09,492140.76,58961.54,79410.01,Retail,Transfer,No,11,2024
INV-03205,2024-11-28,Beverages,BE-098,تبریز,Pharmacy,66471.95,2,4.0,132943.9,51674.87,29594.16,Retail,Card,No,11,2024
INV-03206,2024-11-28,Home Care,HO-050,مشهد,Online,50328.68,23,10.12,1157559.62,37972.45,284193.38,Corporate,POS,Yes,11,2024
INV-03207,2024-11-28,Home Care,HO-112,اصفهان,Online,44855.47,71,12.14,3184738.63,33702.1,791889.83,Corporate,Cash,Yes,11,2024
INV-03208,2024-11-28,Home Care,HO-010,کرمانشاه,Wholesale,62405.0,11,3.49,686455.05,48829.76,149327.7,Retail,Cash,No,11,2024
INV-03209,2024-11-28,Home Care,HO-096,اهواز,Supermarket,52352.77,8,3.18,418822.16,38893.08,107677.52,Retail,Cash,No,11,2024
INV-03210,2024-11-29,Beverages,BE-147,کرج,Hypermarket,58608.89,1,6.05,58608.89,44479.63,14129.26,Retail,Cash,Yes,11,2024
INV-03211,2024-11-29,Personal Care,PE-013,رشت,Supermarket,107529.05,36,2.2,3871045.93,80040.52,989587.06,Corporate,POS,No,11,2024
INV-03212,2024-11-29,Home Care,HO-027,رشت,Supermarket,68541.55,7,0.44,479790.82,50115.15,128984.77,Retail,Card,No,11,2024
INV-03213,2024-11-29,Dairy,DA-085,کرج,Wholesale,107636.63,10,5.36,1076366.34,87141.11,204955.25,Retail,Card,No,11,2024
INV-03214,2024-11-29,Home Care,HO-103,قم,Online,65190.96,5,3.21,325954.79,47227.28,89818.38,Retail,Card,No,11,2024
INV-03215,2024-11-29,Personal Care,PE-109,اصفهان,Supermarket,103209.69,6,8.04,619258.14,69552.39,201943.79,Retail,Cash,Yes,11,2024
INV-03216,2024-11-30,Dairy,DA-002,کرمانشاه,Hypermarket,109605.83,11,2.87,1205664.12,81110.26,313451.24,Retail,Transfer,No,11,2024
INV-03217,2024-11-30,Snacks,SN-053,قم,Supermarket,61556.0,64,5.7,3939584.29,43701.67,1142677.55,Corporate,Cash,No,11,2024
INV-03218,2024-11-30,Personal Care,PE-019,شیراز,Online,119648.76,4,0.25,478595.02,88161.94,125947.27,Retail,Transfer,No,11,2024
INV-03219,2024-11-30,Dairy,DA-062,شیراز,Hypermarket,114059.98,4,6.51,456239.93,88472.0,102351.92,Retail,Transfer,Yes,11,2024
INV-03220,2024-11-30,Beverages,BE-118,اصفهان,Supermarket,75824.4,44,1.89,3336273.39,49304.69,1166867.14,Corporate,Card,No,11,2024
INV-03221,2024-11-30,Beverages,BE-078,اهواز,Hypermarket,59156.52,123,5.53,7276251.63,41049.59,2227151.78,Corporate,Card,No,11,2024
INV-03222,2024-12-01,Personal Care,PE-050,رشت,Online,91786.32,2,1.0,183572.64,68991.2,45590.23,Retail,Cash,No,12,2024
INV-03223,2024-12-01,Personal Care,PE-080,رشت,Hypermarket,103864.33,47,20.63,4881623.6,72114.1,1492260.7,Corporate,Card,Yes,12,2024
INV-03224,2024-12-01,Personal Care,PE-088,اصفهان,Hypermarket,101796.15,71,4.06,7227526.37,69532.88,2290691.62,Corporate,Card,No,12,2024
INV-03225,2024-12-01,Home Care,HO-057,تهران,Online,53147.56,8,1.87,425180.45,38993.69,113230.94,Retail,Card,No,12,2024
INV-03226,2024-12-01,Beverages,BE-133,قم,Online,75484.21,2,8.34,150968.42,55022.11,40924.21,Retail,Transfer,Yes,12,2024
INV-03227,2024-12-01,Personal Care,PE-045,شیراز,Supermarket,76258.16,23,21.58,1753937.74,53235.66,529517.52,Corporate,Cash,Yes,12,2024
INV-03228,2024-12-02,Beverages,BE-003,مشهد,Pharmacy,61856.49,1,10.65,61856.49,50387.37,11469.12,Retail,Transfer,Yes,12,2024
INV-03229,2024-12-03,Beverages,BE-053,شیراز,Wholesale,79392.79,9,1.17,714535.11,61957.23,156920.02,Retail,Card,No,12,2024
INV-03230,2024-12-04,Home Care,HO-063,قم,Online,53571.27,1,0.7,53571.27,40635.95,12935.32,Retail,Card,No,12,2024
INV-03231,2024-12-04,Snacks,SN-133,تبریز,Hypermarket,70443.43,8,1.78,563547.42,52962.89,139844.26,Retail,POS,No,12,2024
INV-03232,2024-12-04,Beverages,BE-063,قم,Wholesale,74311.29,6,1.65,445867.74,65037.64,55641.89,Retail,Transfer,No,12,2024
INV-03233,2024-12-04,Personal Care,PE-070,شیراز,Hypermarket,96814.01,3,1.83,290442.02,70900.37,77740.92,Retail,Cash,No,12,2024
INV-03234,2024-12-05,Personal Care,PE-014,مشهد,Pharmacy,94183.83,8,3.69,753470.61,79230.51,119626.55,Retail,Card,No,12,2024
INV-03235,2024-12-05,Beverages,BE-132,تهران,Wholesale,67942.18,4,5.53,271768.73,59514.55,33710.53,Retail,POS,Yes,12,2024
INV-03236,2024-12-05,Beverages,BE-143,مشهد,Wholesale,57566.78,7,3.01,402967.43,49715.96,54955.69,Retail,POS,No,12,2024
INV-03237,2024-12-05,Home Care,HO-041,اصفهان,Supermarket,43858.21,11,2.67,482440.36,29297.88,160163.73,Retail,Transfer,No,12,2024
INV-03238,2024-12-05,Home Care,HO-109,رشت,Hypermarket,50401.03,9,3.54,453609.29,37257.25,118294.08,Retail,POS,No,12,2024
INV-03239,2024-12-06,Beverages,BE-037,تبریز,Wholesale,70667.6,12,2.16,848011.18,58730.39,143246.5,Retail,Transfer,No,12,2024
INV-03240,2024-12-06,Personal Care,PE-012,اصفهان,Wholesale,107607.32,141,5.91,15172631.81,86674.21,2951568.18,Corporate,Transfer,No,12,2024
INV-03241,2024-12-06,Dairy,DA-031,تهران,Supermarket,101419.63,10,0.92,1014196.3,71326.78,300928.55,Retail,Card,No,12,2024
INV-03242,2024-12-07,Home Care,HO-100,قم,Supermarket,42533.16,9,5.11,382798.42,31028.34,103543.36,Retail,Card,No,12,2024
INV-03243,2024-12-07,Beverages,BE-018,تهران,Hypermarket,62121.7,44,4.2,2733354.84,44236.53,786947.31,Corporate,Card,No,12,2024
INV-03244,2024-12-08,Snacks,SN-067,تبریز,Pharmacy,72957.06,45,4.0,3283067.62,61281.12,525417.18,Corporate,POS,No,12,2024
INV-03245,2024-12-08,Snacks,SN-108,کرمانشاه,Supermarket,84060.6,7,0.16,588424.18,55355.68,200934.41,Retail,Card,No,12,2024
INV-03246,2024-12-09,Snacks,SN-022,رشت,Online,67316.25,10,4.0,673162.53,49579.8,177364.52,Retail,Cash,No,12,2024
INV-03247,2024-12-09,Home Care,HO-036,قم,Pharmacy,52761.52,26,1.97,1371799.48,43657.17,236712.99,Corporate,Cash,No,12,2024
INV-03248,2024-12-10,Personal Care,PE-132,مشهد,Pharmacy,105199.93,2,3.21,210399.87,86619.65,37160.57,Retail,Transfer,No,12,2024
INV-03249,2024-12-10,Snacks,SN-148,اهواز,Online,59474.93,9,9.93,535274.33,43332.4,145282.72,Retail,Card,Yes,12,2024
INV-03250,2024-12-11,Home Care,HO-100,کرمانشاه,Online,60099.84,8,3.77,480798.75,49085.79,88112.45,Retail,Transfer,No,12,2024
INV-03251,2024-12-11,Dairy,DA-004,اصفهان,Supermarket,97655.49,4,4.49,390621.98,72813.81,99366.74,Retail,Cash,No,12,2024
INV-03252,2024-12-11,Dairy,DA-128,اصفهان,Supermarket,110262.13,79,0.39,8710708.19,72427.37,2988945.85,Corporate,POS,No,12,2024
INV-03253,2024-12-11,Personal Care,PE-111,قم,Wholesale,97900.26,2,4.46,195800.52,77518.93,40762.67,Retail,Transfer,No,12,2024
INV-03254,2024-12-12,Beverages,BE-101,کرمانشاه,Supermarket,52759.39,56,22.46,2954525.9,35101.35,988850.36,Corporate,Transfer,Yes,12,2024
INV-03255,2024-12-12,Beverages,BE-120,کرج,Hypermarket,52241.32,5,2.09,261206.61,40106.87,60672.25,Retail,Transfer,No,12,2024
INV-03256,2024-12-12,Beverages,BE-140,کرمانشاه,Wholesale,55411.89,15,5.58,831178.37,47197.96,123209.02,Retail,Transfer,No,12,2024
INV-03257,2024-12-13,Beverages,BE-091,کرج,Online,80553.22,9,4.0,724978.99,65998.17,130995.42,Retail,POS,No,12,2024
INV-03258,2024-12-13,Beverages,BE-093,رشت,Wholesale,53140.54,10,3.26,531405.39,45243.62,78969.18,Retail,Cash,No,12,2024
INV-03259,2024-12-13,Snacks,SN-022,مشهد,Supermarket,69560.47,3,3.15,208681.41,51591.1,53908.1,Retail,POS,No,12,2024
INV-03260,2024-12-13,Dairy,DA-117,اصفهان,Supermarket,106695.29,112,0.95,11949872.72,74107.6,3649821.9,Corporate,Card,No,12,2024
INV-03261,2024-12-13,Home Care,HO-047,رشت,Hypermarket,56710.74,1,17.26,56710.74,42345.28,14365.45,Retail,Transfer,Yes,12,2024
INV-03262,2024-12-14,Beverages,BE-007,تبریز,Wholesale,63487.71,9,5.87,571389.38,50767.12,114485.3,Retail,Cash,No,12,2024
INV-03263,2024-12-14,Snacks,SN-080,مشهد,Pharmacy,56646.2,7,3.14,396523.37,43878.84,89371.48,Retail,Transfer,No,12,2024
INV-03264,2024-12-14,Home Care,HO-057,تبریز,Online,56543.94,8,3.41,452351.5,41158.1,123086.71,Retail,Transfer,No,12,2024
INV-03265,2024-12-14,Dairy,DA-149,کرمانشاه,Hypermarket,116868.65,8,16.52,934949.2,81050.14,286548.07,Retail,Card,Yes,12,2024
INV-03266,2024-12-14,Dairy,DA-044,تبریز,Hypermarket,102910.36,7,4.65,720372.49,71358.6,220862.32,Retail,Cash,No,12,2024
INV-03267,2024-12-15,Beverages,BE-009,اهواز,Supermarket,83219.64,8,1.73,665757.14,56999.0,209765.12,Retail,Cash,No,12,2024
INV-03268,2024-12-15,Home Care,HO-085,مشهد,Wholesale,48150.15,110,5.52,5296516.97,40728.18,816417.39,Corporate,Transfer,No,12,2024
INV-03269,2024-12-15,Personal Care,PE-145,تبریز,Supermarket,126921.67,11,5.87,1396138.41,91504.36,389590.41,Retail,Card,No,12,2024
INV-03270,2024-12-15,Dairy,DA-045,قم,Pharmacy,103893.67,2,4.0,207787.35,85559.16,36669.04,Retail,Card,No,12,2024
INV-03271,2024-12-15,Personal Care,PE-139,تبریز,Wholesale,66473.03,13,4.8,864149.44,56835.6,125286.67,Retail,Card,No,12,2024
INV-03272,2024-12-15,Beverages,BE-072,قم,Wholesale,61840.77,72,5.06,4452535.12,48396.3,968001.55,Corporate,Transfer,No,12,2024
INV-03273,2024-12-16,Beverages,BE-036,تهران,Pharmacy,73587.08,91,2.29,6696424.0,59295.7,1300515.51,Corporate,Card,No,12,2024
INV-03274,2024-12-16,Dairy,DA-086,رشت,Online,100998.66,49,15.05,4948934.33,78586.93,1098174.88,Corporate,Card,Yes,12,2024
INV-03275,2024-12-16,Home Care,HO-059,رشت,Supermarket,51394.37,9,17.82,462549.33,34295.69,153888.11,Retail,Card,Yes,12,2024
INV-03276,2024-12-16,Beverages,BE-084,شیراز,Pharmacy,81165.57,56,4.0,4545271.82,60894.63,1135172.4,Corporate,Cash,No,12,2024
INV-03277,2024-12-16,Dairy,DA-074,اصفهان,Supermarket,128619.23,2,0.51,257238.46,84165.26,88907.94,Retail,Transfer,No,12,2024
INV-03278,2024-12-16,Beverages,BE-015,تبریز,Supermarket,70468.79,7,4.81,493281.56,49414.87,147377.49,Retail,Transfer,No,12,2024
INV-03279,2024-12-16,Personal Care,PE-022,مشهد,Supermarket,101622.51,70,15.06,7113576.04,66540.73,2455724.88,Corporate,Cash,Yes,12,2024
INV-03280,2024-12-16,Personal Care,PE-081,تبریز,Supermarket,107313.55,81,1.39,8692397.2,70889.19,2950373.21,Corporate,Card,No,12,2024
INV-03281,2024-12-16,Home Care,HO-133,قم,Supermarket,59260.39,1,7.04,59260.39,42328.87,16931.52,Retail,Transfer,Yes,12,2024
INV-03282,2024-12-17,Snacks,SN-149,کرمانشاه,Wholesale,56313.52,5,13.63,281567.62,48842.48,37355.21,Retail,Transfer,Yes,12,2024
INV-03283,2024-12-17,Home Care,HO-101,کرج,Supermarket,61181.63,79,4.85,4833348.69,42437.8,1480762.56,Corporate,Card,No,12,2024
INV-03284,2024-12-17,Dairy,DA-129,تبریز,Pharmacy,100741.26,5,17.95,503706.3,83014.87,88631.93,Retail,Transfer,Yes,12,2024
INV-03285,2024-12-17,Beverages,BE-092,قم,Hypermarket,78911.5,48,3.11,3787752.19,60591.88,879341.72,Corporate,Transfer,No,12,2024
INV-03286,2024-12-17,Beverages,BE-107,مشهد,Supermarket,70607.57,117,2.94,8261085.38,46714.11,2795534.92,Corporate,Transfer,No,12,2024
INV-03287,2024-12-18,Personal Care,PE-109,تهران,Supermarket,96186.87,51,0.35,4905530.38,63322.78,1676068.68,Corporate,Transfer,No,12,2024
INV-03288,2024-12-18,Beverages,BE-060,تهران,Pharmacy,63159.93,81,4.0,5115953.94,49328.9,1120313.41,Corporate,Card,No,12,2024
INV-03289,2024-12-18,Dairy,DA-140,اهواز,Hypermarket,116916.23,46,4.4,5378146.79,79379.48,1726690.75,Corporate,Cash,No,12,2024
INV-03290,2024-12-18,Personal Care,PE-079,کرج,Hypermarket,85140.23,10,5.59,851402.26,64148.25,209919.81,Retail,Cash,No,12,2024
INV-03291,2024-12-19,Dairy,DA-139,کرج,Hypermarket,106062.86,6,0.36,636377.15,75199.78,185178.47,Retail,Cash,No,12,2024
INV-03292,2024-12-19,Home Care,HO-117,شیراز,Wholesale,46141.25,13,17.88,599836.28,37606.03,110957.89,Retail,Transfer,Yes,12,2024
INV-03293,2024-12-19,Home Care,HO-034,شیراز,Pharmacy,43104.15,66,1.89,2844873.94,33633.05,625092.55,Corporate,Cash,No,12,2024
INV-03294,2024-12-20,Home Care,HO-007,کرج,Hypermarket,49775.5,2,2.13,99551.0,36598.28,26354.44,Retail,Card,No,12,2024
INV-03295,2024-12-20,Beverages,BE-006,کرمانشاه,Supermarket,79788.46,11,5.68,877673.11,51934.25,306396.41,Retail,Card,No,12,2024
INV-03296,2024-12-20,Home Care,HO-084,قم,Supermarket,77705.97,8,1.13,621647.77,56681.79,168193.43,Retail,Transfer,No,12,2024
INV-03297,2024-12-20,Dairy,DA-023,شیراز,Supermarket,92196.23,98,4.18,9035230.4,60317.16,3124148.77,Corporate,Transfer,No,12,2024
INV-03298,2024-12-20,Home Care,HO-058,اهواز,Supermarket,52927.82,12,0.05,635133.81,39348.31,162954.12,Retail,Transfer,No,12,2024
INV-03299,2024-12-21,Personal Care,PE-009,قم,Wholesale,103616.35,35,3.03,3626572.16,90713.99,451582.59,Corporate,Transfer,No,12,2024
INV-03300,2024-12-21,Home Care,HO-106,شیراز,Wholesale,51799.28,115,5.43,5956917.76,42464.5,1073500.52,Corporate,Card,No,12,2024
INV-03301,2024-12-21,Beverages,BE-036,تهران,Hypermarket,71339.52,73,1.19,5207784.87,48270.55,1684034.98,Corporate,Card,No,12,2024
INV-03302,2024-12-21,Beverages,BE-097,شیراز,Online,43659.23,56,9.84,2444916.9,32339.49,633905.22,Corporate,Transfer,Yes,12,2024
INV-03303,2024-12-21,Dairy,DA-074,تبریز,Pharmacy,101290.09,3,4.0,303870.26,75999.72,75871.08,Retail,Cash,No,12,2024
INV-03304,2024-12-22,Beverages,BE-140,قم,Hypermarket,65643.63,123,21.81,8074166.81,47603.62,2218921.38,Corporate,Card,Yes,12,2024
INV-03305,2024-12-22,Personal Care,PE-146,مشهد,Online,88648.65,1,7.83,88648.65,67762.78,20885.87,Retail,Cash,Yes,12,2024
INV-03306,2024-12-22,Snacks,SN-133,رشت,Supermarket,63233.04,84,3.58,5311575.17,46870.21,1374477.86,Corporate,Transfer,No,12,2024
INV-03307,2024-12-22,Home Care,HO-094,رشت,Online,53993.49,9,4.0,485941.39,43394.42,95391.6,Retail,POS,No,12,2024
INV-03308,2024-12-23,Beverages,BE-149,اهواز,Supermarket,64727.9,10,0.08,647278.99,47440.3,172875.96,Retail,Cash,No,12,2024
INV-03309,2024-12-23,Snacks,SN-089,رشت,Wholesale,62750.26,9,0.19,564752.31,50574.79,109579.16,Retail,Transfer,No,12,2024
INV-03310,2024-12-23,Home Care,HO-078,کرمانشاه,Hypermarket,35867.39,49,24.94,1757502.27,26844.74,442110.07,Corporate,Card,Yes,12,2024
INV-03311,2024-12-23,Dairy,DA-052,تهران,Supermarket,115914.38,6,1.66,695486.26,80673.78,211443.56,Retail,Card,No,12,2024
INV-03312,2024-12-24,Beverages,BE-003,قم,Pharmacy,61762.72,1,15.4,61762.72,51135.5,10627.22,Retail,Transfer,Yes,12,2024
INV-03313,2024-12-24,Home Care,HO-115,مشهد,Online,56273.47,10,2.37,562734.68,41940.79,143326.81,Retail,POS,No,12,2024
INV-03314,2024-12-24,Snacks,SN-053,تبریز,Wholesale,46371.74,43,22.96,1993984.88,37568.03,378559.68,Corporate,POS,Yes,12,2024
INV-03315,2024-12-24,Home Care,HO-002,شیراز,Online,53281.35,42,2.48,2237816.71,41847.62,480216.55,Corporate,Cash,No,12,2024
INV-03316,2024-12-24,Snacks,SN-126,اصفهان,Hypermarket,55158.42,8,8.51,441267.32,37556.96,140811.63,Retail,Cash,Yes,12,2024
INV-03317,2024-12-25,Beverages,BE-019,کرج,Supermarket,68631.8,97,1.34,6657284.89,45933.33,2201752.09,Corporate,Card,No,12,2024
INV-03318,2024-12-25,Beverages,BE-029,رشت,Wholesale,80397.84,13,5.93,1045171.92,64258.56,209810.63,Retail,Transfer,Yes,12,2024
INV-03319,2024-12-26,Personal Care,PE-130,قم,Supermarket,102993.18,8,4.46,823945.46,68112.18,279048.0,Retail,POS,No,12,2024
INV-03320,2024-12-26,Home Care,HO-023,تهران,Supermarket,50736.48,10,14.67,507364.81,37803.81,129326.72,Retail,Transfer,Yes,12,2024
INV-03321,2024-12-27,Personal Care,PE-101,شیراز,Online,101807.11,10,2.78,1018071.15,79362.99,224441.26,Retail,POS,No,12,2024
INV-03322,2024-12-27,Personal Care,PE-104,مشهد,Wholesale,96707.7,9,13.77,870369.33,77205.31,175521.52,Retail,Transfer,Yes,12,2024
INV-03323,2024-12-27,Snacks,SN-143,اصفهان,Hypermarket,73204.01,1,5.9,73204.01,52766.47,20437.54,Retail,Cash,No,12,2024
INV-03324,2024-12-27,Dairy,DA-088,اهواز,Hypermarket,105784.07,10,9.3,1057840.72,81064.48,247195.9,Retail,Card,Yes,12,2024
INV-03325,2024-12-27,Beverages,BE-015,تهران,Wholesale,77750.85,11,3.04,855259.34,60663.01,187966.22,Retail,Transfer,No,12,2024
INV-03326,2024-12-27,Beverages,BE-150,کرمانشاه,Hypermarket,69101.82,3,5.33,207305.46,52520.83,49742.96,Retail,Card,No,12,2024
INV-03327,2024-12-28,Home Care,HO-027,کرمانشاه,Online,54846.59,44,3.02,2413250.15,44329.57,462749.1,Corporate,Transfer,No,12,2024
INV-03328,2024-12-28,Personal Care,PE-009,کرمانشاه,Pharmacy,108050.74,1,1.07,108050.74,84131.13,23919.61,Retail,Transfer,No,12,2024
INV-03329,2024-12-28,Dairy,DA-096,تهران,Wholesale,125227.05,14,0.64,1753178.73,106071.28,268180.77,Retail,Transfer,No,12,2024
INV-03330,2024-12-29,Home Care,HO-019,مشهد,Online,47735.18,104,14.28,4964458.77,37813.64,1031839.77,Corporate,Cash,Yes,12,2024
INV-03331,2024-12-29,Personal Care,PE-054,مشهد,Supermarket,115118.33,35,0.21,4029141.68,79107.23,1260388.7,Corporate,Transfer,No,12,2024
INV-03332,2024-12-29,Dairy,DA-027,مشهد,Online,101121.51,1,4.0,101121.51,79660.65,21460.86,Retail,Card,No,12,2024
INV-03333,2024-12-29,Snacks,SN-005,رشت,Hypermarket,60854.47,6,8.48,365126.81,46820.93,84201.21,Retail,Card,Yes,12,2024
INV-03334,2024-12-29,Snacks,SN-131,کرج,Hypermarket,59021.07,106,5.2,6256233.13,39884.84,2028439.85,Corporate,Transfer,No,12,2024
INV-03335,2024-12-30,Personal Care,PE-028,تهران,Pharmacy,104817.83,84,1.28,8804697.36,81296.28,1975810.0,Corporate,POS,No,12,2024
INV-03336,2024-12-30,Home Care,HO-054,مشهد,Supermarket,46671.53,61,15.11,2846963.33,31412.31,930812.68,Corporate,Transfer,Yes,12,2024
INV-03337,2024-12-30,Beverages,BE-076,اصفهان,Online,51046.18,34,4.0,1735570.12,40332.03,364281.0,Corporate,Card,No,12,2024
INV-03338,2024-12-30,Personal Care,PE-041,کرمانشاه,Online,94089.31,4,2.45,376357.24,70595.4,93975.64,Retail,Transfer,No,12,2024
INV-03339,2024-12-31,Snacks,SN-105,تبریز,Hypermarket,62208.4,5,1.28,311041.98,44562.31,88230.42,Retail,Cash,No,12,2024
INV-03340,2025-01-01,Home Care,HO-065,اهواز,Supermarket,48065.19,52,0.71,2499389.82,35110.19,673659.91,Corporate,POS,No,1,2025
INV-03341,2025-01-01,Snacks,SN-001,تهران,Hypermarket,63513.16,1,5.09,63513.16,43493.49,20019.67,Retail,Card,No,1,2025
INV-03342,2025-01-02,Personal Care,PE-101,تهران,Pharmacy,102136.16,2,2.44,204272.31,84112.34,36047.63,Retail,Card,No,1,2025
INV-03343,2025-01-02,Snacks,SN-053,مشهد,Pharmacy,68449.61,1,3.77,68449.61,54381.38,14068.23,Retail,Transfer,No,1,2025
INV-03344,2025-01-02,Personal Care,PE-026,کرمانشاه,Pharmacy,101470.03,34,0.77,3449981.01,85103.87,556449.54,Corporate,Card,No,1,2025
INV-03345,2025-01-02,Dairy,DA-097,کرمانشاه,Wholesale,90817.93,15,5.83,1362268.92,77291.22,202900.6,Retail,Card,No,1,2025
INV-03346,2025-01-02,Snacks,SN-005,شیراز,Supermarket,57656.4,12,3.05,691876.83,42104.36,186624.56,Retail,Card,No,1,2025
INV-03347,2025-01-02,Home Care,HO-003,کرمانشاه,Online,58058.21,5,2.65,290291.05,45345.75,63562.31,Retail,Cash,No,1,2025
INV-03348,2025-01-02,Dairy,DA-008,تبریز,Hypermarket,74657.11,11,3.74,821228.18,56962.78,194637.57,Retail,Card,No,1,2025
INV-03349,2025-01-03,Personal Care,PE-128,رشت,Pharmacy,108353.66,6,4.0,650121.97,86461.31,131354.14,Retail,Card,No,1,2025
INV-03350,2025-01-03,Beverages,BE-023,مشهد,Pharmacy,69246.62,6,0.15,415479.73,53836.27,92462.1,Retail,Cash,No,1,2025
INV-03351,2025-01-03,Personal Care,PE-089,اصفهان,Online,95531.62,1,6.37,95531.62,71293.89,24237.73,Retail,Card,Yes,1,2025
INV-03352,2025-01-04,Snacks,SN-038,اصفهان,Online,65281.61,64,0.46,4178023.12,48993.47,1042440.98,Corporate,Transfer,No,1,2025
INV-03353,2025-01-04,Home Care,HO-132,تبریز,Supermarket,51213.35,7,6.07,358493.42,36245.79,104772.92,Retail,Transfer,Yes,1,2025
INV-03354,2025-01-04,Snacks,SN-115,مشهد,Online,52350.89,3,16.18,157052.67,41194.65,33468.71,Retail,Card,Yes,1,2025
INV-03355,2025-01-05,Home Care,HO-011,تبریز,Wholesale,30452.59,6,14.61,182715.51,26177.73,25649.16,Retail,Card,Yes,1,2025
INV-03356,2025-01-05,Personal Care,PE-075,رشت,Pharmacy,104929.09,35,4.0,3672518.31,85617.54,675904.54,Corporate,Transfer,No,1,2025
INV-03357,2025-01-05,Home Care,HO-006,رشت,Hypermarket,45133.99,6,16.38,270803.92,33291.09,71057.38,Retail,Card,Yes,1,2025
INV-03358,2025-01-05,Beverages,BE-118,قم,Pharmacy,65175.3,8,3.02,521402.37,53681.18,91952.91,Retail,Card,No,1,2025
INV-03359,2025-01-05,Snacks,SN-118,اصفهان,Online,65425.04,4,1.13,261700.14,47789.43,70542.43,Retail,Transfer,No,1,2025
INV-03360,2025-01-06,Personal Care,PE-011,رشت,Pharmacy,86680.4,5,4.0,433401.98,69015.86,88322.66,Retail,Card,No,1,2025
INV-03361,2025-01-06,Home Care,HO-121,رشت,Hypermarket,61973.86,109,2.72,6755151.25,46274.55,1711225.58,Corporate,Transfer,No,1,2025
INV-03362,2025-01-06,Personal Care,PE-138,قم,Online,82209.05,57,19.69,4685915.84,60562.89,1233831.29,Corporate,Cash,Yes,1,2025
INV-03363,2025-01-06,Beverages,BE-089,کرج,Pharmacy,64908.51,5,4.0,324542.56,50975.5,69665.04,Retail,Card,No,1,2025
INV-03364,2025-01-06,Snacks,SN-067,تهران,Supermarket,65817.18,7,4.75,460720.28,47163.97,130572.5,Retail,Card,No,1,2025
INV-03365,2025-01-06,Snacks,SN-064,شیراز,Pharmacy,63428.31,49,12.39,3107986.98,52438.1,538520.27,Corporate,Card,Yes,1,2025
INV-03366,2025-01-06,Home Care,HO-001,رشت,Hypermarket,54349.91,9,4.83,489149.22,41147.96,118817.59,Retail,Transfer,No,1,2025
INV-03367,2025-01-06,Home Care,HO-145,قم,Pharmacy,52130.67,2,9.0,104261.35,41132.01,21997.32,Retail,POS,Yes,1,2025
INV-03368,2025-01-07,Dairy,DA-129,اصفهان,Wholesale,109276.78,2,0.68,218553.55,91195.31,36162.93,Retail,Transfer,No,1,2025
INV-03369,2025-01-08,Snacks,SN-084,مشهد,Wholesale,63610.82,33,4.38,2099157.1,52191.36,376842.32,Corporate,Transfer,No,1,2025
INV-03370,2025-01-08,Home Care,HO-039,کرمانشاه,Hypermarket,57873.65,7,4.19,405115.55,39431.71,129093.61,Retail,Card,No,1,2025
INV-03371,2025-01-08,Snacks,SN-069,قم,Hypermarket,67867.4,11,3.06,746541.38,51165.6,183719.8,Corporate,Transfer,No,1,2025
INV-03372,2025-01-09,Personal Care,PE-095,قم,Pharmacy,109302.59,6,2.94,655815.53,84181.17,150728.5,Retail,Card,No,1,2025
INV-03373,2025-01-09,Personal Care,PE-083,کرمانشاه,Online,105676.23,79,1.44,8348421.83,81993.43,1870940.73,Corporate,Card,No,1,2025
INV-03374,2025-01-09,Dairy,DA-007,کرمانشاه,Online,103611.22,6,4.0,621667.33,83140.36,122825.16,Retail,Transfer,No,1,2025
INV-03375,2025-01-09,Dairy,DA-133,تهران,Wholesale,99952.64,67,5.9,6696827.04,78710.66,1423212.56,Corporate,Card,No,1,2025
INV-03376,2025-01-09,Personal Care,PE-006,اصفهان,Wholesale,96123.3,6,9.34,576739.82,75459.74,123981.4,Retail,Transfer,Yes,1,2025
INV-03377,2025-01-09,Snacks,SN-041,رشت,Hypermarket,71963.79,49,3.73,3526225.87,50362.01,1058487.55,Corporate,Transfer,No,1,2025
INV-03378,2025-01-09,Dairy,DA-057,رشت,Pharmacy,108430.32,8,15.88,867442.52,84320.42,192879.2,Retail,Transfer,Yes,1,2025
INV-03379,2025-01-10,Home Care,HO-040,کرج,Pharmacy,58256.69,8,4.0,466053.48,47089.7,89335.87,Retail,Card,No,1,2025
INV-03380,2025-01-11,Home Care,HO-030,کرج,Online,60936.17,7,10.11,426553.18,48450.37,87400.57,Retail,Cash,Yes,1,2025
INV-03381,2025-01-11,Home Care,HO-046,اصفهان,Pharmacy,43074.67,3,2.19,129224.0,32443.44,31893.68,Retail,Transfer,No,1,2025
INV-03382,2025-01-12,Snacks,SN-041,تبریز,Hypermarket,47691.12,3,16.95,143073.37,36636.76,33163.08,Retail,Transfer,Yes,1,2025
INV-03383,2025-01-12,Beverages,BE-140,تبریز,Hypermarket,63143.21,43,3.3,2715158.12,42362.32,893578.26,Corporate,Card,No,1,2025
INV-03384,2025-01-12,Dairy,DA-118,کرمانشاه,Wholesale,105425.64,3,2.0,316276.92,83778.1,64942.63,Retail,Card,No,1,2025
INV-03385,2025-01-12,Home Care,HO-066,قم,Hypermarket,51991.05,6,2.54,311946.3,36349.11,93851.64,Retail,Card,No,1,2025
INV-03386,2025-01-12,Beverages,BE-049,مشهد,Online,51796.89,5,13.61,258984.46,38324.94,67359.76,Retail,Card,Yes,1,2025
INV-03387,2025-01-12,Beverages,BE-099,کرج,Wholesale,77828.89,156,0.49,12141307.11,63699.46,2204192.1,Corporate,Card,No,1,2025
INV-03388,2025-01-13,Beverages,BE-069,تبریز,Hypermarket,57968.58,1,11.01,57968.58,39249.8,18718.78,Retail,Transfer,Yes,1,2025
INV-03389,2025-01-13,Beverages,BE-015,تبریز,Online,73643.84,6,5.13,441863.05,54334.0,115859.08,Retail,Transfer,Yes,1,2025
INV-03390,2025-01-13,Personal Care,PE-024,کرمانشاه,Online,99293.43,1,12.84,99293.43,72190.2,27103.24,Retail,Transfer,Yes,1,2025
INV-03391,2025-01-13,Home Care,HO-135,اهواز,Hypermarket,63552.93,11,5.23,699082.23,47630.95,175141.83,Corporate,Card,No,1,2025
INV-03392,2025-01-13,Snacks,SN-071,شیراز,Online,58870.08,1,3.48,58870.08,44055.16,14814.92,Retail,Transfer,No,1,2025
INV-03393,2025-01-13,Snacks,SN-126,اصفهان,Wholesale,47598.03,15,4.64,713970.51,41455.05,92144.79,Retail,Card,No,1,2025
INV-03394,2025-01-14,Dairy,DA-019,شیراز,Hypermarket,126475.04,3,4.24,379425.13,92074.04,103203.02,Retail,Transfer,No,1,2025
INV-03395,2025-01-14,Beverages,BE-045,رشت,Online,74428.47,45,4.0,3349281.28,60182.18,641082.96,Corporate,Card,No,1,2025
INV-03396,2025-01-14,Snacks,SN-034,تبریز,Pharmacy,43252.82,4,14.39,173011.28,32523.32,42918.02,Retail,Cash,Yes,1,2025
INV-03397,2025-01-14,Dairy,DA-086,تبریز,Hypermarket,106983.8,9,5.83,962854.2,80305.52,240104.51,Retail,Card,Yes,1,2025
INV-03398,2025-01-15,Beverages,BE-076,شیراز,Hypermarket,50929.43,3,15.8,152788.28,37382.84,40639.75,Retail,Transfer,Yes,1,2025
INV-03399,2025-01-15,Home Care,HO-120,مشهد,Hypermarket,51992.83,1,4.19,51992.83,37612.42,14380.42,Retail,Card,No,1,2025
INV-03400,2025-01-16,Dairy,DA-118,مشهد,Hypermarket,90600.2,11,5.8,996602.16,60973.98,325888.42,Retail,Cash,No,1,2025
INV-03401,2025-01-16,Beverages,BE-053,کرج,Hypermarket,79541.46,11,4.56,874956.03,53666.23,284627.56,Retail,Card,No,1,2025
INV-03402,2025-01-16,Dairy,DA-090,تبریز,Wholesale,113081.62,132,13.94,14926773.33,94107.72,2504553.77,Corporate,Card,Yes,1,2025
INV-03403,2025-01-16,Personal Care,PE-058,اهواز,Supermarket,146484.61,8,1.72,1171876.85,100406.59,368624.12,Retail,Card,No,1,2025
INV-03404,2025-01-17,Personal Care,PE-034,رشت,Wholesale,81514.48,11,17.06,896659.26,67187.77,157593.8,Retail,Transfer,Yes,1,2025
INV-03405,2025-01-17,Dairy,DA-115,اصفهان,Wholesale,99862.85,145,1.72,14480113.71,80223.76,2847668.5,Corporate,Card,No,1,2025
INV-03406,2025-01-17,Personal Care,PE-011,تبریز,Hypermarket,103006.83,2,3.02,206013.65,78253.86,49505.93,Retail,Card,No,1,2025
INV-03407,2025-01-17,Beverages,BE-086,کرج,Hypermarket,78056.74,1,2.16,78056.74,54278.63,23778.11,Retail,Card,No,1,2025
INV-03408,2025-01-17,Snacks,SN-128,تبریز,Hypermarket,58573.32,65,5.05,3807266.1,42868.18,1020834.25,Corporate,Card,No,1,2025
INV-03409,2025-01-18,Dairy,DA-116,تبریز,Wholesale,98772.12,9,1.26,888949.06,82587.57,145660.94,Retail,Transfer,No,1,2025
INV-03410,2025-01-18,Beverages,BE-024,اصفهان,Pharmacy,76341.19,5,17.63,381705.95,64336.18,60025.06,Retail,POS,Yes,1,2025
INV-03411,2025-01-18,Dairy,DA-067,قم,Hypermarket,114307.59,7,5.9,800153.1,88598.07,179966.58,Retail,Card,No,1,2025
INV-03412,2025-01-18,Personal Care,PE-004,اصفهان,Wholesale,88656.28,15,15.11,1329844.17,74910.48,206186.95,Retail,Transfer,Yes,1,2025
INV-03413,2025-01-18,Snacks,SN-033,اصفهان,Supermarket,60212.41,24,1.99,1445097.82,45134.91,361859.87,Corporate,Card,No,1,2025
INV-03414,2025-01-18,Dairy,DA-013,اهواز,Wholesale,111528.58,15,5.42,1672928.76,90564.65,314458.98,Retail,Transfer,Yes,1,2025
INV-03415,2025-01-19,Personal Care,PE-045,کرمانشاه,Hypermarket,129614.4,1,1.12,129614.4,88738.63,40875.77,Retail,Card,No,1,2025
INV-03416,2025-01-19,Personal Care,PE-004,کرمانشاه,Hypermarket,97322.0,2,4.19,194644.0,69638.74,55366.53,Retail,Cash,No,1,2025
INV-03417,2025-01-20,Beverages,BE-013,کرج,Supermarket,70337.6,1,0.69,70337.6,47752.36,22585.24,Retail,Transfer,No,1,2025
INV-03418,2025-01-20,Dairy,DA-014,تبریز,Pharmacy,100135.0,41,0.49,4105535.14,75422.34,1013219.34,Corporate,Card,No,1,2025
INV-03419,2025-01-20,Home Care,HO-148,اصفهان,Supermarket,58837.14,11,0.06,647208.59,40144.73,205616.53,Retail,Transfer,No,1,2025
INV-03420,2025-01-20,Beverages,BE-076,شیراز,Supermarket,71795.73,3,0.12,215387.19,50134.28,64984.34,Retail,Transfer,No,1,2025
INV-03421,2025-01-21,Personal Care,PE-070,اصفهان,Online,91514.98,100,4.0,9151497.62,74418.28,1709669.67,Corporate,Transfer,No,1,2025
INV-03422,2025-01-21,Beverages,BE-108,کرج,Hypermarket,73580.61,11,3.13,809386.68,53258.24,223546.07,Retail,Cash,No,1,2025
INV-03423,2025-01-21,Personal Care,PE-079,شیراز,Online,94652.5,3,14.32,283957.51,73056.03,64789.42,Retail,Card,Yes,1,2025
INV-03424,2025-01-21,Snacks,SN-138,اهواز,Online,73769.74,84,0.02,6196658.24,57166.65,1394659.75,Corporate,Card,No,1,2025
INV-03425,2025-01-21,Snacks,SN-034,تبریز,Online,67514.69,7,4.0,472602.81,48612.87,132312.71,Retail,Transfer,No,1,2025
INV-03426,2025-01-22,Snacks,SN-088,اهواز,Online,55721.97,1,0.52,55721.97,44918.51,10803.47,Retail,Card,No,1,2025
INV-03427,2025-01-22,Dairy,DA-116,شیراز,Pharmacy,113596.67,6,9.72,681580.03,95041.43,111331.44,Retail,Transfer,Yes,1,2025
INV-03428,2025-01-22,Personal Care,PE-001,کرمانشاه,Hypermarket,88326.43,116,1.81,10245865.32,65277.4,2673687.19,Corporate,Transfer,No,1,2025
INV-03429,2025-01-23,Beverages,BE-080,تهران,Online,78104.15,4,3.57,312416.6,63649.79,57817.43,Retail,Transfer,No,1,2025
INV-03430,2025-01-23,Personal Care,PE-052,کرج,Wholesale,118092.88,12,8.58,1417114.54,92172.22,311047.89,Retail,Transfer,Yes,1,2025
INV-03431,2025-01-23,Beverages,BE-130,تهران,Pharmacy,47245.52,1,7.5,47245.52,37919.27,9326.26,Retail,Card,Yes,1,2025
INV-03432,2025-01-23,Personal Care,PE-148,رشت,Pharmacy,81619.95,27,21.66,2203738.57,62171.75,525101.4,Corporate,Transfer,Yes,1,2025
INV-03433,2025-01-25,Dairy,DA-128,رشت,Wholesale,117604.09,12,0.03,1411249.1,98348.18,231070.93,Retail,Cash,No,1,2025
INV-03434,2025-01-25,Home Care,HO-015,اهواز,Supermarket,50036.51,6,2.34,300219.06,35415.61,87725.39,Retail,Transfer,No,1,2025
INV-03435,2025-01-25,Beverages,BE-060,قم,Pharmacy,55094.5,4,17.24,220377.99,45179.27,39660.92,Retail,Card,Yes,1,2025
INV-03436,2025-01-25,Snacks,SN-088,تهران,Supermarket,58466.42,9,5.02,526197.77,41511.09,152597.95,Retail,Card,No,1,2025
INV-03437,2025-01-25,Personal Care,PE-126,تبریز,Online,95691.74,2,0.47,191383.47,72519.8,46343.87,Retail,Transfer,No,1,2025
INV-03438,2025-01-25,Home Care,HO-136,تهران,Online,60972.0,65,1.85,3963180.08,43930.37,1107706.15,Corporate,Transfer,No,1,2025
INV-03439,2025-01-26,Snacks,SN-087,کرج,Supermarket,66717.59,118,3.83,7872675.72,49642.06,2014913.18,Corporate,Cash,No,1,2025
INV-03440,2025-01-26,Personal Care,PE-077,مشهد,Hypermarket,96270.5,19,4.69,1829139.46,73015.31,441848.66,Corporate,Transfer,No,1,2025
INV-03441,2025-01-26,Snacks,SN-113,تبریز,Online,57727.94,4,4.0,230911.75,45147.14,50323.2,Retail,Transfer,No,1,2025
INV-03442,2025-01-27,Personal Care,PE-111,شیراز,Wholesale,86378.46,19,21.16,1641190.73,70840.94,295212.82,Corporate,Card,Yes,1,2025
INV-03443,2025-01-27,Beverages,BE-056,شیراز,Wholesale,73620.37,55,2.76,4049120.08,64665.85,492498.52,Corporate,POS,No,1,2025
INV-03444,2025-01-27,Dairy,DA-092,رشت,Supermarket,140834.85,4,3.63,563339.39,103530.06,149219.15,Retail,Cash,No,1,2025
INV-03445,2025-01-28,Home Care,HO-027,تهران,Supermarket,65787.31,107,0.52,7039242.67,43079.34,2429753.66,Corporate,Card,No,1,2025
INV-03446,2025-01-28,Dairy,DA-143,اصفهان,Supermarket,91761.28,10,3.83,917612.82,61979.81,297814.7,Retail,Card,No,1,2025
INV-03447,2025-01-28,Snacks,SN-025,تهران,Pharmacy,62842.78,46,3.72,2890767.94,51879.18,504325.49,Corporate,Card,No,1,2025
INV-03448,2025-01-28,Home Care,HO-026,کرج,Hypermarket,63197.99,87,2.45,5498225.27,44395.56,1635811.46,Corporate,Transfer,No,1,2025
INV-03449,2025-01-29,Dairy,DA-106,اهواز,Hypermarket,126949.22,9,0.63,1142542.99,93343.65,302450.16,Retail,Card,No,1,2025
INV-03450,2025-01-29,Dairy,DA-009,کرج,Supermarket,116765.19,26,3.79,3035894.92,82956.09,879036.66,Corporate,Cash,No,1,2025
INV-03451,2025-01-29,Home Care,HO-093,مشهد,Online,59178.99,1,0.07,59178.99,43741.21,15437.78,Retail,Card,No,1,2025
INV-03452,2025-01-30,Beverages,BE-057,کرج,Wholesale,58954.17,3,4.65,176862.52,46139.55,38443.89,Retail,Card,No,1,2025
INV-03453,2025-01-30,Home Care,HO-068,تبریز,Supermarket,52280.75,42,3.8,2195791.45,36147.83,677582.7,Corporate,POS,No,1,2025
INV-03454,2025-01-30,Beverages,BE-095,مشهد,Online,68452.0,3,4.0,205356.0,52818.14,46901.59,Retail,Transfer,No,1,2025
INV-03455,2025-01-30,Beverages,BE-053,شیراز,Hypermarket,60085.24,5,15.17,300426.19,44699.06,76930.89,Retail,Cash,Yes,1,2025
INV-03456,2025-01-31,Snacks,SN-038,تهران,Online,68200.11,9,4.0,613800.98,50243.05,161613.53,Retail,Cash,No,1,2025
INV-03457,2025-01-31,Beverages,BE-097,مشهد,Online,76027.1,4,1.51,304108.41,60764.42,61050.74,Retail,POS,No,1,2025
INV-03458,2025-02-02,Beverages,BE-149,اهواز,Pharmacy,58709.93,5,4.0,293549.65,48338.27,51858.28,Retail,Transfer,No,2,2025
INV-03459,2025-02-02,Snacks,SN-022,مشهد,Hypermarket,51124.06,10,3.87,511240.6,35541.12,155829.35,Retail,Transfer,No,2,2025
INV-03460,2025-02-02,Snacks,SN-131,شیراز,Wholesale,63889.53,77,1.99,4919494.17,53011.51,837608.14,Corporate,Transfer,No,2,2025
INV-03461,2025-02-02,Home Care,HO-114,کرمانشاه,Supermarket,42992.54,9,3.52,386932.9,28943.69,126439.72,Retail,Transfer,No,2,2025
INV-03462,2025-02-02,Personal Care,PE-026,مشهد,Online,109243.18,6,0.02,655459.08,86804.54,134631.84,Retail,Transfer,No,2,2025
INV-03463,2025-02-03,Snacks,SN-075,قم,Pharmacy,59836.78,81,2.32,4846779.02,47390.5,1008148.88,Corporate,Transfer,No,2,2025
INV-03464,2025-02-03,Personal Care,PE-072,رشت,Hypermarket,92490.73,10,4.52,924907.35,68396.79,240939.4,Corporate,Cash,No,2,2025
INV-03465,2025-02-03,Home Care,HO-025,تبریز,Supermarket,62844.28,8,11.11,502754.26,44585.22,146072.51,Retail,Card,Yes,2,2025
INV-03466,2025-02-03,Personal Care,PE-002,قم,Wholesale,92812.9,1,6.25,92812.9,81414.68,11398.22,Retail,Transfer,Yes,2,2025
INV-03467,2025-02-04,Snacks,SN-099,تهران,Hypermarket,53787.75,5,10.16,268938.73,41491.07,61483.37,Retail,Card,Yes,2,2025
INV-03468,2025-02-04,Snacks,SN-133,قم,Online,66885.64,10,13.42,668856.4,48666.73,182189.05,Retail,Cash,Yes,2,2025
INV-03469,2025-02-04,Dairy,DA-143,اصفهان,Online,95459.93,10,4.0,954599.28,72164.11,232958.15,Retail,Cash,No,2,2025
INV-03470,2025-02-05,Snacks,SN-056,قم,Hypermarket,47114.56,50,1.12,2355727.97,36359.98,537729.14,Corporate,Transfer,No,2,2025
INV-03471,2025-02-05,Personal Care,PE-045,کرمانشاه,Wholesale,95084.36,2,2.23,190168.72,74908.42,40351.88,Retail,Cash,No,2,2025
INV-03472,2025-02-05,Home Care,HO-027,کرج,Online,56692.73,5,17.13,283463.66,44092.76,62999.85,Retail,Transfer,Yes,2,2025
INV-03473,2025-02-05,Beverages,BE-020,رشت,Hypermarket,62196.62,4,11.6,248786.49,43805.37,73565.02,Retail,Cash,Yes,2,2025
INV-03474,2025-02-05,Snacks,SN-122,قم,Pharmacy,83514.14,8,4.0,668113.15,66501.92,136097.8,Retail,Transfer,No,2,2025
INV-03475,2025-02-05,Dairy,DA-020,مشهد,Hypermarket,103765.91,2,2.97,207531.83,73251.08,61029.66,Retail,Cash,No,2,2025
INV-03476,2025-02-05,Beverages,BE-075,اهواز,Wholesale,62121.67,15,4.19,931825.0,50179.8,179128.05,Corporate,Card,No,2,2025
INV-03477,2025-02-06,Personal Care,PE-133,اهواز,Hypermarket,110958.67,8,7.86,887669.33,80666.4,242338.1,Retail,Card,Yes,2,2025
INV-03478,2025-02-06,Beverages,BE-056,کرج,Pharmacy,75472.73,9,2.89,679254.55,57648.48,160418.18,Retail,Card,No,2,2025
INV-03479,2025-02-06,Snacks,SN-103,تهران,Wholesale,75650.82,94,0.76,7111177.41,64730.38,1026521.86,Corporate,Card,No,2,2025
INV-03480,2025-02-06,Beverages,BE-048,اهواز,Wholesale,59413.36,15,5.57,891200.46,47642.18,176567.76,Retail,POS,No,2,2025
INV-03481,2025-02-07,Snacks,SN-134,قم,Supermarket,68903.21,7,5.58,482322.44,50256.29,130528.41,Retail,Transfer,No,2,2025
INV-03482,2025-02-07,Home Care,HO-083,کرج,Wholesale,50032.39,2,4.14,100064.78,43704.28,12656.22,Retail,Transfer,No,2,2025
INV-03483,2025-02-07,Dairy,DA-013,تهران,Online,109571.28,3,0.07,328713.84,82908.3,79988.95,Retail,Card,No,2,2025
INV-03484,2025-02-07,Dairy,DA-051,شیراز,Wholesale,86975.28,7,2.58,608826.95,74285.83,88826.11,Retail,Card,No,2,2025
INV-03485,2025-02-08,Home Care,HO-091,تهران,Supermarket,63009.88,12,2.01,756118.59,45616.25,208723.59,Retail,Card,No,2,2025
INV-03486,2025-02-08,Personal Care,PE-047,کرج,Hypermarket,72335.37,9,14.69,651018.34,55318.58,153151.1,Retail,Card,Yes,2,2025
INV-03487,2025-02-09,Dairy,DA-138,تهران,Hypermarket,103691.88,8,4.98,829535.06,76862.82,214632.46,Retail,Card,No,2,2025
INV-03488,2025-02-09,Snacks,SN-035,کرمانشاه,Pharmacy,80828.76,34,0.6,2748177.68,67500.43,453163.16,Corporate,Cash,No,2,2025
INV-03489,2025-02-10,Snacks,SN-146,کرمانشاه,Supermarket,73357.62,4,0.82,293430.49,51419.59,87752.12,Retail,Transfer,No,2,2025
INV-03490,2025-02-10,Snacks,SN-020,مشهد,Hypermarket,61830.52,11,17.96,680135.69,48128.31,150724.26,Retail,Transfer,Yes,2,2025
INV-03491,2025-02-10,Home Care,HO-064,تهران,Online,54883.09,2,4.0,109766.19,40736.48,28293.23,Retail,Transfer,No,2,2025
INV-03492,2025-02-11,Beverages,BE-123,اهواز,Pharmacy,83001.24,73,2.54,6059090.78,70140.88,938806.21,Corporate,Card,No,2,2025
INV-03493,2025-02-11,Home Care,HO-040,تهران,Pharmacy,70026.68,9,1.83,630240.13,58453.05,104162.65,Retail,Transfer,No,2,2025
INV-03494,2025-02-11,Home Care,HO-005,مشهد,Supermarket,67878.47,117,1.97,7941780.59,48467.29,2271108.01,Corporate,Card,No,2,2025
INV-03495,2025-02-11,Beverages,BE-052,تبریز,Wholesale,60893.46,139,5.83,8464190.29,50405.09,1457883.4,Corporate,Transfer,No,2,2025
INV-03496,2025-02-11,Home Care,HO-031,تبریز,Wholesale,34754.95,71,8.94,2467601.61,29278.61,388820.21,Corporate,Transfer,Yes,2,2025
INV-03497,2025-02-11,Beverages,BE-116,رشت,Online,45185.66,4,17.73,180742.66,36093.2,36369.85,Retail,Transfer,Yes,2,2025
INV-03498,2025-02-11,Snacks,SN-099,اهواز,Pharmacy,63111.36,1,14.92,63111.36,52991.07,10120.29,Retail,Card,Yes,2,2025
INV-03499,2025-02-11,Snacks,SN-008,قم,Wholesale,65019.8,3,2.11,195059.39,51971.41,39145.17,Retail,Transfer,No,2,2025
INV-03500,2025-02-12,Home Care,HO-059,رشت,Online,53072.54,4,4.0,212290.17,39399.76,54691.11,Retail,POS,No,2,2025
INV-03501,2025-02-12,Home Care,HO-042,تهران,Supermarket,60305.59,1,3.71,60305.59,41570.24,18735.35,Retail,Card,No,2,2025
INV-03502,2025-02-12,Beverages,BE-096,اهواز,Hypermarket,66731.97,4,9.89,266927.89,45121.23,86442.98,Retail,Transfer,Yes,2,2025
INV-03503,2025-02-12,Dairy,DA-127,شیراز,Supermarket,114298.22,2,0.21,228596.44,79371.86,69852.71,Retail,Cash,No,2,2025
INV-03504,2025-02-13,Beverages,BE-125,قم,Supermarket,67530.16,19,9.43,1283073.07,50291.04,327543.27,Corporate,Transfer,Yes,2,2025
INV-03505,2025-02-13,Personal Care,PE-047,تبریز,Hypermarket,101194.46,7,2.16,708361.23,73696.38,192486.6,Retail,Transfer,No,2,2025
INV-03506,2025-02-13,Home Care,HO-060,تبریز,Supermarket,49327.86,12,17.02,591934.32,36920.32,148890.44,Retail,Cash,Yes,2,2025
INV-03507,2025-02-14,Snacks,SN-081,قم,Hypermarket,59639.44,3,2.46,178918.31,41382.39,54771.14,Retail,POS,No,2,2025
INV-03508,2025-02-14,Home Care,HO-032,مشهد,Supermarket,53199.33,11,4.86,585192.65,37397.03,173825.35,Retail,Card,No,2,2025
INV-03509,2025-02-14,Dairy,DA-111,تبریز,Online,107250.65,2,1.4,214501.29,79380.47,55740.36,Retail,Cash,No,2,2025
INV-03510,2025-02-15,Dairy,DA-041,اصفهان,Wholesale,109782.21,80,1.91,8782576.43,93091.51,1335255.5,Corporate,Card,No,2,2025
INV-03511,2025-02-15,Dairy,DA-060,شیراز,Pharmacy,99352.13,1,6.59,99352.13,82793.01,16559.11,Retail,Card,Yes,2,2025
INV-03512,2025-02-15,Home Care,HO-140,مشهد,Online,48226.13,36,3.37,1736140.58,35061.97,473909.83,Corporate,Transfer,No,2,2025
INV-03513,2025-02-15,Personal Care,PE-052,رشت,Pharmacy,93517.77,75,0.57,7013832.63,72606.59,1568338.62,Corporate,POS,No,2,2025
INV-03514,2025-02-16,Snacks,SN-054,مشهد,Wholesale,49400.53,8,4.55,395204.22,42516.53,55071.95,Retail,POS,No,2,2025
INV-03515,2025-02-16,Beverages,BE-072,تبریز,Wholesale,79624.59,94,2.17,7484711.88,66248.48,1257354.73,Corporate,Cash,No,2,2025
INV-03516,2025-02-16,Snacks,SN-033,مشهد,Supermarket,67505.06,8,8.51,540040.51,49518.44,143893.0,Retail,Transfer,Yes,2,2025
INV-03517,2025-02-16,Dairy,DA-113,قم,Wholesale,121349.94,6,4.97,728099.64,97885.63,140785.83,Retail,Transfer,No,2,2025
INV-03518,2025-02-16,Home Care,HO-109,اصفهان,Wholesale,69665.66,66,5.69,4597933.56,57375.41,811156.3,Corporate,Transfer,No,2,2025
INV-03519,2025-02-16,Personal Care,PE-024,رشت,Wholesale,83306.86,8,4.71,666454.89,68838.77,115744.75,Retail,Transfer,No,2,2025
INV-03520,2025-02-17,Personal Care,PE-015,شیراز,Online,145277.93,8,1.65,1162223.4,109148.48,289035.56,Retail,Cash,No,2,2025
INV-03521,2025-02-17,Personal Care,PE-115,شیراز,Wholesale,87645.29,16,3.77,1402324.6,71358.53,260588.09,Corporate,Card,No,2,2025
INV-03522,2025-02-17,Personal Care,PE-009,تبریز,Pharmacy,88942.44,59,19.62,5247604.08,71888.96,1006155.67,Corporate,Card,Yes,2,2025
INV-03523,2025-02-17,Beverages,BE-007,کرمانشاه,Wholesale,62937.33,7,5.89,440561.33,50455.66,87371.73,Retail,Transfer,Yes,2,2025
INV-03524,2025-02-17,Snacks,SN-041,مشهد,Supermarket,63931.28,79,2.79,5050571.2,46899.49,1345511.25,Corporate,Card,No,2,2025
INV-03525,2025-02-17,Personal Care,PE-028,شیراز,Supermarket,103129.71,10,4.21,1031297.06,73206.52,299231.89,Retail,Card,No,2,2025
INV-03526,2025-02-18,Home Care,HO-053,رشت,Wholesale,47853.72,12,17.49,574244.67,40713.65,85680.85,Retail,Transfer,Yes,2,2025
INV-03527,2025-02-18,Dairy,DA-137,تبریز,Wholesale,100888.75,15,1.81,1513331.25,81439.33,291741.34,Retail,Cash,No,2,2025
INV-03528,2025-02-18,Personal Care,PE-141,کرج,Supermarket,80648.93,3,14.0,241946.79,57082.43,70699.52,Retail,Transfer,Yes,2,2025
INV-03529,2025-02-18,Dairy,DA-013,شیراز,Supermarket,100078.55,11,0.11,1100864.07,67420.14,359242.51,Retail,Card,No,2,2025
INV-03530,2025-02-18,Beverages,BE-072,کرمانشاه,Supermarket,67904.42,10,2.87,679044.2,45271.91,226325.13,Retail,Transfer,No,2,2025
INV-03531,2025-02-18,Personal Care,PE-020,اصفهان,Hypermarket,107414.3,121,5.03,12997130.01,74612.99,3968958.38,Corporate,Card,No,2,2025
INV-03532,2025-02-19,Snacks,SN-097,رشت,Pharmacy,56568.0,9,4.0,509112.02,47576.55,80923.11,Retail,POS,No,2,2025
INV-03533,2025-02-19,Beverages,BE-063,شیراز,Online,65007.18,9,2.06,585064.61,50775.58,128084.4,Retail,Card,No,2,2025
INV-03534,2025-02-20,Snacks,SN-060,قم,Supermarket,53792.19,114,1.41,6132309.6,39678.21,1608993.81,Corporate,Transfer,No,2,2025
INV-03535,2025-02-20,Personal Care,PE-028,شیراز,Supermarket,99467.8,9,2.85,895210.19,66896.04,293145.83,Retail,Card,No,2,2025
INV-03536,2025-02-20,Dairy,DA-107,تهران,Pharmacy,104521.55,8,1.34,836172.36,85468.2,152426.73,Retail,Card,No,2,2025
INV-03537,2025-02-20,Dairy,DA-054,تبریز,Hypermarket,118385.55,4,1.69,473542.2,90280.3,112421.01,Retail,Card,No,2,2025
INV-03538,2025-02-20,Home Care,HO-035,کرج,Pharmacy,58566.49,9,11.96,527098.42,44731.58,124514.22,Retail,Card,Yes,2,2025
INV-03539,2025-02-21,Home Care,HO-060,کرمانشاه,Hypermarket,59978.07,4,5.15,239912.29,44430.8,62189.08,Retail,Card,No,2,2025
INV-03540,2025-02-21,Beverages,BE-079,تهران,Wholesale,69401.44,10,2.72,694014.38,54845.25,145561.87,Retail,Card,No,2,2025
INV-03541,2025-02-21,Snacks,SN-061,کرمانشاه,Supermarket,55963.22,3,4.35,167889.66,37158.83,56413.17,Retail,Card,No,2,2025
INV-03542,2025-02-21,Home Care,HO-097,کرج,Wholesale,63284.89,8,11.22,506279.13,52905.09,83038.43,Retail,Card,Yes,2,2025
INV-03543,2025-02-22,Home Care,HO-109,مشهد,Pharmacy,43005.25,7,17.11,301036.73,33435.59,66987.59,Retail,Card,Yes,2,2025
INV-03544,2025-02-22,Beverages,BE-110,اصفهان,Wholesale,72157.17,3,12.58,216471.51,63329.85,26481.97,Retail,Transfer,Yes,2,2025
INV-03545,2025-02-22,Personal Care,PE-120,تبریز,Hypermarket,94003.33,1,2.77,94003.33,67316.78,26686.55,Retail,Transfer,No,2,2025
INV-03546,2025-02-22,Home Care,HO-133,تبریز,Online,56116.91,4,0.63,224467.64,44200.1,47667.25,Retail,Card,No,2,2025
INV-03547,2025-02-23,Home Care,HO-061,مشهد,Wholesale,49790.73,14,5.89,697070.16,42009.94,108931.06,Retail,Transfer,No,2,2025
INV-03548,2025-02-24,Beverages,BE-113,رشت,Wholesale,56924.45,2,0.26,113848.9,47218.72,19411.45,Retail,Transfer,No,2,2025
INV-03549,2025-02-24,Dairy,DA-068,کرمانشاه,Hypermarket,120422.49,11,6.28,1324647.39,91043.13,323172.96,Retail,Card,Yes,2,2025
INV-03550,2025-02-24,Personal Care,PE-028,رشت,Supermarket,88939.97,8,5.33,711519.78,66664.23,178205.97,Retail,Cash,No,2,2025
INV-03551,2025-02-25,Home Care,HO-055,اصفهان,Pharmacy,52773.43,2,1.8,105546.86,42932.45,19681.95,Retail,Card,No,2,2025
INV-03552,2025-02-25,Personal Care,PE-105,اهواز,Wholesale,92688.67,2,5.34,185377.35,72957.68,39462.0,Retail,Transfer,No,2,2025
INV-03553,2025-02-25,Snacks,SN-134,شیراز,Supermarket,68585.5,5,1.2,342927.48,45760.27,114126.14,Retail,Transfer,No,2,2025
INV-03554,2025-02-25,Personal Care,PE-104,اهواز,Hypermarket,98329.85,12,2.13,1179958.25,70445.41,334613.28,Retail,Transfer,No,2,2025
INV-03555,2025-02-25,Beverages,BE-144,تبریز,Supermarket,66602.9,4,2.46,266411.59,43991.61,90445.15,Retail,Transfer,No,2,2025
INV-03556,2025-02-25,Dairy,DA-013,مشهد,Wholesale,119189.93,6,6.35,715139.56,101228.5,107768.53,Retail,Card,Yes,2,2025
INV-03557,2025-02-25,Dairy,DA-082,رشت,Online,120489.32,96,1.79,11566974.67,98160.46,2143570.21,Corporate,Transfer,No,2,2025
INV-03558,2025-02-26,Personal Care,PE-098,اهواز,Pharmacy,84518.42,1,15.92,84518.42,63993.43,20524.99,Retail,Transfer,Yes,2,2025
INV-03559,2025-02-27,Dairy,DA-069,تهران,Hypermarket,90037.79,65,21.38,5852456.47,63541.73,1722244.04,Corporate,Card,Yes,2,2025
INV-03560,2025-02-27,Snacks,SN-015,کرج,Supermarket,55736.5,9,7.31,501628.54,39013.55,150506.6,Retail,POS,Yes,2,2025
INV-03561,2025-02-27,Personal Care,PE-145,تبریز,Wholesale,96446.27,4,3.28,385785.08,76316.65,80518.5,Retail,Card,No,2,2025
INV-03562,2025-02-27,Home Care,HO-116,اهواز,Online,55562.76,78,1.88,4333895.14,40078.81,1207748.23,Corporate,POS,No,2,2025
INV-03563,2025-02-27,Dairy,DA-001,تبریز,Wholesale,109755.11,4,4.1,439020.43,85799.55,95822.23,Retail,POS,No,2,2025
INV-03564,2025-02-27,Personal Care,PE-050,قم,Wholesale,78147.4,5,1.3,390737.02,65394.66,63763.69,Retail,Transfer,No,2,2025
INV-03565,2025-02-27,Snacks,SN-025,اهواز,Pharmacy,72470.28,2,4.0,144940.57,55707.73,33525.1,Retail,Cash,No,2,2025
INV-03566,2025-02-28,Snacks,SN-041,اهواز,Online,59429.22,5,4.0,297146.1,44982.74,72232.38,Retail,Card,No,2,2025
INV-03567,2025-02-28,Personal Care,PE-048,کرمانشاه,Pharmacy,99926.36,4,2.64,399705.45,78619.96,85225.6,Retail,Transfer,No,2,2025
INV-03568,2025-02-28,Home Care,HO-036,کرج,Pharmacy,80411.31,51,0.08,4100976.66,63394.37,867863.74,Corporate,Transfer,No,2,2025
INV-03569,2025-02-28,Personal Care,PE-137,رشت,Wholesale,77864.89,12,2.66,934378.66,60950.76,202969.57,Retail,Card,No,2,2025
INV-03570,2025-03-01,Snacks,SN-087,کرج,Wholesale,68628.54,3,4.92,205885.63,58079.93,31645.85,Retail,Card,No,3,2025
INV-03571,2025-03-01,Snacks,SN-120,قم,Wholesale,61117.57,10,0.54,611175.67,48776.07,123414.96,Retail,Cash,No,3,2025
INV-03572,2025-03-01,Snacks,SN-056,اصفهان,Supermarket,76937.19,3,4.13,230811.57,51565.32,76115.62,Retail,Card,No,3,2025
INV-03573,2025-03-01,Snacks,SN-113,تهران,Pharmacy,53987.03,1,8.3,53987.03,42032.58,11954.45,Retail,Card,Yes,3,2025
INV-03574,2025-03-01,Beverages,BE-076,کرمانشاه,Pharmacy,72082.21,4,12.46,288328.83,60991.68,44362.09,Retail,Transfer,Yes,3,2025
INV-03575,2025-03-01,Personal Care,PE-084,رشت,Supermarket,83860.23,9,9.45,754742.05,59463.3,219572.33,Retail,Card,Yes,3,2025
INV-03576,2025-03-02,Snacks,SN-144,کرمانشاه,Pharmacy,49109.25,7,4.0,343764.73,38400.38,74962.07,Retail,Transfer,No,3,2025
INV-03577,2025-03-02,Personal Care,PE-070,کرج,Pharmacy,110285.65,86,4.0,9484566.19,93171.6,1471808.43,Corporate,Card,No,3,2025
INV-03578,2025-03-02,Dairy,DA-020,تبریز,Wholesale,92561.93,87,2.85,8052887.53,74219.7,1595773.76,Corporate,Cash,No,3,2025
INV-03579,2025-03-02,Beverages,BE-047,تبریز,Supermarket,46133.93,10,6.78,461339.26,31391.93,147419.96,Retail,POS,Yes,3,2025
INV-03580,2025-03-02,Beverages,BE-118,اصفهان,Wholesale,63493.84,2,0.27,126987.69,50485.59,26016.51,Retail,Card,No,3,2025
INV-03581,2025-03-02,Dairy,DA-084,تبریز,Pharmacy,112678.1,9,1.25,1014102.94,86082.48,239360.63,Retail,Cash,No,3,2025
INV-03582,2025-03-02,Snacks,SN-046,تهران,Wholesale,55883.06,13,2.91,726479.74,48474.97,96305.11,Retail,Cash,No,3,2025
INV-03583,2025-03-03,Dairy,DA-132,کرمانشاه,Online,99658.91,4,3.79,398635.66,74527.65,100525.05,Retail,Card,No,3,2025
INV-03584,2025-03-03,Snacks,SN-044,کرج,Supermarket,76414.85,4,5.34,305659.4,57230.19,76738.64,Retail,Card,No,3,2025
INV-03585,2025-03-03,Home Care,HO-147,رشت,Online,62953.48,1,4.0,62953.48,47335.52,15617.96,Retail,Card,No,3,2025
INV-03586,2025-03-03,Beverages,BE-054,کرمانشاه,Hypermarket,65023.61,5,9.07,325118.04,44599.09,102122.6,Retail,Card,Yes,3,2025
INV-03587,2025-03-03,Home Care,HO-122,کرج,Supermarket,49052.07,5,15.78,245260.36,35643.34,67043.66,Retail,Card,Yes,3,2025
INV-03588,2025-03-03,Beverages,BE-137,اهواز,Supermarket,68614.65,7,3.22,480302.52,47928.12,144805.67,Retail,Transfer,No,3,2025
INV-03589,2025-03-03,Snacks,SN-042,اصفهان,Wholesale,72696.27,2,3.51,145392.53,63651.55,18089.44,Retail,Card,No,3,2025
INV-03590,2025-03-04,Personal Care,PE-035,رشت,Pharmacy,91486.13,5,1.69,457430.64,73461.61,90122.59,Retail,Cash,No,3,2025
INV-03591,2025-03-04,Beverages,BE-048,مشهد,Pharmacy,76405.12,7,1.4,534835.85,58244.6,127123.62,Retail,Transfer,No,3,2025
INV-03592,2025-03-05,Dairy,DA-140,رشت,Wholesale,103658.48,13,3.1,1347560.19,89292.62,186756.13,Retail,Card,No,3,2025
INV-03593,2025-03-05,Dairy,DA-099,رشت,Wholesale,99064.14,2,5.75,198128.28,81491.08,35146.13,Retail,Transfer,No,3,2025
INV-03594,2025-03-05,Dairy,DA-042,کرمانشاه,Pharmacy,127107.66,3,0.48,381322.98,102938.36,72507.88,Retail,POS,No,3,2025
INV-03595,2025-03-05,Snacks,SN-099,تهران,Pharmacy,65750.63,1,2.14,65750.63,54770.77,10979.86,Retail,Card,No,3,2025
INV-03596,2025-03-05,Dairy,DA-111,قم,Pharmacy,103469.59,8,4.0,827756.71,82130.82,170710.16,Retail,Transfer,No,3,2025
INV-03597,2025-03-06,Snacks,SN-014,اهواز,Pharmacy,55974.67,4,0.78,223898.69,44115.67,47435.99,Retail,Transfer,No,3,2025
INV-03598,2025-03-06,Personal Care,PE-067,اهواز,Supermarket,116626.91,7,0.96,816388.4,86870.11,208297.65,Retail,Transfer,No,3,2025
INV-03599,2025-03-06,Personal Care,PE-118,کرمانشاه,Hypermarket,87069.03,11,0.89,957759.37,63406.84,260284.13,Retail,Card,No,3,2025
INV-03600,2025-03-06,Beverages,BE-083,مشهد,Hypermarket,68918.9,81,5.1,5582430.84,50548.44,1488007.48,Corporate,Card,No,3,2025
INV-03601,2025-03-06,Beverages,BE-100,رشت,Pharmacy,51512.54,1,14.84,51512.54,40047.94,11464.61,Retail,Cash,Yes,3,2025
INV-03602,2025-03-06,Beverages,BE-029,کرمانشاه,Supermarket,78603.97,9,0.69,707435.71,56624.64,197813.93,Retail,Card,No,3,2025
INV-03603,2025-03-06,Snacks,SN-027,تهران,Online,70377.85,37,4.0,2603980.49,56431.67,516008.62,Corporate,Transfer,No,3,2025
INV-03604,2025-03-07,Dairy,DA-069,اصفهان,Hypermarket,120730.76,30,4.2,3621922.68,89893.0,925132.63,Corporate,Card,No,3,2025
INV-03605,2025-03-07,Snacks,SN-145,اصفهان,Supermarket,54581.05,67,5.56,3656930.5,35497.15,1278621.17,Corporate,Transfer,No,3,2025
INV-03606,2025-03-07,Snacks,SN-051,قم,Supermarket,55646.65,5,1.29,278233.24,37807.6,89195.24,Retail,Cash,No,3,2025
INV-03607,2025-03-08,Snacks,SN-040,اهواز,Pharmacy,54269.56,2,11.33,108539.12,45068.16,18402.8,Retail,Card,Yes,3,2025
INV-03608,2025-03-08,Snacks,SN-095,شیراز,Wholesale,54524.35,12,2.96,654292.15,45802.44,104662.85,Retail,Card,No,3,2025
INV-03609,2025-03-08,Snacks,SN-136,تبریز,Wholesale,64399.6,6,0.44,386397.6,56180.92,49312.08,Retail,Transfer,No,3,2025
INV-03610,2025-03-08,Beverages,BE-049,شیراز,Wholesale,68520.8,8,3.14,548166.4,58839.18,77452.95,Retail,Card,No,3,2025
INV-03611,2025-03-08,Beverages,BE-132,اصفهان,Supermarket,59263.2,11,16.6,651895.18,38854.72,224493.28,Retail,Cash,Yes,3,2025
INV-03612,2025-03-09,Beverages,BE-106,رشت,Supermarket,57203.32,8,5.66,457626.55,37895.32,154463.99,Retail,Transfer,No,3,2025
INV-03613,2025-03-09,Home Care,HO-065,رشت,Wholesale,65508.16,2,1.01,131016.33,51954.12,27108.08,Retail,Cash,No,3,2025
INV-03614,2025-03-09,Personal Care,PE-066,تبریز,Hypermarket,100894.51,4,7.68,403578.03,69714.92,124718.33,Retail,Transfer,Yes,3,2025
INV-03615,2025-03-09,Dairy,DA-104,تهران,Pharmacy,113589.21,3,2.37,340767.63,94051.46,58613.25,Retail,Card,No,3,2025
INV-03616,2025-03-09,Snacks,SN-038,رشت,Wholesale,64044.47,13,4.62,832578.15,53087.6,142439.38,Retail,Cash,No,3,2025
INV-03617,2025-03-10,Personal Care,PE-058,اصفهان,Pharmacy,96330.41,9,11.88,866973.69,78748.61,158236.24,Retail,Transfer,Yes,3,2025
INV-03618,2025-03-10,Home Care,HO-132,تهران,Pharmacy,38338.25,7,2.55,268367.75,31799.23,45773.12,Retail,Card,No,3,2025
INV-03619,2025-03-10,Dairy,DA-125,کرمانشاه,Supermarket,90540.09,72,6.0,6518886.2,60664.77,2151022.88,Corporate,Transfer,No,3,2025
INV-03620,2025-03-10,Dairy,DA-081,مشهد,Wholesale,116803.82,41,19.32,4788956.54,94588.6,910823.83,Corporate,Card,Yes,3,2025
INV-03621,2025-03-10,Personal Care,PE-097,تبریز,Supermarket,105080.88,68,2.36,7145499.83,74872.3,2054183.31,Corporate,Cash,No,3,2025
INV-03622,2025-03-11,Beverages,BE-007,قم,Supermarket,57544.3,2,8.94,115088.6,39602.08,35884.45,Retail,Transfer,Yes,3,2025
INV-03623,2025-03-11,Dairy,DA-118,مشهد,Hypermarket,125082.6,8,2.46,1000660.77,93546.29,252290.48,Retail,Card,No,3,2025
INV-03624,2025-03-11,Home Care,HO-133,تبریز,Online,50300.9,8,12.28,402407.19,41054.64,73970.03,Retail,Transfer,Yes,3,2025
INV-03625,2025-03-11,Snacks,SN-047,اصفهان,Online,66963.76,68,3.66,4553535.87,52231.48,1001795.12,Corporate,Transfer,No,3,2025
INV-03626,2025-03-11,Personal Care,PE-094,کرج,Wholesale,99445.37,13,4.73,1292789.78,82800.3,216385.84,Retail,Cash,No,3,2025
INV-03627,2025-03-11,Snacks,SN-118,شیراز,Supermarket,58782.71,12,9.52,705392.58,40280.89,222021.89,Retail,Card,Yes,3,2025
INV-03628,2025-03-12,Dairy,DA-078,تبریز,Hypermarket,82621.72,57,5.89,4709438.24,57461.54,1434130.74,Corporate,Transfer,No,3,2025
INV-03629,2025-03-12,Beverages,BE-005,کرمانشاه,Wholesale,65562.0,13,14.37,852305.95,53605.11,155439.58,Corporate,Transfer,Yes,3,2025
INV-03630,2025-03-13,Dairy,DA-065,اهواز,Pharmacy,106466.95,1,7.3,106466.95,86280.88,20186.07,Retail,Card,Yes,3,2025
INV-03631,2025-03-13,Beverages,BE-003,اصفهان,Wholesale,79723.22,67,4.36,5341456.06,69857.22,661022.04,Corporate,Transfer,No,3,2025
INV-03632,2025-03-14,Home Care,HO-121,رشت,Wholesale,54543.33,4,5.48,218173.33,44748.88,39177.82,Retail,Transfer,No,3,2025
INV-03633,2025-03-14,Personal Care,PE-038,تهران,Pharmacy,95632.61,2,1.82,191265.23,77573.49,36118.26,Retail,Transfer,No,3,2025
INV-03634,2025-03-14,Snacks,SN-088,اهواز,Wholesale,50634.72,8,4.26,405077.8,43361.26,58187.71,Retail,Card,No,3,2025
INV-03635,2025-03-14,Home Care,HO-135,شیراز,Supermarket,54178.77,56,2.44,3034010.99,38807.85,860771.12,Corporate,Transfer,No,3,2025
INV-03636,2025-03-14,Snacks,SN-124,کرمانشاه,Supermarket,69006.0,57,1.49,3933342.07,46699.55,1271467.71,Corporate,Cash,No,3,2025
INV-03637,2025-03-14,Dairy,DA-052,قم,Pharmacy,110366.65,6,2.52,662199.88,87941.41,134551.39,Retail,Card,No,3,2025
INV-03638,2025-03-15,Home Care,HO-118,شیراز,Hypermarket,43084.9,89,2.01,3834555.9,30865.78,1087501.2,Corporate,POS,No,3,2025
INV-03639,2025-03-15,Personal Care,PE-035,کرمانشاه,Hypermarket,100614.97,10,4.37,1006149.73,71228.05,293869.25,Retail,Cash,No,3,2025
INV-03640,2025-03-15,Dairy,DA-149,شیراز,Hypermarket,108343.16,119,5.91,12892836.36,75183.9,3945951.72,Corporate,Cash,No,3,2025
INV-03641,2025-03-15,Dairy,DA-001,تهران,Wholesale,95504.24,11,2.17,1050546.62,81543.69,153566.04,Retail,Transfer,No,3,2025
INV-03642,2025-03-15,Beverages,BE-034,کرمانشاه,Pharmacy,68362.9,4,3.51,273451.59,55582.85,51120.21,Retail,Cash,No,3,2025
INV-03643,2025-03-15,Dairy,DA-122,اصفهان,Wholesale,131322.04,7,1.11,919254.3,113560.18,124333.03,Retail,POS,No,3,2025
INV-03644,2025-03-16,Home Care,HO-123,اهواز,Pharmacy,46589.77,8,2.29,372718.13,37758.92,70646.75,Retail,Card,No,3,2025
INV-03645,2025-03-16,Snacks,SN-006,مشهد,Wholesale,48753.13,133,2.59,6484166.66,38340.37,1384896.84,Corporate,Card,No,3,2025
INV-03646,2025-03-16,Snacks,SN-149,اصفهان,Supermarket,69009.53,7,0.68,483066.7,44887.94,168851.12,Retail,Card,No,3,2025
INV-03647,2025-03-16,Snacks,SN-022,شیراز,Supermarket,54795.74,87,5.07,4767229.65,36836.12,1562487.13,Corporate,Card,No,3,2025
INV-03648,2025-03-16,Beverages,BE-115,کرمانشاه,Hypermarket,69094.15,3,0.21,207282.44,52595.01,49497.41,Retail,Transfer,No,3,2025
INV-03649,2025-03-16,Snacks,SN-035,اصفهان,Online,55672.52,69,2.36,3841403.88,45477.32,703468.48,Corporate,POS,No,3,2025
INV-03650,2025-03-16,Home Care,HO-007,کرج,Hypermarket,60631.59,5,2.76,303157.95,47101.01,67652.88,Retail,Transfer,No,3,2025
INV-03651,2025-03-16,Beverages,BE-086,کرمانشاه,Hypermarket,62708.47,8,2.92,501667.76,43447.02,154091.63,Retail,Cash,No,3,2025
INV-03652,2025-03-16,Dairy,DA-087,اهواز,Supermarket,87615.01,10,16.48,876150.06,58290.2,293248.02,Retail,Cash,Yes,3,2025
INV-03653,2025-03-17,Dairy,DA-112,اهواز,Online,104320.35,3,4.0,312961.04,78701.69,76855.97,Retail,Cash,No,3,2025
INV-03654,2025-03-17,Dairy,DA-085,تهران,Supermarket,108697.0,29,0.5,3152213.04,70795.06,1099156.4,Corporate,POS,No,3,2025
INV-03655,2025-03-17,Snacks,SN-099,شیراز,Hypermarket,63123.03,2,0.35,126246.06,46652.63,32940.8,Retail,Transfer,No,3,2025
INV-03656,2025-03-17,Dairy,DA-016,رشت,Hypermarket,117922.24,12,1.61,1415066.88,91277.64,319735.19,Retail,Transfer,No,3,2025
INV-03657,2025-03-18,Dairy,DA-068,اهواز,Hypermarket,101091.95,91,5.24,9199367.16,75975.46,2285600.22,Corporate,Cash,No,3,2025
INV-03658,2025-03-18,Snacks,SN-142,اصفهان,Online,53778.47,9,1.7,484006.19,43556.37,91998.9,Retail,Card,No,3,2025
INV-03659,2025-03-18,Snacks,SN-021,کرج,Supermarket,62789.32,3,9.01,188367.97,44531.06,54774.79,Retail,Transfer,Yes,3,2025
INV-03660,2025-03-18,Home Care,HO-124,اصفهان,Supermarket,57452.18,10,3.82,574521.82,42653.7,147984.84,Retail,Transfer,No,3,2025
INV-03661,2025-03-18,Snacks,SN-148,تهران,Supermarket,68178.47,37,5.02,2522603.36,46256.1,811127.62,Corporate,Card,No,3,2025
INV-03662,2025-03-18,Home Care,HO-123,مشهد,Hypermarket,53340.76,12,3.58,640089.17,38380.94,179517.89,Retail,Card,No,3,2025
INV-03663,2025-03-18,Home Care,HO-026,کرج,Hypermarket,61173.63,12,3.09,734083.62,42896.0,219331.57,Retail,Transfer,No,3,2025
INV-03664,2025-03-19,Personal Care,PE-064,شیراز,Wholesale,85110.73,11,4.16,936218.0,71256.85,152392.65,Retail,Card,No,3,2025
INV-03665,2025-03-19,Personal Care,PE-024,تهران,Supermarket,81439.68,118,8.02,9609882.39,54885.82,3133355.42,Corporate,Card,Yes,3,2025
INV-03666,2025-03-19,Beverages,BE-028,تهران,Supermarket,62310.09,114,20.14,7103349.86,45123.05,1959322.61,Corporate,POS,Yes,3,2025
INV-03667,2025-03-19,Beverages,BE-025,تهران,Pharmacy,64524.72,7,4.0,451673.03,52042.84,87373.18,Retail,Card,No,3,2025
INV-03668,2025-03-19,Snacks,SN-080,تهران,Hypermarket,70005.87,103,4.2,7210604.7,51626.04,1893122.79,Corporate,Transfer,No,3,2025
INV-03669,2025-03-19,Beverages,BE-087,تبریز,Wholesale,56994.0,14,9.34,797915.98,48918.29,113059.92,Retail,Cash,Yes,3,2025
INV-03670,2025-03-20,Beverages,BE-068,تهران,Online,48250.01,2,9.56,96500.02,39310.21,17879.6,Retail,Card,Yes,3,2025
INV-03671,2025-03-20,Home Care,HO-139,رشت,Online,50961.34,40,3.45,2038453.69,39308.86,466099.37,Corporate,Transfer,No,3,2025
INV-03672,2025-03-20,Beverages,BE-004,اهواز,Supermarket,66672.09,3,9.44,200016.28,44221.66,67351.31,Retail,Card,Yes,3,2025
INV-03673,2025-03-20,Home Care,HO-063,رشت,Supermarket,58094.99,8,3.24,464759.94,42939.09,121247.23,Retail,Card,No,3,2025
INV-03674,2025-03-20,Dairy,DA-012,اهواز,Hypermarket,95256.55,6,13.78,571539.29,71408.01,143091.21,Retail,Card,Yes,3,2025
INV-03675,2025-03-20,Beverages,BE-094,رشت,Wholesale,61657.88,4,4.4,246631.53,50952.43,42821.82,Retail,Transfer,No,3,2025
INV-03676,2025-03-20,Dairy,DA-098,اصفهان,Wholesale,104706.19,5,15.95,523530.93,86813.47,89463.59,Retail,Transfer,Yes,3,2025
INV-03677,2025-03-20,Snacks,SN-090,کرج,Wholesale,64158.53,1,0.18,64158.53,52592.62,11565.91,Retail,Transfer,No,3,2025
INV-03678,2025-03-21,Personal Care,PE-018,اصفهان,Supermarket,101412.15,9,1.76,912709.36,69795.19,284552.64,Retail,Transfer,No,3,2025
INV-03679,2025-03-21,Dairy,DA-026,اصفهان,Wholesale,117093.66,9,2.12,1053842.91,96351.46,186679.75,Retail,Transfer,No,3,2025
INV-03680,2025-03-21,Dairy,DA-135,اصفهان,Hypermarket,124916.86,21,3.1,2623253.96,90198.28,729090.13,Corporate,Transfer,No,3,2025
INV-03681,2025-03-21,Dairy,DA-015,کرمانشاه,Hypermarket,110982.08,4,5.54,443928.32,75988.24,139975.34,Retail,Cash,No,3,2025
INV-03682,2025-03-21,Personal Care,PE-126,کرج,Online,109558.71,1,4.0,109558.71,88777.61,20781.1,Retail,Cash,No,3,2025
INV-03683,2025-03-21,Beverages,BE-059,مشهد,Wholesale,80300.86,139,3.81,11161819.03,64899.62,2140771.48,Corporate,POS,No,3,2025
INV-03684,2025-03-21,Dairy,DA-150,مشهد,Online,98942.41,85,1.59,8410104.7,72392.99,2256700.18,Corporate,Card,No,3,2025
INV-03685,2025-03-22,Personal Care,PE-070,قم,Hypermarket,92305.9,5,2.67,461529.49,68516.25,118948.22,Retail,Transfer,No,3,2025
INV-03686,2025-03-22,Beverages,BE-083,مشهد,Pharmacy,65354.92,58,4.0,3790585.27,54989.05,601220.44,Corporate,Card,No,3,2025
INV-03687,2025-03-23,Beverages,BE-091,اصفهان,Hypermarket,61414.21,11,5.22,675556.29,44671.55,184169.26,Retail,Cash,No,3,2025
INV-03688,2025-03-23,Home Care,HO-125,قم,Supermarket,57228.9,6,0.42,343373.42,41244.62,95905.68,Retail,POS,No,3,2025
INV-03689,2025-03-23,Personal Care,PE-092,تهران,Supermarket,112012.79,11,5.94,1232140.74,78824.84,365067.48,Retail,Card,No,3,2025
INV-03690,2025-03-23,Home Care,HO-093,مشهد,Wholesale,55580.72,6,4.79,333484.32,44634.18,65679.23,Retail,Transfer,No,3,2025
INV-03691,2025-03-23,Snacks,SN-099,قم,Supermarket,31765.06,35,24.85,1111777.04,21155.76,371325.3,Corporate,Card,Yes,3,2025
INV-03692,2025-03-24,Snacks,SN-019,اهواز,Online,72650.58,2,0.01,145301.16,56836.36,31628.43,Retail,Cash,No,3,2025
INV-03693,2025-03-24,Dairy,DA-029,رشت,Wholesale,103686.08,7,10.27,725802.55,83878.79,138651.05,Retail,Cash,Yes,3,2025
INV-03694,2025-03-25,Beverages,BE-078,کرمانشاه,Hypermarket,66188.01,8,4.21,529504.06,47180.98,152056.19,Retail,Cash,No,3,2025
INV-03695,2025-03-25,Beverages,BE-051,مشهد,Pharmacy,65156.94,35,4.0,2280492.94,52530.35,441930.74,Corporate,Transfer,No,3,2025
INV-03696,2025-03-25,Home Care,HO-096,تبریز,Online,54903.33,2,2.03,109806.66,41547.32,26712.02,Retail,Transfer,No,3,2025
INV-03697,2025-03-25,Beverages,BE-021,کرج,Supermarket,67213.24,8,2.81,537705.89,47313.7,159196.27,Retail,Transfer,No,3,2025
INV-03698,2025-03-25,Personal Care,PE-074,رشت,Wholesale,114753.22,13,2.8,1491791.83,100943.98,179520.16,Retail,Cash,No,3,2025
INV-03699,2025-03-26,Dairy,DA-086,مشهد,Hypermarket,117349.48,63,4.46,7393017.12,90510.86,1690832.67,Corporate,Transfer,No,3,2025
INV-03700,2025-03-26,Home Care,HO-092,تبریز,Hypermarket,56441.09,6,12.94,338646.54,39804.17,99821.52,Retail,Transfer,Yes,3,2025
INV-03701,2025-03-26,Dairy,DA-034,کرج,Online,86637.67,81,21.42,7017651.31,69854.27,1359455.46,Corporate,Transfer,Yes,3,2025
INV-03702,2025-03-27,Beverages,BE-142,مشهد,Pharmacy,65955.94,32,3.7,2110589.93,53183.06,408731.86,Corporate,Card,No,3,2025
INV-03703,2025-03-27,Personal Care,PE-100,تبریز,Online,101416.88,41,2.14,4158091.97,74106.78,1119714.11,Corporate,Transfer,No,3,2025
INV-03704,2025-03-27,Home Care,HO-121,شیراز,Pharmacy,48145.61,7,17.06,337019.27,37894.41,71758.41,Retail,Card,Yes,3,2025
INV-03705,2025-03-27,Personal Care,PE-002,اصفهان,Online,98109.9,7,0.31,686769.28,72874.82,176645.54,Retail,Transfer,No,3,2025
INV-03706,2025-03-27,Personal Care,PE-087,تهران,Hypermarket,100959.24,10,3.42,1009592.41,69301.05,316581.94,Corporate,Transfer,No,3,2025
INV-03707,2025-03-28,Beverages,BE-146,اهواز,Wholesale,54230.58,133,16.55,7212667.47,46949.55,968376.68,Corporate,Transfer,Yes,3,2025
INV-03708,2025-03-28,Personal Care,PE-132,کرمانشاه,Hypermarket,87606.28,11,2.01,963669.11,58786.48,317017.84,Retail,Transfer,No,3,2025
INV-03709,2025-03-28,Dairy,DA-064,مشهد,Hypermarket,98606.51,10,2.48,986065.07,73966.37,246401.41,Retail,POS,No,3,2025
INV-03710,2025-03-28,Dairy,DA-043,کرمانشاه,Supermarket,103325.54,99,0.48,10229228.78,68866.28,3411466.93,Corporate,Cash,No,3,2025
INV-03711,2025-03-28,Snacks,SN-113,کرمانشاه,Pharmacy,69975.32,3,7.56,209925.97,56317.33,40973.99,Retail,Card,Yes,3,2025
INV-03712,2025-03-28,Dairy,DA-147,شیراز,Pharmacy,103320.47,5,0.58,516602.37,87507.07,79067.04,Retail,Card,No,3,2025
INV-03713,2025-03-29,Home Care,HO-082,اصفهان,Pharmacy,61555.87,67,3.88,4124243.19,46806.9,988181.18,Corporate,Card,No,3,2025
INV-03714,2025-03-29,Personal Care,PE-051,کرج,Supermarket,126998.91,8,5.04,1015991.28,94955.12,256350.33,Retail,Transfer,No,3,2025
INV-03715,2025-03-29,Personal Care,PE-112,تهران,Hypermarket,99928.63,3,5.41,299785.88,67920.55,96024.24,Retail,Card,No,3,2025
INV-03716,2025-03-29,Home Care,HO-116,شیراز,Hypermarket,44363.07,4,16.01,177452.26,33822.06,42164.04,Retail,Transfer,Yes,3,2025
INV-03717,2025-03-29,Dairy,DA-137,کرمانشاه,Hypermarket,116519.62,126,1.74,14681472.32,80935.7,4483574.39,Corporate,POS,No,3,2025
INV-03718,2025-03-29,Beverages,BE-135,شیراز,Hypermarket,72979.79,5,4.45,364898.94,50756.05,111118.7,Retail,POS,No,3,2025
INV-03719,2025-03-29,Snacks,SN-139,کرمانشاه,Hypermarket,59103.93,2,14.71,118207.86,41709.48,34788.9,Retail,Card,Yes,3,2025
INV-03720,2025-03-29,Dairy,DA-017,مشهد,Hypermarket,108962.79,112,1.14,12203832.79,76135.59,3676646.68,Corporate,Cash,No,3,2025
INV-03721,2025-03-29,Personal Care,PE-078,مشهد,Online,92988.74,6,0.13,557932.42,73119.27,119216.82,Retail,Transfer,No,3,2025
INV-03722,2025-03-30,Beverages,BE-006,تهران,Wholesale,74096.51,14,3.76,1037351.21,59019.47,211078.64,Retail,Transfer,No,3,2025
INV-03723,2025-03-30,Home Care,HO-089,کرج,Supermarket,60995.56,8,4.04,487964.45,40211.62,166271.51,Retail,Cash,No,3,2025
INV-03724,2025-03-30,Home Care,HO-088,رشت,Pharmacy,61524.22,1,3.17,61524.22,52189.7,9334.52,Retail,POS,No,3,2025
INV-03725,2025-03-30,Dairy,DA-113,مشهد,Supermarket,134328.11,73,1.06,9805951.72,98821.65,2591971.07,Corporate,Cash,No,3,2025
INV-03726,2025-03-31,Home Care,HO-091,تهران,Pharmacy,66702.38,3,0.37,200107.13,50651.29,48153.25,Retail,Card,No,3,2025
INV-03727,2025-03-31,Beverages,BE-080,کرمانشاه,Wholesale,85074.88,3,0.02,255224.63,71932.01,39428.59,Retail,Transfer,No,3,2025
INV-03728,2025-03-31,Personal Care,PE-003,قم,Pharmacy,82655.55,92,1.97,7604310.61,63644.47,1749019.08,Corporate,Card,No,3,2025
INV-03729,2025-03-31,Beverages,BE-116,اهواز,Supermarket,64946.05,101,9.47,6559551.11,44813.38,2033399.49,Corporate,Cash,Yes,3,2025
INV-03730,2025-03-31,Dairy,DA-036,قم,Pharmacy,92469.86,6,3.8,554819.18,76331.81,96828.33,Retail,POS,No,3,2025
INV-03731,2025-04-01,Snacks,SN-121,کرمانشاه,Pharmacy,65809.17,9,4.0,592282.53,53135.6,114062.12,Retail,Card,No,4,2025
INV-03732,2025-04-01,Home Care,HO-134,شیراز,Pharmacy,64674.28,57,1.56,3686434.18,54818.85,561759.74,Corporate,Transfer,No,4,2025
INV-03733,2025-04-01,Snacks,SN-061,تهران,Pharmacy,70548.02,8,4.0,564384.18,54667.06,127047.73,Retail,Card,No,4,2025
INV-03734,2025-04-01,Dairy,DA-067,کرج,Hypermarket,115631.43,100,2.25,11563143.16,78431.98,3719944.83,Corporate,POS,No,4,2025
INV-03735,2025-04-01,Personal Care,PE-129,کرج,Pharmacy,65765.1,58,17.64,3814375.83,50001.68,914278.18,Corporate,Transfer,Yes,4,2025
INV-03736,2025-04-01,Personal Care,PE-090,تبریز,Pharmacy,84701.17,4,8.99,338804.66,64238.27,81851.59,Retail,Card,Yes,4,2025
INV-03737,2025-04-02,Home Care,HO-149,رشت,Online,63761.71,49,2.15,3124323.74,49940.01,677263.12,Corporate,Transfer,No,4,2025
INV-03738,2025-04-02,Dairy,DA-104,کرمانشاه,Wholesale,120333.62,3,2.62,361000.86,95387.36,74838.77,Retail,Transfer,No,4,2025
INV-03739,2025-04-02,Home Care,HO-022,رشت,Online,55285.83,48,4.0,2653719.68,43968.16,543247.91,Corporate,Cash,No,4,2025
INV-03740,2025-04-02,Personal Care,PE-072,شیراز,Pharmacy,115895.09,3,6.8,347685.27,95815.83,60237.79,Retail,Transfer,Yes,4,2025
INV-03741,2025-04-02,Personal Care,PE-125,اصفهان,Pharmacy,106173.81,1,3.98,106173.81,82125.1,24048.71,Retail,Card,No,4,2025
INV-03742,2025-04-03,Snacks,SN-029,مشهد,Pharmacy,53274.18,6,3.79,319645.1,42940.76,62000.57,Retail,Card,No,4,2025
INV-03743,2025-04-03,Dairy,DA-014,کرج,Supermarket,122732.61,2,4.54,245465.21,87363.23,70738.76,Retail,Transfer,No,4,2025
INV-03744,2025-04-03,Personal Care,PE-020,شیراز,Online,77690.04,10,13.18,776900.43,62626.48,150635.65,Retail,Transfer,Yes,4,2025
INV-03745,2025-04-03,Personal Care,PE-006,اصفهان,Hypermarket,112014.77,2,4.86,224029.54,80383.01,63263.52,Retail,Card,No,4,2025
INV-03746,2025-04-03,Personal Care,PE-049,مشهد,Online,95232.06,9,12.73,857088.58,72806.48,201830.23,Retail,Card,Yes,4,2025
INV-03747,2025-04-03,Beverages,BE-084,تبریز,Hypermarket,60244.52,8,0.76,481956.14,46064.59,113439.44,Retail,Transfer,No,4,2025
INV-03748,2025-04-03,Personal Care,PE-020,کرج,Pharmacy,117494.39,3,16.25,352483.17,97918.49,58727.69,Retail,Card,Yes,4,2025
INV-03749,2025-04-03,Dairy,DA-051,رشت,Supermarket,101161.45,3,12.92,303484.36,71120.49,90122.9,Retail,Transfer,Yes,4,2025
INV-03750,2025-04-03,Beverages,BE-066,رشت,Wholesale,51868.07,13,1.3,674284.88,42038.97,127778.31,Retail,Transfer,No,4,2025
INV-03751,2025-04-04,Dairy,DA-130,تبریز,Supermarket,102787.02,58,13.52,5961646.97,75655.46,1573630.39,Corporate,Card,Yes,4,2025
INV-03752,2025-04-04,Dairy,DA-116,اهواز,Online,97511.89,5,10.7,487559.46,70440.61,135356.39,Retail,Cash,Yes,4,2025
INV-03753,2025-04-04,Dairy,DA-012,قم,Pharmacy,92181.98,76,17.37,7005830.8,75146.66,1294684.44,Corporate,Transfer,Yes,4,2025
INV-03754,2025-04-04,Beverages,BE-065,اصفهان,Pharmacy,67017.45,9,0.16,603157.02,53322.17,123257.5,Retail,Transfer,No,4,2025
INV-03755,2025-04-05,Personal Care,PE-005,تهران,Wholesale,93573.55,10,0.91,935735.49,76555.14,170184.05,Retail,Cash,No,4,2025
INV-03756,2025-04-05,Personal Care,PE-028,تبریز,Supermarket,89215.06,6,11.61,535290.39,59158.6,180338.79,Retail,Cash,Yes,4,2025
INV-03757,2025-04-05,Dairy,DA-007,تهران,Pharmacy,94938.24,1,12.13,94938.24,76781.3,18156.93,Retail,Transfer,Yes,4,2025
INV-03758,2025-04-05,Dairy,DA-049,رشت,Wholesale,93441.67,26,4.32,2429483.44,75968.74,454296.22,Corporate,Card,No,4,2025
INV-03759,2025-04-05,Beverages,BE-123,اصفهان,Pharmacy,65060.6,6,8.35,390363.6,50330.08,88383.11,Retail,Transfer,Yes,4,2025
INV-03760,2025-04-06,Beverages,BE-126,اصفهان,Pharmacy,78755.26,4,1.98,315021.03,61547.04,68832.88,Retail,Transfer,No,4,2025
INV-03761,2025-04-06,Personal Care,PE-141,اصفهان,Supermarket,108311.24,1,0.83,108311.24,71478.74,36832.5,Retail,POS,No,4,2025
INV-03762,2025-04-06,Dairy,DA-023,اصفهان,Hypermarket,113950.29,7,5.02,797652.03,86531.86,191929.01,Retail,Card,No,4,2025
INV-03763,2025-04-06,Beverages,BE-098,مشهد,Hypermarket,61882.24,10,5.57,618822.41,48003.78,138784.59,Corporate,Card,No,4,2025
INV-03764,2025-04-07,Dairy,DA-087,اصفهان,Online,110435.93,5,3.07,552179.63,88215.84,111100.45,Retail,Card,No,4,2025
INV-03765,2025-04-07,Home Care,HO-101,کرج,Online,48927.28,35,0.28,1712454.66,36844.73,422889.19,Corporate,Card,No,4,2025
INV-03766,2025-04-07,Dairy,DA-004,رشت,Hypermarket,90628.68,34,0.44,3081375.06,62223.6,965772.77,Corporate,Cash,No,4,2025
INV-03767,2025-04-07,Beverages,BE-004,تبریز,Wholesale,67543.43,2,0.03,135086.85,55488.55,24109.76,Retail,Transfer,No,4,2025
INV-03768,2025-04-07,Home Care,HO-136,شیراز,Hypermarket,42114.93,7,5.62,294804.5,32030.63,70590.08,Retail,Transfer,No,4,2025
INV-03769,2025-04-08,Dairy,DA-062,رشت,Pharmacy,98344.76,9,4.0,885102.83,80298.78,162413.78,Retail,Transfer,No,4,2025
INV-03770,2025-04-08,Beverages,BE-079,اصفهان,Pharmacy,76363.19,5,4.0,381815.94,62840.87,67611.59,Retail,Transfer,No,4,2025
INV-03771,2025-04-08,Beverages,BE-003,کرج,Online,62945.73,6,2.21,377674.4,49383.46,81373.61,Retail,Transfer,No,4,2025
INV-03772,2025-04-08,Dairy,DA-138,رشت,Online,109352.94,1,4.0,109352.94,81579.43,27773.51,Retail,Transfer,No,4,2025
INV-03773,2025-04-09,Personal Care,PE-052,اصفهان,Pharmacy,95832.34,30,2.97,2874970.16,75096.56,622073.28,Corporate,Transfer,No,4,2025
INV-03774,2025-04-09,Beverages,BE-074,شیراز,Wholesale,65104.55,11,1.69,716150.06,52425.23,139472.54,Retail,Transfer,No,4,2025
INV-03775,2025-04-09,Snacks,SN-100,کرمانشاه,Supermarket,64841.9,9,0.56,583577.09,43678.33,190472.13,Retail,Cash,No,4,2025
INV-03776,2025-04-09,Personal Care,PE-068,رشت,Supermarket,85449.12,78,13.6,6665031.18,60391.56,1954489.19,Corporate,Card,Yes,4,2025
INV-03777,2025-04-09,Beverages,BE-099,اهواز,Online,67404.81,10,8.16,674048.11,53691.25,137135.59,Corporate,Transfer,Yes,4,2025
INV-03778,2025-04-09,Personal Care,PE-041,تبریز,Online,94631.27,96,4.0,9084602.35,72505.75,2124050.68,Corporate,Transfer,No,4,2025
INV-03779,2025-04-10,Beverages,BE-140,کرج,Online,71528.12,21,0.84,1502090.58,55523.23,336102.81,Corporate,Transfer,No,4,2025
INV-03780,2025-04-10,Dairy,DA-138,تهران,Supermarket,96214.09,8,12.34,769712.71,70329.86,207073.8,Retail,Card,Yes,4,2025
INV-03781,2025-04-10,Dairy,DA-127,رشت,Online,128371.13,7,4.0,898597.91,101762.1,186263.21,Retail,Transfer,No,4,2025
INV-03782,2025-04-10,Home Care,HO-005,رشت,Wholesale,51350.23,24,1.56,1232405.49,43981.92,176839.37,Corporate,Transfer,No,4,2025
INV-03783,2025-04-10,Snacks,SN-039,اهواز,Supermarket,57608.51,91,1.61,5242374.62,41118.33,1500606.16,Corporate,POS,No,4,2025
INV-03784,2025-04-11,Snacks,SN-132,قم,Hypermarket,45531.71,3,4.99,136595.14,31677.68,41562.11,Retail,Card,No,4,2025
INV-03785,2025-04-11,Dairy,DA-091,مشهد,Pharmacy,100881.65,46,3.94,4640556.11,81378.54,897143.33,Corporate,Card,No,4,2025
INV-03786,2025-04-12,Snacks,SN-077,قم,Hypermarket,61569.41,6,5.16,369416.44,46082.93,92918.84,Retail,Cash,No,4,2025
INV-03787,2025-04-12,Personal Care,PE-049,قم,Supermarket,106127.73,6,2.58,636766.37,74944.42,187099.84,Retail,Cash,No,4,2025
INV-03788,2025-04-12,Home Care,HO-144,تهران,Supermarket,54667.29,5,2.44,273336.44,38673.72,79967.82,Retail,Transfer,No,4,2025
INV-03789,2025-04-12,Home Care,HO-077,تهران,Online,64767.84,8,3.62,518142.7,51741.3,104212.27,Retail,Transfer,No,4,2025
INV-03790,2025-04-12,Home Care,HO-059,اهواز,Online,53817.48,3,4.0,161452.45,40181.63,40907.57,Retail,Transfer,No,4,2025
INV-03791,2025-04-12,Beverages,BE-038,اهواز,Online,69427.68,10,4.0,694276.85,56882.41,125452.72,Corporate,Transfer,No,4,2025
INV-03792,2025-04-12,Snacks,SN-049,اصفهان,Supermarket,61283.02,2,10.43,122566.03,42859.94,36846.15,Retail,Card,Yes,4,2025
INV-03793,2025-04-12,Personal Care,PE-045,کرمانشاه,Online,83635.1,28,20.74,2341782.76,60625.77,644261.14,Corporate,Cash,Yes,4,2025
INV-03794,2025-04-12,Beverages,BE-148,کرج,Online,79915.38,5,0.3,399576.9,64728.3,75935.38,Retail,Card,No,4,2025
INV-03795,2025-04-13,Home Care,HO-096,قم,Wholesale,49481.21,8,4.1,395849.66,43497.13,47872.6,Retail,Transfer,No,4,2025
INV-03796,2025-04-13,Home Care,HO-033,تبریز,Supermarket,50539.58,10,17.56,505395.82,37451.14,130884.43,Retail,Card,Yes,4,2025
INV-03797,2025-04-13,Personal Care,PE-108,مشهد,Wholesale,89421.6,14,5.83,1251902.39,74032.6,215446.05,Retail,Card,No,4,2025
INV-03798,2025-04-14,Home Care,HO-117,کرمانشاه,Hypermarket,49512.64,115,11.58,5693953.23,37895.32,1335991.55,Corporate,Card,Yes,4,2025
INV-03799,2025-04-14,Home Care,HO-083,تهران,Online,40833.18,62,0.0,2531656.99,30666.63,630325.92,Corporate,Transfer,No,4,2025
INV-03800,2025-04-14,Dairy,DA-011,اصفهان,Wholesale,96304.71,4,3.98,385218.86,81838.39,57865.29,Retail,Card,No,4,2025
INV-03801,2025-04-15,Snacks,SN-037,تبریز,Online,54304.61,6,4.0,325827.68,41446.0,77151.69,Retail,Card,No,4,2025
INV-03802,2025-04-15,Personal Care,PE-022,تهران,Hypermarket,118693.64,11,5.11,1305629.99,88659.51,330375.43,Retail,Cash,No,4,2025
INV-03803,2025-04-15,Home Care,HO-119,قم,Hypermarket,51904.04,10,4.72,519040.38,39024.55,128794.84,Retail,Card,No,4,2025
INV-03804,2025-04-15,Snacks,SN-017,تهران,Supermarket,61946.69,77,5.48,4769895.34,44525.72,1341415.03,Corporate,Transfer,No,4,2025
INV-03805,2025-04-15,Personal Care,PE-049,شیراز,Online,75063.88,1,6.05,75063.88,59360.69,15703.19,Retail,Transfer,Yes,4,2025
INV-03806,2025-04-16,Snacks,SN-144,کرج,Hypermarket,44706.17,82,23.67,3665905.92,30245.21,1185798.59,Corporate,Transfer,Yes,4,2025
INV-03807,2025-04-16,Home Care,HO-023,تبریز,Pharmacy,64900.41,7,2.88,454302.85,49234.25,109663.07,Retail,Cash,No,4,2025
INV-03808,2025-04-16,Home Care,HO-058,کرمانشاه,Online,55808.0,9,0.07,502271.99,44763.36,99401.79,Retail,Transfer,No,4,2025
INV-03809,2025-04-16,Dairy,DA-035,مشهد,Supermarket,110162.74,96,2.3,10575623.48,80350.84,2861942.68,Corporate,Transfer,No,4,2025
INV-03810,2025-04-16,Snacks,SN-100,اصفهان,Supermarket,55776.7,5,2.05,278883.52,41200.12,72882.93,Retail,Cash,No,4,2025
INV-03811,2025-04-16,Personal Care,PE-018,قم,Supermarket,99433.18,11,12.5,1093764.94,64667.71,382420.18,Retail,Cash,Yes,4,2025
INV-03812,2025-04-16,Snacks,SN-010,قم,Wholesale,79220.61,104,1.47,8238943.32,67105.73,1259947.86,Corporate,Card,No,4,2025
INV-03813,2025-04-16,Personal Care,PE-104,اصفهان,Wholesale,108575.95,11,3.91,1194335.43,87407.53,232852.59,Retail,Transfer,No,4,2025
INV-03814,2025-04-16,Personal Care,PE-135,اهواز,Wholesale,106640.29,41,0.74,4372251.93,91173.47,634139.84,Corporate,Transfer,No,4,2025
INV-03815,2025-04-17,Home Care,HO-094,اهواز,Pharmacy,55373.06,7,0.3,387611.43,42141.49,92620.97,Retail,Transfer,No,4,2025
INV-03816,2025-04-17,Beverages,BE-139,تهران,Online,63455.06,5,12.74,317275.31,51383.39,60358.36,Retail,Cash,Yes,4,2025
INV-03817,2025-04-17,Personal Care,PE-090,اصفهان,Online,125413.52,1,2.34,125413.52,100353.08,25060.45,Retail,Card,No,4,2025
INV-03818,2025-04-17,Personal Care,PE-018,شیراز,Wholesale,107620.22,14,3.45,1506683.15,85756.59,306090.93,Retail,Card,No,4,2025
INV-03819,2025-04-17,Personal Care,PE-132,تبریز,Pharmacy,97024.51,5,4.0,485122.57,79052.93,89857.92,Retail,Card,No,4,2025
INV-03820,2025-04-17,Snacks,SN-146,تهران,Online,56235.4,57,13.47,3205418.03,43697.81,714643.03,Corporate,Cash,Yes,4,2025
INV-03821,2025-04-17,Beverages,BE-119,قم,Pharmacy,64493.26,79,4.0,5094967.45,53234.88,889412.19,Corporate,Transfer,No,4,2025
INV-03822,2025-04-17,Snacks,SN-147,کرج,Online,55145.29,48,3.07,2646973.85,43692.6,549729.02,Corporate,Transfer,No,4,2025
INV-03823,2025-04-18,Snacks,SN-022,تبریز,Supermarket,76595.15,2,3.58,153190.29,50198.1,52794.09,Retail,Transfer,No,4,2025
INV-03824,2025-04-18,Beverages,BE-074,اصفهان,Wholesale,51344.05,2,12.44,102688.1,43813.72,15060.65,Retail,Card,Yes,4,2025
INV-03825,2025-04-18,Beverages,BE-043,کرج,Online,64724.36,4,10.99,258897.44,50452.62,57086.97,Retail,Transfer,Yes,4,2025
INV-03826,2025-04-18,Dairy,DA-057,تبریز,Wholesale,98777.94,41,1.27,4049895.47,82769.1,656362.21,Corporate,Transfer,No,4,2025
INV-03827,2025-04-18,Personal Care,PE-145,اهواز,Wholesale,96383.73,5,3.34,481918.64,78390.01,89968.6,Retail,Card,No,4,2025
INV-03828,2025-04-18,Home Care,HO-149,مشهد,Hypermarket,44444.77,1,4.04,44444.77,30737.25,13707.52,Retail,Transfer,No,4,2025
INV-03829,2025-04-18,Dairy,DA-041,اصفهان,Wholesale,96948.32,89,14.6,8628400.72,78850.82,1610677.78,Corporate,POS,Yes,4,2025
INV-03830,2025-04-18,Dairy,DA-107,اهواز,Pharmacy,95467.27,1,1.35,95467.27,72260.93,23206.34,Retail,Card,No,4,2025
INV-03831,2025-04-19,Snacks,SN-047,کرمانشاه,Wholesale,49351.87,120,9.61,5922223.96,42969.16,765924.84,Corporate,POS,Yes,4,2025
INV-03832,2025-04-19,Home Care,HO-116,تبریز,Online,47827.75,1,3.83,47827.75,36176.46,11651.29,Retail,Transfer,No,4,2025
INV-03833,2025-04-19,Dairy,DA-131,شیراز,Online,100240.16,3,12.98,300720.47,79698.44,61625.15,Retail,POS,Yes,4,2025
INV-03834,2025-04-19,Beverages,BE-011,مشهد,Online,70841.6,2,2.52,141683.19,56495.89,28691.42,Retail,Cash,No,4,2025
INV-03835,2025-04-19,Dairy,DA-116,کرج,Hypermarket,94321.23,10,5.89,943212.32,68563.81,257574.2,Retail,POS,Yes,4,2025
INV-03836,2025-04-20,Dairy,DA-126,تهران,Supermarket,99731.75,12,2.15,1196781.02,66082.3,403793.45,Retail,Card,No,4,2025
INV-03837,2025-04-20,Snacks,SN-115,قم,Pharmacy,52442.6,7,3.25,367098.17,40784.77,81604.78,Retail,Transfer,No,4,2025
INV-03838,2025-04-21,Snacks,SN-003,کرمانشاه,Pharmacy,48170.07,5,16.34,240850.37,40670.2,37499.37,Retail,Card,Yes,4,2025
INV-03839,2025-04-21,Dairy,DA-064,تبریز,Supermarket,108598.55,6,1.6,651591.31,80625.19,167840.18,Retail,Transfer,No,4,2025
INV-03840,2025-04-21,Dairy,DA-093,رشت,Supermarket,115166.02,4,4.52,460664.08,82502.97,130652.18,Retail,Transfer,No,4,2025
INV-03841,2025-04-21,Home Care,HO-018,تبریز,Hypermarket,43140.11,22,20.76,949082.5,29295.95,304571.69,Corporate,Cash,Yes,4,2025
INV-03842,2025-04-22,Snacks,SN-112,قم,Supermarket,59908.18,10,0.91,599081.84,39497.32,204108.68,Retail,Transfer,No,4,2025
INV-03843,2025-04-22,Beverages,BE-046,کرج,Wholesale,76536.28,11,3.13,841899.13,66010.19,115787.02,Retail,Card,No,4,2025
INV-03844,2025-04-22,Home Care,HO-072,شیراز,Wholesale,48234.02,6,4.01,289404.11,38066.93,61002.52,Retail,Card,No,4,2025
INV-03845,2025-04-22,Personal Care,PE-130,تبریز,Online,113343.33,100,16.81,11334332.96,86704.3,2663902.84,Corporate,Transfer,Yes,4,2025
INV-03846,2025-04-23,Snacks,SN-148,کرج,Wholesale,60776.98,7,2.17,425438.87,48605.64,85199.4,Retail,Transfer,No,4,2025
INV-03847,2025-04-23,Snacks,SN-127,کرمانشاه,Pharmacy,51311.55,6,17.1,307869.3,40075.97,67413.5,Retail,Card,Yes,4,2025
INV-03848,2025-04-23,Dairy,DA-003,قم,Wholesale,118788.79,10,4.64,1187887.86,99437.6,193511.9,Retail,POS,No,4,2025
INV-03849,2025-04-24,Personal Care,PE-128,کرمانشاه,Pharmacy,108890.3,1,12.28,108890.3,88464.05,20426.25,Retail,Transfer,Yes,4,2025
INV-03850,2025-04-24,Personal Care,PE-016,کرمانشاه,Supermarket,93567.31,61,1.29,5707605.88,62895.88,1870957.05,Corporate,Transfer,No,4,2025
INV-03851,2025-04-24,Home Care,HO-038,مشهد,Online,55436.47,2,4.0,110872.94,40601.01,29670.92,Retail,Card,No,4,2025
INV-03852,2025-04-24,Dairy,DA-126,رشت,Pharmacy,124317.83,9,0.84,1118860.46,97968.99,237139.58,Retail,Transfer,No,4,2025
INV-03853,2025-04-24,Dairy,DA-093,قم,Online,80520.02,107,21.88,8615642.62,58976.21,2305187.69,Corporate,Transfer,Yes,4,2025
INV-03854,2025-04-24,Beverages,BE-034,مشهد,Online,60265.15,10,2.56,602651.52,46682.75,135824.01,Retail,Card,No,4,2025
INV-03855,2025-04-24,Snacks,SN-110,تهران,Supermarket,63937.07,12,2.93,767244.78,43328.99,247296.95,Retail,Card,No,4,2025
INV-03856,2025-04-24,Dairy,DA-150,اصفهان,Pharmacy,120359.62,46,4.0,5536542.48,93456.0,1237566.69,Corporate,Transfer,No,4,2025
INV-03857,2025-04-24,Beverages,BE-110,مشهد,Supermarket,74082.56,7,0.19,518577.9,51760.62,156253.54,Retail,Transfer,No,4,2025
INV-03858,2025-04-24,Dairy,DA-063,رشت,Supermarket,104265.22,10,2.39,1042652.17,69708.08,345571.42,Retail,Transfer,No,4,2025
INV-03859,2025-04-24,Snacks,SN-082,اهواز,Online,57443.37,1,9.45,57443.37,43181.66,14261.71,Retail,Card,Yes,4,2025
INV-03860,2025-04-25,Personal Care,PE-077,تبریز,Hypermarket,89929.3,8,0.4,719434.42,64680.62,201989.49,Retail,Transfer,No,4,2025
INV-03861,2025-04-25,Home Care,HO-078,تهران,Online,59941.17,3,4.0,179823.52,48601.53,34018.94,Retail,Card,No,4,2025
INV-03862,2025-04-25,Beverages,BE-070,تبریز,Pharmacy,78015.35,1,4.0,78015.35,62967.6,15047.75,Retail,Transfer,No,4,2025
INV-03863,2025-04-25,Snacks,SN-078,قم,Supermarket,52901.56,103,5.13,5448861.0,35091.16,1834471.7,Corporate,Cash,No,4,2025
INV-03864,2025-04-26,Beverages,BE-009,تهران,Supermarket,59948.0,5,17.57,299740.0,43986.15,79809.25,Retail,Transfer,Yes,4,2025
INV-03865,2025-04-26,Personal Care,PE-144,کرمانشاه,Supermarket,93765.61,64,5.2,6000999.13,68585.33,1611537.85,Corporate,Card,No,4,2025
INV-03866,2025-04-26,Beverages,BE-067,کرج,Wholesale,68000.25,43,9.31,2924010.85,56711.99,485395.44,Corporate,Transfer,Yes,4,2025
INV-03867,2025-04-26,Dairy,DA-041,رشت,Hypermarket,90791.65,36,1.12,3268499.47,68053.98,818556.1,Corporate,Transfer,No,4,2025
INV-03868,2025-04-26,Snacks,SN-083,شیراز,Hypermarket,64899.42,7,0.66,454295.96,50592.21,100150.49,Retail,POS,No,4,2025
INV-03869,2025-04-26,Personal Care,PE-040,قم,Supermarket,87286.03,6,5.35,523716.18,65121.17,132989.13,Retail,Card,No,4,2025
INV-03870,2025-04-26,Snacks,SN-016,مشهد,Wholesale,56914.39,6,16.14,341486.32,46027.05,65324.04,Retail,POS,Yes,4,2025
INV-03871,2025-04-27,Beverages,BE-109,کرمانشاه,Wholesale,68920.99,11,2.79,758130.86,53909.05,165131.29,Retail,Card,No,4,2025
INV-03872,2025-04-27,Dairy,DA-008,مشهد,Wholesale,102854.7,10,4.89,1028546.96,85230.09,176246.08,Retail,Transfer,No,4,2025
INV-03873,2025-04-27,Personal Care,PE-008,رشت,Online,88326.27,80,4.0,7066101.31,68352.96,1597864.26,Corporate,Card,No,4,2025
INV-03874,2025-04-27,Snacks,SN-032,تهران,Wholesale,55489.79,6,3.93,332938.75,43290.72,73194.44,Retail,Card,No,4,2025
INV-03875,2025-04-28,Personal Care,PE-035,قم,Wholesale,108100.88,31,3.85,3351127.35,90797.85,536394.09,Corporate,Cash,No,4,2025
INV-03876,2025-04-28,Dairy,DA-146,تبریز,Supermarket,80563.31,6,17.96,483379.86,56732.43,142985.3,Retail,Cash,Yes,4,2025
INV-03877,2025-04-28,Dairy,DA-140,تبریز,Hypermarket,114774.65,8,13.68,918197.18,85666.95,232861.62,Retail,POS,Yes,4,2025
INV-03878,2025-04-28,Snacks,SN-088,رشت,Online,53576.29,3,12.86,160728.87,41986.93,34768.07,Retail,Card,Yes,4,2025
INV-03879,2025-04-28,Personal Care,PE-133,اهواز,Wholesale,115038.41,84,1.14,9663226.19,98556.77,1384457.67,Corporate,Card,No,4,2025
INV-03880,2025-04-28,Dairy,DA-033,کرج,Wholesale,127940.82,12,0.55,1535289.78,104897.57,276518.95,Retail,POS,No,4,2025
INV-03881,2025-04-28,Snacks,SN-065,تهران,Wholesale,67656.66,7,5.51,473596.63,54726.18,90513.4,Retail,Transfer,No,4,2025
INV-03882,2025-04-29,Home Care,HO-104,اصفهان,Wholesale,65916.55,13,5.88,856915.16,52520.07,174154.19,Retail,Cash,No,4,2025
INV-03883,2025-04-29,Snacks,SN-066,تهران,Wholesale,61898.99,8,12.5,495191.9,48963.88,103480.83,Retail,Cash,Yes,4,2025
INV-03884,2025-04-30,Personal Care,PE-062,تهران,Hypermarket,87738.23,16,4.78,1403811.72,60399.2,437424.59,Corporate,Card,No,4,2025
INV-03885,2025-04-30,Beverages,BE-051,قم,Online,72447.25,42,3.99,3042784.49,52909.67,820578.33,Corporate,Cash,No,4,2025
INV-03886,2025-04-30,Home Care,HO-039,شیراز,Online,48494.67,88,4.0,4267530.76,38261.69,900502.46,Corporate,Cash,No,4,2025
INV-03887,2025-05-01,Home Care,HO-082,کرمانشاه,Pharmacy,50295.74,41,4.0,2062125.39,40309.56,409433.54,Corporate,Card,No,5,2025
INV-03888,2025-05-01,Home Care,HO-087,کرج,Supermarket,54682.59,11,3.01,601508.53,38700.04,175808.14,Retail,Transfer,No,5,2025
INV-03889,2025-05-01,Home Care,HO-144,تهران,Supermarket,59017.54,12,2.93,708210.46,39284.0,236802.51,Retail,Card,No,5,2025
INV-03890,2025-05-01,Dairy,DA-067,شیراز,Online,104655.72,9,9.55,941901.48,77102.14,247982.24,Retail,Cash,Yes,5,2025
INV-03891,2025-05-02,Personal Care,PE-039,اصفهان,Wholesale,105193.51,130,2.67,13675156.02,88953.54,2111195.21,Corporate,Card,No,5,2025
INV-03892,2025-05-02,Personal Care,PE-085,اهواز,Supermarket,98000.28,107,17.59,10486029.59,69586.41,3040284.16,Corporate,Card,Yes,5,2025
INV-03893,2025-05-02,Home Care,HO-015,کرج,Online,47823.74,9,4.0,430413.68,36289.34,103809.66,Retail,Transfer,No,5,2025
INV-03894,2025-05-02,Snacks,SN-024,کرمانشاه,Online,67289.04,9,6.28,605601.39,50910.48,147407.05,Retail,Cash,Yes,5,2025
INV-03895,2025-05-02,Snacks,SN-094,مشهد,Pharmacy,56541.8,4,17.01,226167.19,43983.57,50232.91,Retail,Card,Yes,5,2025
INV-03896,2025-05-02,Snacks,SN-113,کرمانشاه,Online,60727.26,4,4.0,242909.06,47169.75,54230.07,Retail,Card,No,5,2025
INV-03897,2025-05-02,Personal Care,PE-102,رشت,Wholesale,98353.59,10,8.13,983535.91,80328.26,180253.29,Retail,POS,Yes,5,2025
INV-03898,2025-05-03,Personal Care,PE-087,قم,Wholesale,116780.11,93,5.82,10860550.61,97906.93,1755205.67,Corporate,Transfer,No,5,2025
INV-03899,2025-05-03,Home Care,HO-084,اصفهان,Hypermarket,54736.95,3,2.72,164210.86,36810.15,53780.4,Retail,Transfer,No,5,2025
INV-03900,2025-05-03,Home Care,HO-096,اصفهان,Hypermarket,50838.28,5,4.9,254191.41,39535.59,56513.43,Retail,Card,No,5,2025
INV-03901,2025-05-03,Dairy,DA-124,قم,Wholesale,113682.5,14,2.04,1591554.93,90086.04,330350.42,Retail,Transfer,No,5,2025
INV-03902,2025-05-04,Dairy,DA-071,شیراز,Supermarket,97263.73,3,3.09,291791.19,68294.02,86909.12,Retail,POS,No,5,2025
INV-03903,2025-05-04,Dairy,DA-106,مشهد,Pharmacy,131763.2,6,4.0,790579.22,102796.64,173799.38,Retail,POS,No,5,2025
INV-03904,2025-05-04,Snacks,SN-006,اصفهان,Wholesale,63206.6,4,1.62,252826.4,52363.04,43374.22,Retail,Card,No,5,2025
INV-03905,2025-05-04,Home Care,HO-111,کرمانشاه,Supermarket,55230.02,110,0.26,6075302.45,41363.93,1525269.8,Corporate,Card,No,5,2025
INV-03906,2025-05-04,Personal Care,PE-040,شیراز,Online,108242.57,2,2.17,216485.14,88355.94,39773.27,Retail,Card,No,5,2025
INV-03907,2025-05-04,Personal Care,PE-050,کرمانشاه,Wholesale,100803.48,115,17.77,11592399.69,83247.13,2018980.01,Corporate,Transfer,Yes,5,2025
INV-03908,2025-05-05,Personal Care,PE-042,کرمانشاه,Supermarket,76610.02,7,4.49,536270.13,54574.81,154246.44,Retail,Card,No,5,2025
INV-03909,2025-05-05,Personal Care,PE-103,کرمانشاه,Supermarket,107952.4,117,16.34,12630430.66,77062.92,3614068.69,Corporate,Card,Yes,5,2025
INV-03910,2025-05-05,Beverages,BE-141,کرمانشاه,Online,62467.06,108,2.84,6746442.24,47938.91,1569040.15,Corporate,Card,No,5,2025
INV-03911,2025-05-05,Snacks,SN-118,شیراز,Supermarket,67448.4,10,1.69,674483.96,47717.59,197308.07,Retail,Transfer,No,5,2025
INV-03912,2025-05-05,Personal Care,PE-116,اهواز,Pharmacy,106769.85,9,2.74,960928.61,80923.58,232616.41,Retail,Transfer,No,5,2025
INV-03913,2025-05-05,Home Care,HO-146,شیراز,Online,59366.94,3,5.21,178100.83,44856.51,43531.3,Retail,Card,Yes,5,2025
INV-03914,2025-05-06,Dairy,DA-088,تبریز,Pharmacy,105852.48,2,4.0,211704.96,83191.83,45321.3,Retail,Card,No,5,2025
INV-03915,2025-05-06,Dairy,DA-058,کرمانشاه,Online,132091.87,9,9.37,1188826.86,100659.21,282893.98,Retail,Transfer,Yes,5,2025
INV-03916,2025-05-06,Home Care,HO-012,شیراز,Supermarket,53689.17,10,9.44,536891.75,36850.66,168385.12,Retail,Transfer,Yes,5,2025
INV-03917,2025-05-06,Beverages,BE-025,شیراز,Supermarket,69784.88,8,0.51,558279.07,47210.57,180594.54,Retail,Card,No,5,2025
INV-03918,2025-05-06,Dairy,DA-106,قم,Wholesale,126430.4,107,3.05,13528052.72,110696.22,1683557.16,Corporate,Card,No,5,2025
INV-03919,2025-05-07,Dairy,DA-007,کرج,Hypermarket,97319.69,115,1.22,11191764.39,66674.67,3524177.34,Corporate,Cash,No,5,2025
INV-03920,2025-05-07,Personal Care,PE-084,تهران,Supermarket,80473.48,10,5.45,804734.81,52532.49,279409.91,Retail,Card,No,5,2025
INV-03921,2025-05-07,Beverages,BE-019,کرمانشاه,Online,63742.78,83,22.0,5290650.63,49377.65,1192305.93,Corporate,Transfer,Yes,5,2025
INV-03922,2025-05-07,Beverages,BE-045,اصفهان,Hypermarket,46335.0,86,9.41,3984809.64,35612.25,922156.28,Corporate,Transfer,Yes,5,2025
INV-03923,2025-05-07,Home Care,HO-035,کرج,Hypermarket,56473.57,3,2.88,169420.7,42267.6,42617.89,Retail,Card,No,5,2025
INV-03924,2025-05-07,Dairy,DA-094,شیراز,Pharmacy,92707.6,53,0.54,4913502.77,72496.59,1071183.3,Corporate,Card,No,5,2025
INV-03925,2025-05-08,Home Care,HO-021,اهواز,Hypermarket,54896.65,9,2.0,494069.86,39502.06,138551.33,Retail,Card,No,5,2025
INV-03926,2025-05-08,Snacks,SN-097,تبریز,Hypermarket,59508.59,19,3.0,1130663.19,43086.55,312018.65,Corporate,Transfer,No,5,2025
INV-03927,2025-05-09,Dairy,DA-126,شیراز,Online,98736.37,3,6.6,296209.12,71285.74,82351.88,Retail,Cash,Yes,5,2025
INV-03928,2025-05-09,Personal Care,PE-006,کرج,Supermarket,113349.54,11,4.26,1246844.99,81706.0,348078.95,Retail,Transfer,No,5,2025
INV-03929,2025-05-09,Home Care,HO-108,شیراز,Wholesale,46197.14,1,15.81,46197.14,38647.85,7549.29,Retail,Cash,Yes,5,2025
INV-03930,2025-05-09,Beverages,BE-029,اصفهان,Hypermarket,66456.28,8,1.99,531650.28,50339.63,128933.27,Retail,Transfer,No,5,2025
INV-03931,2025-05-10,Personal Care,PE-059,اصفهان,Supermarket,82338.6,1,11.38,82338.6,55970.6,26368.0,Retail,Transfer,Yes,5,2025
INV-03932,2025-05-10,Home Care,HO-039,کرج,Hypermarket,62166.61,35,8.63,2175831.45,43025.24,669948.14,Corporate,Transfer,Yes,5,2025
INV-03933,2025-05-10,Personal Care,PE-015,کرج,Online,85355.49,1,4.0,85355.49,61979.39,23376.09,Retail,POS,No,5,2025
INV-03934,2025-05-10,Snacks,SN-017,تبریز,Supermarket,62961.61,11,2.2,692577.71,43169.93,217708.45,Retail,Transfer,No,5,2025
INV-03935,2025-05-11,Home Care,HO-098,قم,Pharmacy,65208.9,62,1.38,4042951.84,52135.27,810565.1,Corporate,Card,No,5,2025
INV-03936,2025-05-11,Beverages,BE-128,اهواز,Pharmacy,78097.32,5,3.44,390486.59,60157.11,89701.05,Retail,Card,No,5,2025
INV-03937,2025-05-12,Home Care,HO-120,کرمانشاه,Hypermarket,55073.0,11,1.59,605802.99,39228.03,174294.67,Retail,Card,No,5,2025
INV-03938,2025-05-12,Dairy,DA-005,کرج,Pharmacy,107885.94,8,4.0,863087.5,84858.64,184218.35,Retail,Cash,No,5,2025
INV-03939,2025-05-12,Dairy,DA-017,رشت,Pharmacy,118037.74,86,4.0,10151245.56,96546.87,1848214.65,Corporate,Card,No,5,2025
INV-03940,2025-05-12,Dairy,DA-068,تبریز,Hypermarket,118752.16,4,1.51,475008.63,83553.72,140793.75,Retail,Card,No,5,2025
INV-03941,2025-05-12,Personal Care,PE-108,قم,Supermarket,68807.3,12,3.99,825687.55,47363.02,257331.26,Retail,Transfer,No,5,2025
INV-03942,2025-05-12,Personal Care,PE-084,مشهد,Wholesale,111792.45,107,0.52,11961792.6,95333.13,1761147.45,Corporate,Card,No,5,2025
INV-03943,2025-05-13,Personal Care,PE-024,کرمانشاه,Wholesale,116712.26,23,5.45,2684382.09,94629.57,507901.94,Corporate,Cash,No,5,2025
INV-03944,2025-05-13,Personal Care,PE-041,تهران,Hypermarket,95303.33,10,2.71,953033.35,71223.54,240797.9,Retail,Card,No,5,2025
INV-03945,2025-05-13,Dairy,DA-024,کرمانشاه,Hypermarket,101485.54,35,5.3,3551993.74,71012.74,1066547.82,Corporate,Card,No,5,2025
INV-03946,2025-05-13,Home Care,HO-077,تبریز,Wholesale,43997.52,12,12.3,527970.29,34529.72,113613.6,Retail,Card,Yes,5,2025
INV-03947,2025-05-13,Dairy,DA-030,کرمانشاه,Pharmacy,122897.21,56,4.0,6882243.62,100152.63,1273696.3,Corporate,Card,No,5,2025
INV-03948,2025-05-13,Snacks,SN-130,تهران,Pharmacy,69524.31,84,1.79,5840042.0,52409.91,1437609.49,Corporate,Card,No,5,2025
INV-03949,2025-05-13,Dairy,DA-016,مشهد,Wholesale,125719.44,3,1.36,377158.33,102361.59,70073.56,Retail,Card,No,5,2025
INV-03950,2025-05-14,Dairy,DA-011,کرج,Hypermarket,100707.25,12,3.39,1208486.94,68503.63,386443.44,Retail,POS,No,5,2025
INV-03951,2025-05-14,Snacks,SN-129,اهواز,Wholesale,51663.82,5,3.97,258319.09,42826.57,44186.22,Retail,POS,No,5,2025
INV-03952,2025-05-15,Personal Care,PE-146,تهران,Supermarket,118069.02,7,4.48,826483.12,77745.13,282267.23,Retail,Transfer,No,5,2025
INV-03953,2025-05-16,Dairy,DA-020,اهواز,Hypermarket,112910.76,10,1.61,1129107.61,77301.1,356096.65,Retail,Transfer,No,5,2025
INV-03954,2025-05-16,Home Care,HO-091,تبریز,Wholesale,52479.49,14,2.21,734712.82,42889.27,134263.02,Retail,Transfer,No,5,2025
INV-03955,2025-05-16,Home Care,HO-138,کرمانشاه,Wholesale,49106.59,8,9.38,392852.71,41054.73,64414.88,Retail,Transfer,Yes,5,2025
INV-03956,2025-05-16,Dairy,DA-023,اصفهان,Online,119672.68,51,1.2,6103306.76,91382.05,1442822.22,Corporate,Card,No,5,2025
INV-03957,2025-05-17,Dairy,DA-131,شیراز,Online,87327.36,4,0.66,349309.42,71506.71,63282.6,Retail,Transfer,No,5,2025
INV-03958,2025-05-17,Dairy,DA-066,اصفهان,Supermarket,123569.69,6,3.36,741418.11,81109.29,254762.35,Retail,POS,No,5,2025
INV-03959,2025-05-17,Dairy,DA-023,شیراز,Pharmacy,120541.64,2,2.78,241083.28,101954.56,37174.16,Retail,POS,No,5,2025
INV-03960,2025-05-18,Snacks,SN-086,کرج,Pharmacy,64068.01,3,4.0,192204.04,51529.3,37616.14,Retail,Transfer,No,5,2025
INV-03961,2025-05-18,Dairy,DA-136,شیراز,Pharmacy,103067.82,7,2.02,721474.77,85957.72,119770.74,Retail,Transfer,No,5,2025
INV-03962,2025-05-18,Snacks,SN-132,تهران,Pharmacy,59178.61,3,4.0,177535.84,48821.66,31070.85,Retail,POS,No,5,2025
INV-03963,2025-05-18,Beverages,BE-039,مشهد,Wholesale,63091.8,9,3.89,567826.2,53773.9,83861.07,Retail,Card,No,5,2025
INV-03964,2025-05-18,Dairy,DA-115,اهواز,Supermarket,92212.57,5,3.52,461062.83,62109.31,150516.29,Retail,Card,No,5,2025
INV-03965,2025-05-19,Home Care,HO-145,تبریز,Online,57715.74,10,2.84,577157.39,46223.61,114921.32,Retail,Transfer,No,5,2025
INV-03966,2025-05-19,Personal Care,PE-067,قم,Hypermarket,101754.08,8,2.91,814032.6,70731.27,248182.46,Retail,Transfer,No,5,2025
INV-03967,2025-05-19,Home Care,HO-137,کرج,Supermarket,51757.76,7,5.7,362304.35,37432.29,100278.32,Retail,Card,No,5,2025
INV-03968,2025-05-19,Home Care,HO-028,تبریز,Pharmacy,50753.19,48,4.0,2436152.93,39777.61,526827.88,Corporate,Transfer,No,5,2025
INV-03969,2025-05-19,Snacks,SN-111,تبریز,Hypermarket,62621.64,2,0.31,125243.28,45860.32,33522.63,Retail,Cash,No,5,2025
INV-03970,2025-05-19,Snacks,SN-073,کرج,Online,46380.47,97,20.41,4498905.42,37034.27,906580.98,Corporate,Transfer,Yes,5,2025
INV-03971,2025-05-20,Snacks,SN-056,اهواز,Online,72597.71,95,1.69,6896782.6,57681.76,1417015.38,Corporate,Transfer,No,5,2025
INV-03972,2025-05-20,Snacks,SN-073,رشت,Pharmacy,54398.89,1,1.84,54398.89,43834.62,10564.26,Retail,Card,No,5,2025
INV-03973,2025-05-20,Home Care,HO-093,تهران,Pharmacy,44225.04,37,18.12,1636326.41,37021.91,266515.81,Corporate,Transfer,Yes,5,2025
INV-03974,2025-05-21,Personal Care,PE-123,تبریز,Supermarket,110038.87,7,5.59,770272.06,80075.54,209743.3,Retail,Transfer,No,5,2025
INV-03975,2025-05-21,Snacks,SN-116,شیراز,Supermarket,52045.65,2,13.79,104091.3,35895.05,32301.21,Retail,Cash,Yes,5,2025
INV-03976,2025-05-21,Dairy,DA-124,کرمانشاه,Online,92744.76,9,2.24,834702.83,68034.02,222396.68,Retail,Card,No,5,2025
INV-03977,2025-05-21,Home Care,HO-058,تهران,Online,52586.87,101,4.0,5311273.45,42768.03,991702.71,Corporate,Transfer,No,5,2025
INV-03978,2025-05-21,Personal Care,PE-007,اهواز,Hypermarket,69379.98,9,5.81,624419.85,46703.6,204087.45,Retail,POS,No,5,2025
INV-03979,2025-05-21,Home Care,HO-021,قم,Hypermarket,54957.83,10,9.0,549578.33,38683.34,162744.95,Corporate,Transfer,Yes,5,2025
INV-03980,2025-05-21,Home Care,HO-019,مشهد,Online,48323.23,26,15.75,1256404.06,37960.33,269435.4,Corporate,Transfer,Yes,5,2025
INV-03981,2025-05-21,Snacks,SN-011,مشهد,Pharmacy,72289.8,67,0.6,4843416.59,59261.04,872927.01,Corporate,Cash,No,5,2025
INV-03982,2025-05-22,Home Care,HO-050,کرج,Wholesale,49572.35,4,11.69,198289.38,40763.66,35234.75,Retail,Card,Yes,5,2025
INV-03983,2025-05-22,Home Care,HO-036,رشت,Online,46533.93,5,4.0,232669.64,36455.33,50392.99,Retail,Card,No,5,2025
INV-03984,2025-05-22,Personal Care,PE-004,تبریز,Hypermarket,101539.7,9,7.33,913857.34,70199.33,282063.38,Retail,Card,Yes,5,2025
INV-03985,2025-05-22,Beverages,BE-024,مشهد,Wholesale,65389.64,14,5.59,915454.89,53709.98,163515.21,Retail,Card,No,5,2025
INV-03986,2025-05-22,Home Care,HO-055,تبریز,Online,54939.1,56,1.49,3076589.7,42853.6,676788.01,Corporate,Cash,No,5,2025
INV-03987,2025-05-22,Home Care,HO-143,مشهد,Supermarket,43526.22,5,16.68,217631.1,32085.16,57205.3,Retail,Cash,Yes,5,2025
INV-03988,2025-05-23,Beverages,BE-058,کرمانشاه,Online,60713.27,3,2.28,182139.82,45791.63,44764.93,Retail,Transfer,No,5,2025
INV-03989,2025-05-23,Home Care,HO-109,شیراز,Pharmacy,49661.39,2,5.71,99322.79,38077.0,23168.78,Retail,Cash,Yes,5,2025
INV-03990,2025-05-23,Home Care,HO-044,تبریز,Supermarket,68915.36,4,3.87,275661.44,46634.26,89124.39,Retail,Transfer,No,5,2025
INV-03991,2025-05-23,Dairy,DA-074,اهواز,Hypermarket,109919.59,9,4.74,989276.31,84491.21,228855.43,Retail,Cash,No,5,2025
INV-03992,2025-05-24,Snacks,SN-127,مشهد,Wholesale,71661.82,13,3.39,931603.6,57590.33,182929.37,Retail,Transfer,No,5,2025
INV-03993,2025-05-24,Personal Care,PE-108,رشت,Supermarket,96093.24,10,4.24,960932.41,68903.77,271894.66,Retail,Cash,No,5,2025
INV-03994,2025-05-24,Beverages,BE-090,رشت,Wholesale,88929.87,8,0.01,711438.96,70805.22,144997.23,Retail,POS,No,5,2025
INV-03995,2025-05-24,Home Care,HO-029,کرمانشاه,Supermarket,60212.37,11,16.12,662336.03,41062.16,210652.29,Retail,Transfer,Yes,5,2025
INV-03996,2025-05-25,Home Care,HO-070,شیراز,Supermarket,48439.89,28,3.03,1356316.82,34202.46,398647.94,Corporate,POS,No,5,2025
INV-03997,2025-05-25,Home Care,HO-029,شیراز,Hypermarket,51387.35,119,5.74,6115094.63,36009.38,1829978.71,Corporate,Transfer,No,5,2025
INV-03998,2025-05-25,Personal Care,PE-044,تهران,Supermarket,85005.82,1,16.33,85005.82,60734.06,24271.76,Retail,POS,Yes,5,2025
INV-03999,2025-05-25,Snacks,SN-063,مشهد,Wholesale,77569.16,5,6.19,387845.79,67914.18,48274.89,Retail,Transfer,Yes,5,2025
INV-04000,2025-05-25,Dairy,DA-076,مشهد,Hypermarket,108703.32,52,3.17,5652572.44,78347.79,1578487.14,Corporate,Card,No,5,2025
INV-04001,2025-05-25,Dairy,DA-122,شیراز,Supermarket,93013.67,5,4.45,465068.37,64813.32,141001.78,Retail,Transfer,No,5,2025
INV-04002,2025-05-25,Dairy,DA-087,اهواز,Online,107223.8,1,1.2,107223.8,81792.73,25431.07,Retail,Card,No,5,2025
INV-04003,2025-05-25,Personal Care,PE-111,شیراز,Wholesale,88312.17,126,5.55,11127333.74,74836.02,1697995.0,Corporate,Card,No,5,2025
INV-04004,2025-05-25,Personal Care,PE-097,شیراز,Wholesale,105703.21,4,0.89,422812.83,91154.42,58195.15,Retail,Transfer,No,5,2025
INV-04005,2025-05-26,Home Care,HO-013,اصفهان,Hypermarket,47613.6,5,7.39,238068.0,35029.39,62921.06,Retail,Transfer,Yes,5,2025
INV-04006,2025-05-26,Personal Care,PE-055,رشت,Wholesale,95321.13,10,0.8,953211.3,82387.22,129339.14,Retail,Card,No,5,2025
INV-04007,2025-05-27,Dairy,DA-149,اصفهان,Online,104006.76,3,0.99,312020.28,77009.21,80992.67,Retail,Transfer,No,5,2025
INV-04008,2025-05-27,Personal Care,PE-078,کرج,Pharmacy,80635.36,1,1.23,80635.36,67072.14,13563.22,Retail,Card,No,5,2025
INV-04009,2025-05-27,Snacks,SN-070,اصفهان,Wholesale,59256.39,123,5.04,7288535.87,49123.11,1246393.53,Corporate,Card,No,5,2025
INV-04010,2025-05-27,Snacks,SN-140,تهران,Wholesale,67508.58,3,7.72,202525.74,58228.87,27839.12,Retail,Transfer,Yes,5,2025
INV-04011,2025-05-27,Dairy,DA-120,مشهد,Pharmacy,103182.27,9,13.57,928640.39,86389.75,151132.67,Retail,Cash,Yes,5,2025
INV-04012,2025-05-27,Snacks,SN-131,تهران,Supermarket,57577.3,2,4.91,115154.59,40105.35,34943.9,Retail,Cash,No,5,2025
INV-04013,2025-05-27,Snacks,SN-045,مشهد,Pharmacy,52714.52,3,15.95,158143.57,43074.54,28919.96,Retail,Transfer,Yes,5,2025
INV-04014,2025-05-27,Personal Care,PE-091,اهواز,Wholesale,96846.85,3,5.04,290540.56,81858.78,44964.23,Retail,Cash,No,5,2025
INV-04015,2025-05-27,Snacks,SN-099,کرمانشاه,Wholesale,68008.48,15,0.64,1020127.14,54697.38,199666.37,Retail,Cash,No,5,2025
INV-04016,2025-05-28,Snacks,SN-066,قم,Pharmacy,69336.2,9,1.24,624025.79,54390.55,134510.87,Retail,Cash,No,5,2025
INV-04017,2025-05-28,Snacks,SN-127,کرج,Wholesale,55319.13,11,4.8,608510.41,48568.41,74257.93,Retail,Transfer,No,5,2025
INV-04018,2025-05-28,Snacks,SN-097,اصفهان,Online,71452.55,59,3.76,4215700.24,53093.48,1083185.14,Corporate,Transfer,No,5,2025
INV-04019,2025-05-28,Personal Care,PE-054,تهران,Online,95806.27,9,4.0,862256.45,75661.78,181300.46,Retail,Card,No,5,2025
INV-04020,2025-05-28,Beverages,BE-049,مشهد,Supermarket,72834.6,6,3.87,437007.62,47869.87,149788.4,Retail,Card,No,5,2025
INV-04021,2025-05-28,Beverages,BE-024,کرمانشاه,Wholesale,56225.09,141,4.59,7927737.62,45982.25,1444240.13,Corporate,Transfer,No,5,2025
INV-04022,2025-05-29,Home Care,HO-046,تبریز,Wholesale,55085.55,12,6.27,661026.55,43403.96,140179.0,Retail,Card,Yes,5,2025
INV-04023,2025-05-29,Dairy,DA-076,مشهد,Hypermarket,97686.93,5,5.29,488434.67,75165.54,112606.95,Retail,Card,No,5,2025
INV-04024,2025-05-29,Dairy,DA-003,قم,Online,103795.62,8,4.0,830364.97,78048.97,205973.24,Retail,Card,No,5,2025
INV-04025,2025-05-29,Personal Care,PE-030,اصفهان,Wholesale,97254.04,11,3.65,1069794.42,82804.03,158950.14,Retail,Card,No,5,2025
INV-04026,2025-05-29,Home Care,HO-114,اهواز,Online,57366.21,4,3.65,229464.84,44981.58,49538.53,Retail,Card,No,5,2025
INV-04027,2025-05-29,Snacks,SN-047,اصفهان,Pharmacy,62363.22,81,1.74,5051420.45,51998.07,839576.59,Corporate,Card,No,5,2025
INV-04028,2025-05-29,Personal Care,PE-137,تهران,Wholesale,97457.09,1,4.33,97457.09,77146.96,20310.13,Retail,Card,No,5,2025
INV-04029,2025-05-29,Beverages,BE-037,قم,Online,72711.49,6,8.12,436268.96,53270.2,116647.73,Retail,Cash,Yes,5,2025
INV-04030,2025-05-29,Home Care,HO-149,رشت,Online,61085.23,7,4.0,427596.64,45523.47,108932.32,Retail,Card,No,5,2025
INV-04031,2025-05-29,Personal Care,PE-002,کرمانشاه,Pharmacy,105902.01,11,4.0,1164922.06,82670.78,255543.48,Corporate,Cash,No,5,2025
INV-04032,2025-05-30,Personal Care,PE-148,قم,Hypermarket,83176.2,1,2.42,83176.2,63506.03,19670.17,Retail,POS,No,5,2025
INV-04033,2025-05-31,Dairy,DA-137,مشهد,Online,113082.32,8,2.34,904658.54,90891.36,177527.68,Retail,POS,No,5,2025
INV-04034,2025-05-31,Snacks,SN-095,شیراز,Hypermarket,61409.01,3,2.63,184227.04,45606.62,47407.18,Retail,Transfer,No,5,2025
INV-04035,2025-05-31,Snacks,SN-091,رشت,Hypermarket,46923.3,5,16.66,234616.49,35181.71,58707.92,Retail,Card,Yes,5,2025
INV-04036,2025-06-01,Snacks,SN-093,کرج,Supermarket,46095.59,1,4.29,46095.59,33853.47,12242.11,Retail,Card,No,6,2025
INV-04037,2025-06-01,Personal Care,PE-117,اهواز,Wholesale,96734.11,13,3.2,1257543.49,83890.82,166962.89,Retail,Card,No,6,2025
INV-04038,2025-06-01,Beverages,BE-134,کرج,Wholesale,72895.39,134,5.09,9767982.14,62535.48,1388227.59,Corporate,Card,No,6,2025
INV-04039,2025-06-01,Beverages,BE-012,مشهد,Wholesale,69139.0,5,0.14,345694.98,55976.45,65812.72,Retail,Transfer,No,6,2025
INV-04040,2025-06-01,Snacks,SN-125,قم,Wholesale,65610.13,75,5.45,4920759.46,56878.22,654892.75,Corporate,Card,No,6,2025
INV-04041,2025-06-01,Beverages,BE-150,شیراز,Online,67774.91,79,1.83,5354217.96,49186.17,1468510.31,Corporate,Card,No,6,2025
INV-04042,2025-06-02,Personal Care,PE-126,تبریز,Supermarket,120354.59,3,1.62,361063.77,87679.46,98025.39,Retail,Card,No,6,2025
INV-04043,2025-06-02,Personal Care,PE-082,کرج,Pharmacy,107975.83,94,0.48,10149728.22,85042.35,2155747.14,Corporate,Transfer,No,6,2025
INV-04044,2025-06-02,Personal Care,PE-010,اصفهان,Supermarket,98826.26,67,0.45,6621359.09,69123.95,1990054.62,Corporate,Transfer,No,6,2025
INV-04045,2025-06-02,Dairy,DA-015,اصفهان,Supermarket,114249.77,1,0.05,114249.77,76615.59,37634.18,Retail,Card,No,6,2025
INV-04046,2025-06-03,Home Care,HO-120,رشت,Wholesale,51726.71,9,10.36,465540.35,43246.72,76319.9,Retail,Card,Yes,6,2025
INV-04047,2025-06-03,Home Care,HO-086,اهواز,Online,38313.55,10,13.94,383135.52,30321.28,79922.68,Retail,Card,Yes,6,2025
INV-04048,2025-06-03,Dairy,DA-039,اهواز,Hypermarket,107695.12,63,2.26,6784792.45,81755.65,1634186.71,Corporate,Card,No,6,2025
INV-04049,2025-06-04,Personal Care,PE-128,کرمانشاه,Supermarket,104191.06,87,1.94,9064621.93,69151.41,3048449.55,Corporate,Card,No,6,2025
INV-04050,2025-06-04,Dairy,DA-112,شیراز,Pharmacy,132229.2,6,2.82,793375.21,106147.44,156490.59,Retail,Transfer,No,6,2025
INV-04051,2025-06-04,Home Care,HO-139,قم,Online,55959.86,99,0.86,5540026.17,42370.13,1345383.62,Corporate,POS,No,6,2025
INV-04052,2025-06-04,Personal Care,PE-130,تبریز,Wholesale,97554.96,2,2.07,195109.92,84880.0,25349.92,Retail,Card,No,6,2025
INV-04053,2025-06-04,Home Care,HO-069,قم,Pharmacy,56311.37,5,6.99,281556.85,42718.11,67966.28,Retail,Card,Yes,6,2025
INV-04054,2025-06-04,Dairy,DA-110,تهران,Wholesale,103117.25,107,19.91,11033546.24,87643.54,1655687.23,Corporate,POS,Yes,6,2025
INV-04055,2025-06-04,Home Care,HO-049,تهران,Hypermarket,58280.2,12,2.07,699362.42,45136.83,157720.44,Retail,Transfer,No,6,2025
INV-04056,2025-06-05,Dairy,DA-011,تبریز,Supermarket,75200.42,2,1.4,150400.85,55453.59,39493.67,Retail,Card,No,6,2025
INV-04057,2025-06-05,Dairy,DA-106,رشت,Pharmacy,88282.81,5,17.96,441414.03,72886.68,76980.65,Retail,Card,Yes,6,2025
INV-04058,2025-06-05,Beverages,BE-051,شیراز,Online,63279.8,91,4.0,5758461.52,46776.59,1501792.22,Corporate,Card,No,6,2025
INV-04059,2025-06-05,Dairy,DA-045,شیراز,Pharmacy,97426.34,8,4.0,779410.73,78819.2,148857.11,Retail,Card,No,6,2025
INV-04060,2025-06-06,Home Care,HO-001,قم,Online,61394.61,3,5.01,184183.83,48259.01,39406.81,Retail,POS,Yes,6,2025
INV-04061,2025-06-07,Personal Care,PE-090,کرج,Pharmacy,109212.86,49,1.25,5351430.33,85021.94,1185355.2,Corporate,Cash,No,6,2025
INV-04062,2025-06-07,Beverages,BE-105,تبریز,Wholesale,54700.89,3,1.08,164102.67,45854.16,26540.19,Retail,Card,No,6,2025
INV-04063,2025-06-07,Personal Care,PE-136,اصفهان,Supermarket,100843.52,7,2.16,705904.61,73661.4,190274.78,Retail,POS,No,6,2025
INV-04064,2025-06-08,Snacks,SN-137,رشت,Online,68330.04,6,4.0,409980.25,52868.02,92772.15,Retail,POS,No,6,2025
INV-04065,2025-06-08,Personal Care,PE-015,کرج,Wholesale,109524.48,6,5.94,657146.86,89504.43,120120.25,Retail,Card,No,6,2025
INV-04066,2025-06-09,Snacks,SN-116,تهران,Pharmacy,69354.02,6,0.06,416124.12,57987.27,68200.48,Retail,Card,No,6,2025
INV-04067,2025-06-10,Personal Care,PE-132,تبریز,Wholesale,90114.44,3,10.71,270343.31,73762.33,49056.33,Retail,POS,Yes,6,2025
INV-04068,2025-06-10,Dairy,DA-024,تهران,Supermarket,89947.75,2,15.66,179895.5,66481.03,46933.44,Retail,Transfer,Yes,6,2025
INV-04069,2025-06-10,Dairy,DA-017,تهران,Wholesale,99874.06,10,3.41,998740.63,86142.9,137311.6,Retail,Card,No,6,2025
INV-04070,2025-06-11,Dairy,DA-063,اصفهان,Supermarket,103332.44,9,17.02,929991.97,69179.21,307379.06,Retail,Card,Yes,6,2025
INV-04071,2025-06-11,Personal Care,PE-138,تبریز,Pharmacy,85763.65,5,4.0,428818.23,71211.26,72761.93,Retail,Card,No,6,2025
INV-04072,2025-06-11,Personal Care,PE-148,اهواز,Online,91705.86,1,4.0,91705.86,72591.5,19114.36,Retail,Card,No,6,2025
INV-04073,2025-06-11,Beverages,BE-024,رشت,Pharmacy,82413.76,33,1.88,2719654.21,65856.93,546375.65,Corporate,Cash,No,6,2025
INV-04074,2025-06-12,Beverages,BE-076,شیراز,Wholesale,77879.35,2,3.02,155758.69,67304.71,21149.27,Retail,Transfer,No,6,2025
INV-04075,2025-06-13,Personal Care,PE-144,شیراز,Supermarket,104833.21,10,0.54,1048332.14,68309.49,365237.23,Retail,Transfer,No,6,2025
INV-04076,2025-06-13,Home Care,HO-091,اصفهان,Pharmacy,47667.15,1,1.2,47667.15,37164.7,10502.45,Retail,Cash,No,6,2025
INV-04077,2025-06-13,Beverages,BE-045,اهواز,Online,82306.76,5,0.32,411533.78,63548.1,93793.28,Retail,Card,No,6,2025
INV-04078,2025-06-13,Home Care,HO-081,اهواز,Wholesale,64433.17,73,4.22,4703621.54,53185.93,821048.95,Corporate,Card,No,6,2025
INV-04079,2025-06-13,Snacks,SN-106,تهران,Pharmacy,56841.58,2,15.12,113683.16,42774.59,28133.97,Retail,Card,Yes,6,2025
INV-04080,2025-06-13,Home Care,HO-126,کرمانشاه,Online,69323.03,2,0.33,138646.06,52922.56,32800.95,Retail,POS,No,6,2025
INV-04081,2025-06-14,Personal Care,PE-090,قم,Wholesale,65406.2,1,14.99,65406.2,56319.85,9086.34,Retail,Card,Yes,6,2025
INV-04082,2025-06-14,Dairy,DA-038,کرج,Hypermarket,126122.81,46,0.14,5801649.11,88310.0,1739389.11,Corporate,Cash,No,6,2025
INV-04083,2025-06-15,Personal Care,PE-081,اصفهان,Hypermarket,128467.52,5,2.03,642337.62,90921.39,187730.67,Retail,Cash,No,6,2025
INV-04084,2025-06-15,Beverages,BE-040,قم,Supermarket,62285.29,70,3.33,4359970.37,44071.3,1274979.32,Corporate,Transfer,No,6,2025
INV-04085,2025-06-15,Snacks,SN-019,کرمانشاه,Online,51844.65,72,4.0,3732815.07,38864.24,934589.67,Corporate,Card,No,6,2025
INV-04086,2025-06-15,Home Care,HO-038,تهران,Pharmacy,50809.66,3,4.0,152428.97,41532.89,27830.31,Retail,Card,No,6,2025
INV-04087,2025-06-16,Beverages,BE-052,کرج,Wholesale,57977.2,5,6.73,289886.02,49483.5,42468.52,Retail,Card,Yes,6,2025
INV-04088,2025-06-17,Beverages,BE-100,شیراز,Hypermarket,63246.81,28,5.66,1770910.56,47070.28,452942.59,Corporate,Transfer,No,6,2025
INV-04089,2025-06-17,Beverages,BE-017,اصفهان,Hypermarket,67914.86,114,3.24,7742293.93,48530.85,2209777.42,Corporate,Card,No,6,2025
INV-04090,2025-06-17,Personal Care,PE-048,رشت,Supermarket,99258.65,12,9.65,1191103.78,67862.47,376754.17,Retail,POS,Yes,6,2025
INV-04091,2025-06-17,Personal Care,PE-139,تهران,Pharmacy,92383.62,9,4.0,831452.61,72680.19,177330.86,Retail,Cash,No,6,2025
INV-04092,2025-06-18,Snacks,SN-134,اصفهان,Pharmacy,63655.78,9,4.0,572902.06,50894.87,114848.22,Retail,Card,No,6,2025
INV-04093,2025-06-18,Dairy,DA-134,تهران,Online,113545.82,70,2.6,7948207.74,89850.38,1658680.79,Corporate,Cash,No,6,2025
INV-04094,2025-06-19,Snacks,SN-014,تهران,Hypermarket,53141.96,6,17.19,318851.74,38517.51,87746.67,Retail,Card,Yes,6,2025
INV-04095,2025-06-19,Snacks,SN-131,رشت,Supermarket,59203.84,1,2.91,59203.84,42404.73,16799.11,Retail,Transfer,No,6,2025
INV-04096,2025-06-19,Beverages,BE-090,تهران,Online,64934.28,10,4.0,649342.82,50557.73,143765.48,Retail,Card,No,6,2025
INV-04097,2025-06-19,Dairy,DA-097,شیراز,Supermarket,107661.89,43,3.1,4629461.12,75964.8,1362974.57,Corporate,POS,No,6,2025
INV-04098,2025-06-20,Dairy,DA-109,اهواز,Supermarket,107803.88,3,2.92,323411.64,74662.82,99423.18,Retail,Transfer,No,6,2025
INV-04099,2025-06-20,Home Care,HO-115,کرمانشاه,Pharmacy,66442.61,71,2.56,4717425.57,52975.86,956139.77,Corporate,Card,No,6,2025
INV-04100,2025-06-20,Home Care,HO-027,کرمانشاه,Hypermarket,49100.94,4,3.9,196403.75,34461.45,58557.95,Retail,Card,No,6,2025
INV-04101,2025-06-20,Snacks,SN-052,قم,Pharmacy,46479.88,8,16.86,371839.05,35935.94,84351.51,Retail,Card,Yes,6,2025
INV-04102,2025-06-20,Snacks,SN-100,اصفهان,Supermarket,65140.45,5,4.4,325702.26,46291.67,94243.89,Retail,Card,No,6,2025
INV-04103,2025-06-21,Snacks,SN-026,رشت,Pharmacy,75209.59,8,1.76,601676.73,62367.2,102739.16,Retail,Transfer,No,6,2025
INV-04104,2025-06-21,Home Care,HO-052,کرمانشاه,Hypermarket,68412.49,121,4.49,8277911.1,51417.26,2056422.07,Corporate,Transfer,No,6,2025
INV-04105,2025-06-21,Beverages,BE-091,تبریز,Supermarket,62186.42,1,5.62,62186.42,42871.76,19314.66,Retail,Card,No,6,2025
INV-04106,2025-06-21,Dairy,DA-110,اصفهان,Hypermarket,113101.06,122,5.79,13798328.83,76454.02,4470938.27,Corporate,Transfer,No,6,2025
INV-04107,2025-06-22,Personal Care,PE-097,رشت,Online,85423.47,22,0.71,1879316.23,69759.09,344616.16,Corporate,Cash,No,6,2025
INV-04108,2025-06-22,Dairy,DA-146,رشت,Pharmacy,105385.88,6,3.28,632315.27,84882.97,123017.44,Retail,Transfer,No,6,2025
INV-04109,2025-06-22,Home Care,HO-088,کرمانشاه,Pharmacy,57282.97,1,2.26,57282.97,43710.89,13572.08,Retail,Transfer,No,6,2025
INV-04110,2025-06-22,Dairy,DA-058,رشت,Supermarket,100321.62,9,13.81,902894.56,66859.83,301156.07,Retail,Card,Yes,6,2025
INV-04111,2025-06-22,Home Care,HO-004,کرج,Supermarket,61452.93,2,3.02,122905.85,42917.38,37071.1,Retail,POS,No,6,2025
INV-04112,2025-06-23,Home Care,HO-047,کرج,Supermarket,47036.17,12,5.69,564434.02,34846.77,146272.75,Retail,Card,No,6,2025
INV-04113,2025-06-23,Snacks,SN-085,مشهد,Supermarket,67308.35,3,4.65,201925.04,48540.52,56303.49,Retail,Card,No,6,2025
INV-04114,2025-06-23,Snacks,SN-012,تبریز,Pharmacy,70475.16,3,0.01,211425.49,56149.84,42975.98,Retail,POS,No,6,2025
INV-04115,2025-06-24,Beverages,BE-084,تبریز,Pharmacy,79511.26,1,4.0,79511.26,66983.88,12527.38,Retail,Transfer,No,6,2025
INV-04116,2025-06-24,Home Care,HO-099,قم,Online,56679.52,10,4.0,566795.18,46288.7,103908.13,Retail,Transfer,No,6,2025
INV-04117,2025-06-24,Personal Care,PE-113,اصفهان,Wholesale,98241.4,7,5.19,687689.79,83704.53,101758.11,Retail,Transfer,No,6,2025
INV-04118,2025-06-24,Snacks,SN-120,اصفهان,Pharmacy,69059.33,85,4.0,5870043.08,52786.75,1383169.09,Corporate,Transfer,No,6,2025
INV-04119,2025-06-24,Personal Care,PE-113,قم,Online,96306.47,1,2.75,96306.47,73316.81,22989.67,Retail,Card,No,6,2025
INV-04120,2025-06-24,Snacks,SN-146,تبریز,Wholesale,61539.0,11,1.54,676928.95,51167.44,114087.06,Retail,Transfer,No,6,2025
INV-04121,2025-06-24,Beverages,BE-037,تهران,Supermarket,72149.66,7,4.47,505047.65,49601.66,157836.05,Retail,Cash,No,6,2025
INV-04122,2025-06-25,Beverages,BE-061,تهران,Online,62327.71,61,4.0,3801990.35,50746.59,706448.62,Corporate,Card,No,6,2025
INV-04123,2025-06-25,Snacks,SN-070,تهران,Online,65392.95,9,6.43,588536.53,50511.77,133930.56,Retail,Transfer,Yes,6,2025
INV-04124,2025-06-25,Dairy,DA-109,رشت,Wholesale,105018.59,95,4.4,9976766.45,83819.07,2013954.37,Corporate,Cash,No,6,2025
INV-04125,2025-06-25,Personal Care,PE-055,رشت,Wholesale,93616.48,29,0.04,2714878.04,82163.79,332128.1,Corporate,Card,No,6,2025
INV-04126,2025-06-25,Beverages,BE-126,شیراز,Wholesale,57552.77,12,1.61,690633.25,47993.89,114706.62,Retail,Transfer,No,6,2025
INV-04127,2025-06-25,Personal Care,PE-059,قم,Hypermarket,94507.33,11,6.25,1039580.6,73490.9,231180.7,Retail,Card,Yes,6,2025
INV-04128,2025-06-25,Beverages,BE-086,اهواز,Pharmacy,74709.98,41,0.0,3063109.3,63262.31,469354.54,Corporate,Card,No,6,2025
INV-04129,2025-06-25,Beverages,BE-032,شیراز,Hypermarket,60857.73,9,10.44,547719.55,45711.1,136319.61,Retail,Transfer,Yes,6,2025
INV-04130,2025-06-26,Personal Care,PE-138,تبریز,Supermarket,104584.57,6,13.22,627507.43,71002.24,201493.98,Retail,POS,Yes,6,2025
INV-04131,2025-06-26,Snacks,SN-091,شیراز,Hypermarket,62287.33,6,1.03,373723.98,41982.69,121827.83,Retail,Card,No,6,2025
INV-04132,2025-06-26,Personal Care,PE-040,تبریز,Pharmacy,102929.0,33,1.63,3396656.9,85439.82,577142.83,Corporate,Cash,No,6,2025
INV-04133,2025-06-26,Personal Care,PE-125,تهران,Hypermarket,94890.23,12,5.75,1138682.79,64956.65,359202.94,Retail,Transfer,No,6,2025
INV-04134,2025-06-27,Dairy,DA-102,اهواز,Pharmacy,95071.94,2,1.93,190143.88,77124.44,35895.0,Retail,Card,No,6,2025
INV-04135,2025-06-27,Beverages,BE-116,تهران,Wholesale,68731.4,52,2.02,3574032.91,58514.55,531276.51,Corporate,Transfer,No,6,2025
INV-04136,2025-06-27,Snacks,SN-084,مشهد,Wholesale,58195.14,12,15.04,698341.63,51160.03,84421.23,Retail,POS,Yes,6,2025
INV-04137,2025-06-28,Home Care,HO-055,رشت,Pharmacy,54906.59,1,3.84,54906.59,44657.87,10248.72,Retail,Cash,No,6,2025
INV-04138,2025-06-28,Personal Care,PE-024,اهواز,Pharmacy,94964.62,10,2.8,949646.19,78790.84,161737.75,Corporate,Transfer,No,6,2025
INV-04139,2025-06-28,Dairy,DA-021,کرج,Hypermarket,99466.04,8,4.11,795728.32,69493.54,239779.97,Retail,Card,No,6,2025
INV-04140,2025-06-28,Dairy,DA-076,اصفهان,Online,107227.9,8,4.0,857823.22,85600.16,173021.94,Retail,Cash,No,6,2025
INV-04141,2025-06-28,Snacks,SN-003,شیراز,Supermarket,71698.53,6,6.89,430191.17,48918.84,136678.14,Retail,Transfer,Yes,6,2025
INV-04142,2025-06-28,Personal Care,PE-068,اصفهان,Pharmacy,102071.73,5,0.43,510358.67,83196.89,94374.2,Retail,Card,No,6,2025
INV-04143,2025-06-29,Snacks,SN-072,اصفهان,Supermarket,67467.23,4,1.55,269868.92,45459.15,88032.33,Retail,Transfer,No,6,2025
INV-04144,2025-06-29,Home Care,HO-102,مشهد,Online,63797.78,2,4.0,127595.57,46245.88,35103.82,Retail,Transfer,No,6,2025
INV-04145,2025-06-29,Beverages,BE-090,رشت,Pharmacy,79162.51,72,1.83,5699700.65,60202.98,1365086.19,Corporate,Transfer,No,6,2025
INV-04146,2025-07-01,Snacks,SN-037,کرج,Hypermarket,52858.79,83,4.41,4387279.63,36666.52,1343958.17,Corporate,Cash,No,7,2025
INV-04147,2025-07-01,Snacks,SN-122,شیراز,Online,59583.44,106,12.27,6315844.37,46048.97,1434653.41,Corporate,Card,Yes,7,2025
INV-04148,2025-07-01,Snacks,SN-085,رشت,Hypermarket,70029.81,124,4.35,8683696.66,54041.79,1982514.14,Corporate,POS,No,7,2025
INV-04149,2025-07-01,Home Care,HO-015,تهران,Wholesale,48292.89,6,16.12,289757.35,38229.61,60379.67,Retail,Card,Yes,7,2025
INV-04150,2025-07-01,Dairy,DA-088,مشهد,Wholesale,117918.7,136,4.71,16036942.83,94884.64,3132632.43,Corporate,Cash,No,7,2025
INV-04151,2025-07-01,Snacks,SN-104,اصفهان,Wholesale,57777.81,32,16.78,1848889.82,47864.97,317210.92,Corporate,Transfer,Yes,7,2025
INV-04152,2025-07-01,Snacks,SN-080,اصفهان,Online,69159.84,5,1.97,345799.21,55484.86,68374.91,Retail,Cash,No,7,2025
INV-04153,2025-07-01,Beverages,BE-012,اصفهان,Pharmacy,60519.12,6,1.46,363114.73,46604.12,83489.99,Retail,POS,No,7,2025
INV-04154,2025-07-01,Beverages,BE-089,اهواز,Wholesale,68728.29,11,5.06,756011.14,54445.51,157110.48,Retail,Card,Yes,7,2025
INV-04155,2025-07-01,Snacks,SN-146,تبریز,Pharmacy,71910.14,1,4.0,71910.14,59428.19,12481.95,Retail,Cash,No,7,2025
INV-04156,2025-07-01,Snacks,SN-023,شیراز,Online,54228.8,11,20.24,596516.85,39132.67,166057.48,Corporate,Card,Yes,7,2025
INV-04157,2025-07-02,Beverages,BE-054,رشت,Online,67607.24,1,3.97,67607.24,51956.62,15650.61,Retail,Transfer,No,7,2025
INV-04158,2025-07-02,Home Care,HO-050,رشت,Hypermarket,51086.45,3,2.57,153259.34,39836.23,33750.64,Retail,Transfer,No,7,2025
INV-04159,2025-07-03,Home Care,HO-091,شیراز,Pharmacy,56070.54,5,9.06,280352.69,44844.54,56130.0,Retail,Card,Yes,7,2025
INV-04160,2025-07-03,Snacks,SN-103,تبریز,Supermarket,48877.95,6,4.31,293267.72,35506.67,80227.72,Retail,Card,No,7,2025
INV-04161,2025-07-03,Dairy,DA-027,تبریز,Online,102852.53,17,2.13,1748493.08,76620.96,445936.78,Corporate,Transfer,No,7,2025
INV-04162,2025-07-03,Beverages,BE-150,مشهد,Online,56891.44,35,20.83,1991200.4,45754.67,389787.06,Corporate,Card,Yes,7,2025
INV-04163,2025-07-03,Dairy,DA-012,تهران,Online,128650.64,85,3.1,10935304.56,96485.86,2734006.12,Corporate,Transfer,No,7,2025
INV-04164,2025-07-04,Home Care,HO-129,تبریز,Wholesale,59104.02,7,0.96,413728.12,46566.03,87765.91,Retail,Cash,No,7,2025
INV-04165,2025-07-04,Personal Care,PE-148,تبریز,Pharmacy,76841.72,28,20.28,2151568.09,58430.0,515528.11,Corporate,Card,Yes,7,2025
INV-04166,2025-07-04,Personal Care,PE-089,قم,Supermarket,82719.16,1,0.9,82719.16,54213.12,28506.03,Retail,POS,No,7,2025
INV-04167,2025-07-04,Personal Care,PE-072,شیراز,Supermarket,101214.73,62,10.66,6275313.16,72073.76,1806739.79,Corporate,POS,Yes,7,2025
INV-04168,2025-07-04,Dairy,DA-016,تبریز,Online,114114.4,1,4.0,114114.4,89912.06,24202.34,Retail,POS,No,7,2025
INV-04169,2025-07-04,Personal Care,PE-116,مشهد,Supermarket,104764.87,11,3.58,1152413.6,69170.7,391535.87,Retail,Card,No,7,2025
INV-04170,2025-07-05,Dairy,DA-091,اهواز,Pharmacy,133802.94,46,1.13,6154935.14,106396.63,1260690.35,Corporate,Transfer,No,7,2025
INV-04171,2025-07-05,Personal Care,PE-055,قم,Hypermarket,102765.93,67,0.53,6885317.47,79643.51,1549202.12,Corporate,Card,No,7,2025
INV-04172,2025-07-05,Personal Care,PE-060,اهواز,Pharmacy,109493.37,4,4.0,437973.48,89505.86,79950.03,Retail,Card,No,7,2025
INV-04173,2025-07-05,Beverages,BE-022,مشهد,Supermarket,69025.05,5,4.57,345125.24,45664.26,116803.92,Retail,Cash,No,7,2025
INV-04174,2025-07-05,Personal Care,PE-001,قم,Pharmacy,93859.89,1,1.89,93859.89,73913.46,19946.43,Retail,Card,No,7,2025
INV-04175,2025-07-06,Personal Care,PE-094,رشت,Online,118821.97,66,4.0,7842249.83,91271.9,1818304.61,Corporate,Cash,No,7,2025
INV-04176,2025-07-06,Dairy,DA-061,قم,Supermarket,91396.7,18,5.62,1645140.59,62981.17,511479.59,Corporate,Transfer,No,7,2025
INV-04177,2025-07-06,Dairy,DA-025,قم,Wholesale,110543.47,13,1.78,1437065.09,88172.89,290817.53,Retail,Transfer,No,7,2025
INV-04178,2025-07-06,Snacks,SN-090,قم,Pharmacy,54571.08,15,22.12,818566.15,42500.03,181065.72,Corporate,Card,Yes,7,2025
INV-04179,2025-07-06,Home Care,HO-142,قم,Pharmacy,44885.0,40,19.91,1795399.87,37804.57,283217.16,Corporate,Card,Yes,7,2025
INV-04180,2025-07-06,Home Care,HO-149,اهواز,Online,52389.04,8,2.92,419112.28,41201.73,89498.41,Retail,Transfer,No,7,2025
INV-04181,2025-07-07,Snacks,SN-111,اصفهان,Pharmacy,56521.57,5,15.03,282607.83,45015.08,57532.41,Retail,Card,Yes,7,2025
INV-04182,2025-07-07,Beverages,BE-138,اصفهان,Online,75516.05,78,3.18,5890251.58,59872.09,1220228.39,Corporate,Transfer,No,7,2025
INV-04183,2025-07-07,Personal Care,PE-104,کرمانشاه,Pharmacy,81649.22,6,4.0,489895.34,63034.53,111688.15,Retail,Cash,No,7,2025
INV-04184,2025-07-07,Home Care,HO-065,اصفهان,Online,55106.46,6,4.0,330638.78,44741.35,62190.67,Retail,Card,No,7,2025
INV-04185,2025-07-07,Snacks,SN-105,رشت,Supermarket,47931.29,3,13.02,143793.87,32667.08,45792.64,Retail,Transfer,Yes,7,2025
INV-04186,2025-07-08,Snacks,SN-094,شیراز,Hypermarket,60016.34,7,3.8,420114.41,43110.37,118341.79,Retail,Transfer,No,7,2025
INV-04187,2025-07-08,Personal Care,PE-090,قم,Supermarket,112041.77,89,2.8,9971717.4,78376.68,2996192.85,Corporate,Card,No,7,2025
INV-04188,2025-07-08,Beverages,BE-126,کرمانشاه,Wholesale,52186.1,2,5.42,104372.19,41545.84,21280.5,Retail,Transfer,No,7,2025
INV-04189,2025-07-08,Snacks,SN-078,رشت,Pharmacy,65155.77,43,4.0,2801698.01,50320.52,637915.82,Corporate,Cash,No,7,2025
INV-04190,2025-07-09,Home Care,HO-014,اصفهان,Hypermarket,58464.0,1,3.96,58464.0,44813.81,13650.2,Retail,Card,No,7,2025
INV-04191,2025-07-09,Personal Care,PE-098,تبریز,Hypermarket,81260.55,118,2.52,9588745.09,61919.58,2282234.64,Corporate,Transfer,No,7,2025
INV-04192,2025-07-09,Personal Care,PE-123,تهران,Online,106205.74,1,3.1,106205.74,83828.06,22377.68,Retail,Card,No,7,2025
INV-04193,2025-07-09,Beverages,BE-136,اصفهان,Supermarket,73386.55,6,3.44,440319.33,50992.54,134364.06,Retail,Cash,No,7,2025
INV-04194,2025-07-10,Snacks,SN-146,تهران,Supermarket,49683.99,3,4.53,149051.96,36505.97,39534.03,Retail,Transfer,No,7,2025
INV-04195,2025-07-10,Snacks,SN-011,مشهد,Supermarket,61781.31,7,4.78,432469.15,45184.73,116176.02,Retail,Card,No,7,2025
INV-04196,2025-07-10,Snacks,SN-035,اصفهان,Hypermarket,80446.25,6,0.95,482677.49,58854.17,129552.46,Retail,Cash,No,7,2025
INV-04197,2025-07-10,Dairy,DA-095,اصفهان,Hypermarket,92611.36,4,5.26,370445.45,65673.74,107750.47,Retail,Card,No,7,2025
INV-04198,2025-07-10,Snacks,SN-014,شیراز,Supermarket,59026.19,77,5.29,4545016.92,43507.82,1194914.43,Corporate,Transfer,No,7,2025
INV-04199,2025-07-10,Beverages,BE-109,تبریز,Online,69559.04,4,4.0,278236.16,51179.58,73517.86,Retail,Transfer,No,7,2025
INV-04200,2025-07-10,Home Care,HO-150,کرج,Supermarket,60103.03,59,9.99,3546078.71,40501.74,1156476.18,Corporate,Card,Yes,7,2025
INV-04201,2025-07-11,Dairy,DA-090,تبریز,Wholesale,108283.34,135,1.03,14618250.72,93758.35,1960873.7,Corporate,Cash,No,7,2025
INV-04202,2025-07-11,Dairy,DA-076,اصفهان,Supermarket,104255.58,10,1.74,1042555.8,70725.57,335300.12,Retail,Cash,No,7,2025
INV-04203,2025-07-11,Home Care,HO-081,رشت,Wholesale,64675.87,6,2.01,388055.23,52353.97,73931.4,Retail,Cash,No,7,2025
INV-04204,2025-07-12,Dairy,DA-009,اهواز,Hypermarket,95527.3,4,0.69,382109.19,71974.0,94213.17,Retail,Card,No,7,2025
INV-04205,2025-07-12,Beverages,BE-031,رشت,Online,52118.82,42,18.54,2188990.45,40537.18,486428.98,Corporate,Card,Yes,7,2025
INV-04206,2025-07-12,Dairy,DA-112,اهواز,Online,118245.0,6,4.0,709470.03,96076.67,133010.01,Retail,Card,No,7,2025
INV-04207,2025-07-12,Personal Care,PE-065,اصفهان,Online,71449.23,7,4.0,500144.64,52311.22,133966.11,Retail,POS,No,7,2025
INV-04208,2025-07-12,Snacks,SN-036,کرج,Supermarket,45171.85,19,1.33,858265.24,30450.89,279698.24,Corporate,Card,No,7,2025
INV-04209,2025-07-12,Home Care,HO-066,اهواز,Pharmacy,58841.7,3,0.91,176525.1,44318.44,43569.77,Retail,Transfer,No,7,2025
INV-04210,2025-07-13,Beverages,BE-016,کرج,Pharmacy,50150.69,2,6.91,100301.37,41070.81,18159.76,Retail,Card,Yes,7,2025
INV-04211,2025-07-13,Home Care,HO-115,اهواز,Supermarket,44470.36,85,1.46,3779980.32,29007.94,1314305.38,Corporate,Card,No,7,2025
INV-04212,2025-07-13,Personal Care,PE-013,تهران,Wholesale,114786.08,140,3.3,16070051.63,94278.94,2870999.51,Corporate,Card,No,7,2025
INV-04213,2025-07-14,Home Care,HO-003,کرج,Online,56215.14,1,0.14,56215.14,42439.27,13775.86,Retail,Card,No,7,2025
INV-04214,2025-07-14,Beverages,BE-024,مشهد,Wholesale,51837.29,11,4.87,570210.23,40809.59,121304.79,Retail,Card,No,7,2025
INV-04215,2025-07-14,Snacks,SN-020,تهران,Hypermarket,69442.0,108,3.82,7499735.8,53566.33,1714572.35,Corporate,Card,No,7,2025
INV-04216,2025-07-14,Snacks,SN-081,کرمانشاه,Pharmacy,56052.16,62,3.94,3475233.82,44690.48,704424.28,Corporate,Card,No,7,2025
INV-04217,2025-07-14,Personal Care,PE-054,اصفهان,Wholesale,68047.38,13,3.82,884615.92,54170.53,180398.98,Retail,Cash,No,7,2025
INV-04218,2025-07-15,Beverages,BE-002,قم,Wholesale,58461.78,12,6.0,701541.33,47570.1,130700.09,Retail,Transfer,Yes,7,2025
INV-04219,2025-07-15,Personal Care,PE-005,قم,Online,95767.22,10,3.71,957672.22,73872.16,218950.61,Retail,Cash,No,7,2025
INV-04220,2025-07-15,Home Care,HO-130,کرمانشاه,Pharmacy,51839.64,83,15.51,4302690.08,41871.5,827355.37,Corporate,Card,Yes,7,2025
INV-04221,2025-07-15,Dairy,DA-086,اصفهان,Hypermarket,75832.09,52,9.65,3943268.46,57470.26,954814.72,Corporate,Cash,Yes,7,2025
INV-04222,2025-07-15,Personal Care,PE-067,شیراز,Online,98287.54,6,6.6,589725.24,74135.61,144911.6,Retail,Transfer,Yes,7,2025
INV-04223,2025-07-15,Beverages,BE-110,رشت,Supermarket,57267.74,11,5.93,629945.14,40236.95,187338.68,Retail,Card,No,7,2025
INV-04224,2025-07-16,Dairy,DA-124,اصفهان,Online,122992.33,7,1.07,860946.34,89349.34,235500.98,Retail,Transfer,No,7,2025
INV-04225,2025-07-16,Home Care,HO-122,رشت,Wholesale,63044.63,5,3.59,315223.17,49607.98,67183.26,Retail,Cash,No,7,2025
INV-04226,2025-07-16,Dairy,DA-144,اصفهان,Wholesale,110380.77,96,3.5,10596554.22,92995.9,1668947.8,Corporate,POS,No,7,2025
INV-04227,2025-07-16,Dairy,DA-090,شیراز,Pharmacy,152371.47,5,4.0,761857.35,115322.03,185247.19,Retail,Transfer,No,7,2025
INV-04228,2025-07-16,Snacks,SN-030,شیراز,Pharmacy,60027.21,8,4.0,480217.67,48455.16,92576.42,Retail,Card,No,7,2025
INV-04229,2025-07-16,Beverages,BE-047,مشهد,Hypermarket,61607.9,12,13.67,739294.76,46354.37,183042.37,Retail,Transfer,Yes,7,2025
INV-04230,2025-07-17,Home Care,HO-100,کرج,Online,49362.04,9,3.34,444258.36,39769.55,86332.41,Retail,Card,No,7,2025
INV-04231,2025-07-17,Home Care,HO-129,کرمانشاه,Pharmacy,58107.37,4,1.2,232429.46,47792.23,41260.53,Retail,Transfer,No,7,2025
INV-04232,2025-07-17,Beverages,BE-016,تبریز,Wholesale,72591.15,102,0.71,7404297.29,58336.41,1453983.04,Corporate,Card,No,7,2025
INV-04233,2025-07-17,Beverages,BE-106,مشهد,Online,69439.76,2,1.83,138879.51,51428.75,36022.02,Retail,Transfer,No,7,2025
INV-04234,2025-07-17,Home Care,HO-052,اهواز,Pharmacy,63899.93,45,4.0,2875496.65,49650.63,641218.25,Corporate,Transfer,No,7,2025
INV-04235,2025-07-18,Dairy,DA-121,اهواز,Wholesale,114327.06,7,3.38,800289.42,91020.33,163147.13,Retail,Card,No,7,2025
INV-04236,2025-07-18,Snacks,SN-114,اهواز,Hypermarket,69878.45,1,13.97,69878.45,49874.35,20004.1,Retail,Card,Yes,7,2025
INV-04237,2025-07-18,Dairy,DA-097,مشهد,Wholesale,102259.71,156,21.84,15952515.32,83136.66,2983195.71,Corporate,Transfer,Yes,7,2025
INV-04238,2025-07-18,Beverages,BE-082,اهواز,Pharmacy,76656.08,32,1.31,2452994.43,59713.48,542162.93,Corporate,Card,No,7,2025
INV-04239,2025-07-18,Dairy,DA-054,مشهد,Wholesale,120627.19,10,3.39,1206271.91,95909.32,247178.69,Retail,POS,No,7,2025
INV-04240,2025-07-19,Dairy,DA-014,اهواز,Wholesale,97726.84,5,1.91,488634.2,78542.61,95921.17,Retail,Card,No,7,2025
INV-04241,2025-07-19,Snacks,SN-123,تبریز,Wholesale,54468.49,6,3.94,326810.92,47332.87,42813.71,Retail,Cash,No,7,2025
INV-04242,2025-07-19,Beverages,BE-137,اصفهان,Online,59394.36,3,4.0,178183.09,45236.72,42472.94,Retail,Transfer,No,7,2025
INV-04243,2025-07-19,Home Care,HO-022,کرمانشاه,Hypermarket,67417.88,10,0.98,674178.77,52447.72,149701.61,Retail,Transfer,No,7,2025
INV-04244,2025-07-19,Personal Care,PE-080,رشت,Online,108163.21,59,0.18,6381629.66,79405.84,1696685.17,Corporate,Card,No,7,2025
INV-04245,2025-07-19,Dairy,DA-105,کرج,Online,101761.4,33,0.94,3358126.28,75201.48,876477.39,Corporate,Card,No,7,2025
INV-04246,2025-07-19,Personal Care,PE-026,اهواز,Hypermarket,107059.78,56,2.51,5995347.8,71935.57,1966956.01,Corporate,Transfer,No,7,2025
INV-04247,2025-07-20,Home Care,HO-021,اهواز,Hypermarket,39953.84,9,17.63,359584.58,30037.19,89249.9,Retail,Cash,Yes,7,2025
INV-04248,2025-07-20,Beverages,BE-070,تبریز,Wholesale,73985.29,4,2.36,295941.18,57772.99,64849.2,Retail,Transfer,No,7,2025
INV-04249,2025-07-20,Dairy,DA-088,کرمانشاه,Online,87722.1,98,14.12,8596765.87,67226.49,2008570.13,Corporate,POS,Yes,7,2025
INV-04250,2025-07-20,Dairy,DA-055,کرج,Wholesale,101543.84,13,1.15,1320069.98,88435.47,170408.92,Retail,Transfer,No,7,2025
INV-04251,2025-07-20,Personal Care,PE-128,کرمانشاه,Hypermarket,105919.5,2,3.09,211839.0,74387.7,63063.61,Retail,Cash,No,7,2025
INV-04252,2025-07-21,Home Care,HO-020,اصفهان,Hypermarket,52447.64,9,11.63,472028.75,36401.63,144414.12,Retail,Cash,Yes,7,2025
INV-04253,2025-07-21,Dairy,DA-113,کرج,Online,115415.34,5,3.48,577076.72,89649.63,128828.57,Retail,Transfer,No,7,2025
INV-04254,2025-07-21,Dairy,DA-140,اهواز,Supermarket,129365.97,8,2.55,1034927.76,94313.49,280419.8,Retail,Card,No,7,2025
INV-04255,2025-07-21,Snacks,SN-046,قم,Hypermarket,57405.38,6,3.53,344432.27,40176.84,103371.24,Retail,Transfer,No,7,2025
INV-04256,2025-07-21,Beverages,BE-108,شیراز,Wholesale,64733.85,8,2.77,517870.8,54329.78,83232.58,Retail,Cash,No,7,2025
INV-04257,2025-07-21,Personal Care,PE-092,مشهد,Wholesale,93723.52,55,5.18,5154793.41,79874.92,761672.91,Corporate,Card,No,7,2025
INV-04258,2025-07-21,Home Care,HO-090,تهران,Online,39190.11,2,11.01,78380.22,31708.21,14963.8,Retail,Transfer,Yes,7,2025
INV-04259,2025-07-21,Dairy,DA-064,تبریز,Wholesale,83862.67,67,14.15,5618798.63,71164.65,850767.11,Corporate,Cash,Yes,7,2025
INV-04260,2025-07-21,Dairy,DA-110,رشت,Pharmacy,97529.27,1,5.04,97529.27,75840.32,21688.96,Retail,Transfer,Yes,7,2025
INV-04261,2025-07-21,Dairy,DA-080,تبریز,Wholesale,110300.16,79,2.68,8713712.3,90217.94,1586494.66,Corporate,Transfer,No,7,2025
INV-04262,2025-07-21,Dairy,DA-032,رشت,Online,102685.54,9,2.22,924169.9,79175.64,211589.15,Retail,Card,No,7,2025
INV-04263,2025-07-22,Personal Care,PE-042,کرمانشاه,Online,94136.19,44,16.45,4141992.5,74770.41,852094.52,Corporate,Card,Yes,7,2025
INV-04264,2025-07-22,Dairy,DA-021,اهواز,Hypermarket,119546.42,85,0.69,10161445.4,93172.51,2241782.34,Corporate,Card,No,7,2025
INV-04265,2025-07-22,Home Care,HO-049,کرمانشاه,Pharmacy,61791.18,3,2.86,185373.55,50503.06,33864.38,Retail,Card,No,7,2025
INV-04266,2025-07-22,Personal Care,PE-040,کرج,Supermarket,105904.17,5,1.07,529520.86,72081.02,169115.77,Retail,Transfer,No,7,2025
INV-04267,2025-07-22,Home Care,HO-091,قم,Hypermarket,35373.78,2,12.4,70747.56,24450.34,21846.87,Retail,Card,Yes,7,2025
INV-04268,2025-07-22,Snacks,SN-019,کرج,Supermarket,52646.19,80,0.43,4211694.95,37355.11,1223286.27,Corporate,Card,No,7,2025
INV-04269,2025-07-22,Personal Care,PE-101,اهواز,Pharmacy,104029.37,7,0.83,728205.6,87334.26,116865.77,Retail,Transfer,No,7,2025
INV-04270,2025-07-22,Home Care,HO-123,مشهد,Pharmacy,56959.84,67,2.01,3816309.5,44064.75,863971.24,Corporate,Cash,No,7,2025
INV-04271,2025-07-23,Snacks,SN-087,تهران,Hypermarket,58444.29,9,5.88,525998.57,45582.66,115754.6,Retail,Transfer,No,7,2025
INV-04272,2025-07-23,Beverages,BE-138,مشهد,Supermarket,73971.49,8,1.45,591771.93,48975.48,199968.12,Retail,Transfer,No,7,2025
INV-04273,2025-07-23,Dairy,DA-044,اهواز,Hypermarket,95903.85,101,8.91,9686289.35,69760.97,2640431.35,Corporate,Transfer,Yes,7,2025
INV-04274,2025-07-24,Personal Care,PE-068,تهران,Hypermarket,77820.77,25,20.32,1945519.34,56265.16,538890.35,Corporate,Card,Yes,7,2025
INV-04275,2025-07-24,Beverages,BE-122,کرمانشاه,Pharmacy,51013.82,5,15.2,255069.09,41868.55,45726.36,Retail,Cash,Yes,7,2025
INV-04276,2025-07-24,Home Care,HO-006,شیراز,Hypermarket,44779.07,126,10.66,5642163.3,31528.93,1669517.73,Corporate,Card,Yes,7,2025
INV-04277,2025-07-24,Dairy,DA-137,قم,Wholesale,110644.48,12,0.55,1327733.71,96796.24,166178.87,Retail,Cash,No,7,2025
INV-04278,2025-07-24,Personal Care,PE-024,اهواز,Online,99488.15,1,2.49,99488.15,79669.82,19818.33,Retail,Card,No,7,2025
INV-04279,2025-07-24,Personal Care,PE-107,اصفهان,Online,91407.49,18,1.75,1645334.88,67323.91,433504.44,Corporate,POS,No,7,2025
INV-04280,2025-07-25,Home Care,HO-069,شیراز,Supermarket,51319.01,12,2.67,615828.15,34633.0,200232.13,Retail,Transfer,No,7,2025
INV-04281,2025-07-25,Personal Care,PE-120,اهواز,Wholesale,111357.7,13,0.03,1447650.16,95254.22,209345.28,Retail,POS,No,7,2025
INV-04282,2025-07-25,Snacks,SN-052,شیراز,Supermarket,65745.33,5,5.02,328726.64,44418.58,106633.73,Retail,Transfer,No,7,2025
INV-04283,2025-07-25,Beverages,BE-020,کرج,Wholesale,64564.61,3,5.54,193693.83,56076.18,25465.29,Retail,Card,No,7,2025
INV-04284,2025-07-25,Dairy,DA-041,اهواز,Wholesale,96426.45,147,2.8,14174688.18,82822.11,1999837.6,Corporate,Card,No,7,2025
INV-04285,2025-07-26,Snacks,SN-057,تهران,Supermarket,64276.41,11,2.45,707040.56,42275.98,242004.73,Retail,POS,No,7,2025
INV-04286,2025-07-26,Dairy,DA-009,رشت,Pharmacy,94175.97,10,4.0,941759.7,75188.0,189879.74,Corporate,Cash,No,7,2025
INV-04287,2025-07-26,Snacks,SN-095,اصفهان,Supermarket,53603.54,78,2.24,4181076.06,38171.71,1203682.31,Corporate,Transfer,No,7,2025
INV-04288,2025-07-26,Dairy,DA-137,اصفهان,Pharmacy,107671.86,35,3.8,3768515.23,90395.06,604688.18,Corporate,POS,No,7,2025
INV-04289,2025-07-26,Dairy,DA-014,شیراز,Online,105772.09,4,6.29,423088.35,83107.66,90657.7,Retail,Card,Yes,7,2025
INV-04290,2025-07-26,Beverages,BE-080,رشت,Supermarket,54158.64,3,15.39,162475.93,39385.25,44320.19,Retail,Cash,Yes,7,2025
INV-04291,2025-07-26,Dairy,DA-093,کرمانشاه,Wholesale,107981.32,10,14.36,1079813.25,89372.69,186086.33,Retail,Cash,Yes,7,2025
INV-04292,2025-07-27,Snacks,SN-139,قم,Online,63606.06,1,17.4,63606.06,51420.04,12186.02,Retail,Cash,Yes,7,2025
INV-04293,2025-07-27,Dairy,DA-106,اهواز,Pharmacy,96351.68,5,4.0,481758.39,77094.5,96285.88,Retail,Transfer,No,7,2025
INV-04294,2025-07-27,Beverages,BE-067,اصفهان,Pharmacy,73314.55,64,2.13,4692130.89,59375.92,892072.02,Corporate,Transfer,No,7,2025
INV-04295,2025-07-27,Dairy,DA-067,قم,Supermarket,123086.84,7,4.75,861607.86,86191.6,258266.67,Retail,POS,No,7,2025
INV-04296,2025-07-27,Home Care,HO-114,تبریز,Wholesale,47681.02,9,4.72,429129.16,39279.18,75616.55,Retail,Cash,No,7,2025
INV-04297,2025-07-28,Beverages,BE-115,اصفهان,Online,66084.6,33,2.03,2180791.92,49371.88,551519.8,Corporate,Transfer,No,7,2025
INV-04298,2025-07-28,Home Care,HO-112,قم,Supermarket,65133.68,86,0.19,5601496.22,45597.95,1680072.76,Corporate,Cash,No,7,2025
INV-04299,2025-07-28,Dairy,DA-002,مشهد,Pharmacy,109082.74,2,4.0,218165.48,90549.38,37066.71,Retail,Transfer,No,7,2025
INV-04300,2025-07-29,Home Care,HO-074,کرمانشاه,Online,56649.86,1,1.71,56649.86,42037.0,14612.86,Retail,Transfer,No,7,2025
INV-04301,2025-07-29,Personal Care,PE-035,کرج,Hypermarket,87665.32,93,4.46,8152874.38,62878.52,2305172.31,Corporate,POS,No,7,2025
INV-04302,2025-07-29,Personal Care,PE-133,رشت,Online,92537.44,19,4.0,1758211.36,75066.01,331957.15,Corporate,Transfer,No,7,2025
INV-04303,2025-07-29,Home Care,HO-069,تبریز,Online,50858.95,5,4.0,254294.76,36693.52,70827.17,Retail,Transfer,No,7,2025
INV-04304,2025-07-30,Dairy,DA-004,قم,Wholesale,99966.09,13,8.23,1299559.16,81437.3,240874.28,Retail,Transfer,Yes,7,2025
INV-04305,2025-07-30,Personal Care,PE-106,کرمانشاه,Online,80045.53,20,24.8,1600910.52,61427.49,372360.79,Corporate,Card,Yes,7,2025
INV-04306,2025-07-30,Home Care,HO-116,اصفهان,Hypermarket,44178.97,1,7.41,44178.97,30814.17,13364.8,Retail,Transfer,Yes,7,2025
INV-04307,2025-07-31,Personal Care,PE-079,اهواز,Hypermarket,97300.84,12,0.39,1167610.06,75084.09,266600.94,Retail,POS,No,7,2025
INV-04308,2025-07-31,Snacks,SN-146,کرمانشاه,Online,52858.3,102,4.0,5391546.17,42183.85,1088793.16,Corporate,Transfer,No,7,2025
INV-04309,2025-07-31,Personal Care,PE-025,قم,Online,110871.14,46,1.9,5100072.6,82951.62,1284297.93,Corporate,Card,No,7,2025
INV-04310,2025-07-31,Beverages,BE-092,اهواز,Online,58423.84,28,4.0,1635867.64,46257.8,340649.26,Corporate,Transfer,No,7,2025
INV-04311,2025-07-31,Dairy,DA-054,مشهد,Online,101721.3,42,0.12,4272294.67,76851.09,1044548.82,Corporate,Card,No,7,2025
INV-04312,2025-07-31,Beverages,BE-097,تهران,Wholesale,77507.17,33,0.89,2557736.64,62056.78,509862.8,Corporate,Card,No,7,2025
INV-04313,2025-07-31,Beverages,BE-100,اصفهان,Wholesale,57816.55,1,8.66,57816.55,45257.38,12559.17,Retail,Card,Yes,7,2025
INV-04314,2025-08-01,Home Care,HO-094,مشهد,Online,63872.02,5,2.19,319360.09,47342.49,82647.65,Retail,Cash,No,8,2025
INV-04315,2025-08-01,Home Care,HO-025,اهواز,Supermarket,56334.64,1,5.17,56334.64,39775.47,16559.16,Retail,Transfer,No,8,2025
INV-04316,2025-08-01,Snacks,SN-139,کرج,Pharmacy,50811.7,8,4.0,406493.58,41116.55,77561.15,Retail,Card,No,8,2025
INV-04317,2025-08-01,Snacks,SN-098,اهواز,Online,80970.99,1,1.76,80970.99,65076.91,15894.08,Retail,POS,No,8,2025
INV-04318,2025-08-01,Home Care,HO-096,تبریز,Supermarket,56652.41,67,14.3,3795711.71,39569.13,1144579.78,Corporate,Cash,Yes,8,2025
INV-04319,2025-08-01,Personal Care,PE-052,مشهد,Supermarket,71572.69,3,4.95,214718.08,52013.31,58678.14,Retail,Transfer,No,8,2025
INV-04320,2025-08-01,Dairy,DA-040,رشت,Hypermarket,123762.49,10,0.31,1237624.9,92761.17,310013.25,Retail,Card,No,8,2025
INV-04321,2025-08-01,Beverages,BE-071,شیراز,Supermarket,62993.03,2,0.54,125986.07,45590.67,34804.72,Retail,POS,No,8,2025
INV-04322,2025-08-02,Personal Care,PE-010,رشت,Online,97793.0,4,2.55,391172.02,76974.05,83275.82,Retail,POS,No,8,2025
INV-04323,2025-08-02,Beverages,BE-135,تبریز,Supermarket,76428.86,9,2.91,687859.78,52504.95,215315.21,Retail,Card,No,8,2025
INV-04324,2025-08-03,Beverages,BE-009,تهران,Wholesale,73872.81,2,5.84,147745.63,64240.75,19264.13,Retail,Cash,No,8,2025
INV-04325,2025-08-03,Home Care,HO-119,کرمانشاه,Supermarket,58461.98,6,3.41,350771.89,41526.1,101615.28,Retail,Card,No,8,2025
INV-04326,2025-08-03,Snacks,SN-038,رشت,Supermarket,54480.61,47,5.06,2560588.44,36154.71,861317.27,Corporate,Card,No,8,2025
INV-04327,2025-08-03,Dairy,DA-051,قم,Supermarket,104553.43,12,4.2,1254641.16,77708.99,322133.25,Retail,Cash,No,8,2025
INV-04328,2025-08-03,Beverages,BE-063,تهران,Pharmacy,80941.31,2,0.04,161882.61,65068.43,31745.75,Retail,Transfer,No,8,2025
INV-04329,2025-08-04,Dairy,DA-103,کرج,Wholesale,86229.62,93,18.66,8019354.44,71305.27,1387964.71,Corporate,Transfer,Yes,8,2025
INV-04330,2025-08-04,Personal Care,PE-030,تهران,Pharmacy,89123.46,78,4.0,6951630.23,75639.37,1051758.99,Corporate,Cash,No,8,2025
INV-04331,2025-08-04,Dairy,DA-123,اصفهان,Hypermarket,107929.57,2,5.55,215859.14,79441.1,56976.94,Retail,Cash,No,8,2025
INV-04332,2025-08-04,Dairy,DA-106,کرمانشاه,Hypermarket,103810.54,8,3.78,830484.31,77165.13,213163.25,Retail,Card,No,8,2025
INV-04333,2025-08-05,Home Care,HO-074,شیراز,Hypermarket,47138.77,51,5.22,2404077.33,34028.55,668621.05,Corporate,POS,No,8,2025
INV-04334,2025-08-05,Dairy,DA-123,تهران,Hypermarket,71257.12,125,22.15,8907139.65,48313.71,2867925.83,Corporate,Transfer,Yes,8,2025
INV-04335,2025-08-05,Home Care,HO-003,کرمانشاه,Supermarket,43489.57,18,4.27,782812.23,29345.28,254597.11,Corporate,Transfer,No,8,2025
INV-04336,2025-08-05,Personal Care,PE-045,رشت,Wholesale,125385.1,14,1.82,1755391.41,100038.31,354855.04,Retail,POS,No,8,2025
INV-04337,2025-08-05,Home Care,HO-115,مشهد,Supermarket,64638.48,12,5.28,775661.71,45281.2,232287.27,Retail,Card,No,8,2025
INV-04338,2025-08-05,Snacks,SN-040,اصفهان,Hypermarket,58547.36,72,0.99,4215410.08,39928.84,1340533.72,Corporate,Transfer,No,8,2025
INV-04339,2025-08-06,Personal Care,PE-124,اصفهان,Supermarket,95818.15,7,2.21,670727.02,66087.96,208111.3,Retail,Transfer,No,8,2025
INV-04340,2025-08-06,Beverages,BE-085,شیراز,Hypermarket,68874.77,5,3.86,344373.84,49903.46,94856.55,Retail,Card,No,8,2025
INV-04341,2025-08-06,Dairy,DA-042,رشت,Wholesale,72781.07,14,12.41,1018934.98,59142.81,190935.64,Corporate,POS,Yes,8,2025
INV-04342,2025-08-07,Dairy,DA-015,اصفهان,Pharmacy,107344.83,6,6.85,644068.96,84235.35,138656.87,Retail,Cash,Yes,8,2025
INV-04343,2025-08-07,Home Care,HO-044,اصفهان,Online,44406.63,8,16.12,355253.07,35515.09,71132.36,Retail,Card,Yes,8,2025
INV-04344,2025-08-07,Personal Care,PE-113,قم,Online,110612.65,36,9.46,3982055.29,85721.42,896084.1,Corporate,POS,Yes,8,2025
INV-04345,2025-08-08,Snacks,SN-127,شیراز,Wholesale,55176.79,7,5.21,386237.53,45564.61,67285.24,Retail,POS,No,8,2025
INV-04346,2025-08-08,Personal Care,PE-082,اهواز,Pharmacy,102041.44,9,11.56,918373.0,84361.29,159121.35,Retail,Card,Yes,8,2025
INV-04347,2025-08-08,Home Care,HO-035,قم,Online,53207.22,9,0.68,478865.0,42503.4,96334.43,Retail,Card,No,8,2025
INV-04348,2025-08-08,Snacks,SN-098,تبریز,Online,60920.82,4,4.0,243683.27,45267.62,62612.81,Retail,Transfer,No,8,2025
INV-04349,2025-08-08,Personal Care,PE-010,مشهد,Pharmacy,100334.47,3,0.18,301003.42,84522.89,47434.75,Retail,Card,No,8,2025
INV-04350,2025-08-08,Beverages,BE-009,مشهد,Hypermarket,63559.42,1,10.11,63559.42,47328.82,16230.6,Retail,Card,Yes,8,2025
INV-04351,2025-08-09,Dairy,DA-097,اصفهان,Supermarket,102510.5,2,3.64,205021.01,70011.09,64998.82,Retail,Cash,No,8,2025
INV-04352,2025-08-09,Personal Care,PE-098,کرج,Wholesale,120732.08,6,0.99,724392.49,101002.72,118376.17,Retail,Card,No,8,2025
INV-04353,2025-08-09,Beverages,BE-100,کرج,Online,71447.95,4,1.12,285791.8,56533.66,59657.18,Retail,POS,No,8,2025
INV-04354,2025-08-10,Beverages,BE-057,مشهد,Supermarket,66868.67,105,5.16,7021210.75,43609.6,2442202.84,Corporate,Cash,No,8,2025
INV-04355,2025-08-10,Dairy,DA-107,رشت,Wholesale,88141.97,4,2.17,352567.9,74729.03,53651.78,Retail,POS,No,8,2025
INV-04356,2025-08-10,Personal Care,PE-054,تهران,Supermarket,108427.51,18,2.55,1951695.2,73489.47,628884.67,Corporate,POS,No,8,2025
INV-04357,2025-08-12,Beverages,BE-009,مشهد,Hypermarket,70879.56,120,1.01,8505546.84,52638.6,2188914.96,Corporate,Cash,No,8,2025
INV-04358,2025-08-12,Beverages,BE-091,تهران,Wholesale,63966.88,7,16.93,447768.13,56167.63,54594.75,Retail,Transfer,Yes,8,2025
INV-04359,2025-08-12,Home Care,HO-004,کرمانشاه,Online,50653.96,5,4.0,253269.8,40954.54,48497.09,Retail,Card,No,8,2025
INV-04360,2025-08-12,Personal Care,PE-037,شیراز,Pharmacy,108914.88,7,2.53,762404.16,89184.55,138112.32,Retail,Transfer,No,8,2025
INV-04361,2025-08-13,Home Care,HO-132,اهواز,Hypermarket,52489.01,12,2.05,629868.1,35617.95,202452.66,Retail,Cash,No,8,2025
INV-04362,2025-08-13,Beverages,BE-012,قم,Supermarket,65688.26,1,6.13,65688.26,47229.96,18458.3,Retail,Transfer,Yes,8,2025
INV-04363,2025-08-14,Personal Care,PE-007,رشت,Wholesale,111384.34,3,3.45,334153.01,94019.65,52094.06,Retail,Cash,No,8,2025
INV-04364,2025-08-14,Personal Care,PE-058,اهواز,Hypermarket,86431.78,4,10.73,345727.12,65031.17,85602.44,Retail,Cash,Yes,8,2025
INV-04365,2025-08-14,Snacks,SN-052,مشهد,Wholesale,59434.15,13,17.59,772644.0,47814.79,151051.78,Retail,Transfer,Yes,8,2025
INV-04366,2025-08-14,Personal Care,PE-099,قم,Wholesale,102205.88,40,5.63,4088235.19,85305.01,676034.89,Corporate,Cash,No,8,2025
INV-04367,2025-08-14,Beverages,BE-136,کرج,Pharmacy,73152.18,84,0.02,6144782.71,61956.98,940396.06,Corporate,Transfer,No,8,2025
INV-04368,2025-08-14,Snacks,SN-144,شیراز,Online,58115.99,35,10.73,2034059.52,44910.28,462199.58,Corporate,Transfer,Yes,8,2025
INV-04369,2025-08-14,Dairy,DA-073,تبریز,Pharmacy,124072.92,3,1.98,372218.77,101692.09,67142.52,Retail,Card,No,8,2025
INV-04370,2025-08-14,Dairy,DA-097,رشت,Pharmacy,100715.6,5,2.9,503578.0,80085.4,103151.02,Retail,POS,No,8,2025
INV-04371,2025-08-15,Snacks,SN-079,قم,Wholesale,56014.45,153,5.17,8570210.76,47127.48,1359706.08,Corporate,Transfer,No,8,2025
INV-04372,2025-08-16,Personal Care,PE-114,کرج,Wholesale,89692.42,14,17.49,1255693.93,78222.81,160574.58,Retail,Card,Yes,8,2025
INV-04373,2025-08-16,Snacks,SN-059,مشهد,Hypermarket,72995.84,5,3.51,364979.19,52816.92,100894.6,Retail,Card,No,8,2025
INV-04374,2025-08-16,Personal Care,PE-042,کرج,Online,108611.19,52,1.26,5647782.0,78573.57,1561956.34,Corporate,Transfer,No,8,2025
INV-04375,2025-08-16,Dairy,DA-052,قم,Wholesale,122824.73,8,0.2,982597.85,99230.56,188753.39,Retail,POS,No,8,2025
INV-04376,2025-08-16,Beverages,BE-056,اصفهان,Online,70939.56,8,2.92,567516.48,54041.4,135185.31,Retail,Cash,No,8,2025
INV-04377,2025-08-17,Home Care,HO-082,کرمانشاه,Online,58271.93,9,4.0,524447.33,42221.73,144451.75,Retail,Card,No,8,2025
INV-04378,2025-08-17,Beverages,BE-027,مشهد,Supermarket,55986.5,12,0.72,671838.02,41300.6,176230.88,Retail,Card,No,8,2025
INV-04379,2025-08-17,Dairy,DA-030,تهران,Wholesale,138045.53,4,1.9,552182.12,114790.94,93018.35,Retail,Cash,No,8,2025
INV-04380,2025-08-17,Snacks,SN-091,مشهد,Online,59517.85,4,1.59,238071.39,46184.65,53332.78,Retail,Cash,No,8,2025
INV-04381,2025-08-17,Personal Care,PE-138,اهواز,Pharmacy,96668.48,51,20.84,4930092.71,79518.55,874646.53,Corporate,Card,Yes,8,2025
INV-04382,2025-08-18,Personal Care,PE-118,کرج,Pharmacy,85813.36,65,17.41,5577868.48,65149.79,1343131.86,Corporate,Cash,Yes,8,2025
INV-04383,2025-08-18,Personal Care,PE-006,رشت,Online,94953.59,9,0.22,854582.29,72974.98,197807.51,Retail,Card,No,8,2025
INV-04384,2025-08-18,Dairy,DA-016,کرج,Online,96601.4,6,4.0,579608.38,75112.69,128932.23,Retail,Card,No,8,2025
INV-04385,2025-08-19,Dairy,DA-031,قم,Wholesale,143717.74,13,4.46,1868330.62,121932.02,283214.41,Retail,Transfer,No,8,2025
INV-04386,2025-08-20,Home Care,HO-077,کرمانشاه,Supermarket,59757.13,1,1.39,59757.13,39456.21,20300.92,Retail,POS,No,8,2025
INV-04387,2025-08-20,Dairy,DA-032,تهران,Online,112622.49,4,2.2,450489.96,84348.97,113094.1,Retail,Cash,No,8,2025
INV-04388,2025-08-20,Personal Care,PE-023,اصفهان,Online,95366.56,3,4.0,286099.69,71696.55,71010.03,Retail,Transfer,No,8,2025
INV-04389,2025-08-20,Snacks,SN-078,اصفهان,Wholesale,65242.92,1,0.44,65242.92,52617.33,12625.59,Retail,POS,No,8,2025
INV-04390,2025-08-21,Home Care,HO-148,رشت,Hypermarket,55039.55,51,1.92,2807016.87,40456.55,743732.91,Corporate,Transfer,No,8,2025
INV-04391,2025-08-21,Snacks,SN-140,تهران,Supermarket,60937.98,10,3.64,609379.75,42473.5,184644.73,Retail,Card,No,8,2025
INV-04392,2025-08-21,Snacks,SN-028,قم,Hypermarket,67167.11,78,1.08,5239034.63,49755.84,1358079.0,Corporate,Card,No,8,2025
INV-04393,2025-08-21,Beverages,BE-109,کرمانشاه,Supermarket,84111.72,2,2.02,168223.45,60512.98,47197.48,Retail,Transfer,No,8,2025
INV-04394,2025-08-21,Personal Care,PE-110,اصفهان,Hypermarket,104973.93,7,0.65,734817.54,73482.07,220443.04,Retail,Card,No,8,2025
INV-04395,2025-08-21,Personal Care,PE-111,تبریز,Supermarket,97111.25,93,2.62,9031346.59,67785.32,2727312.15,Corporate,Transfer,No,8,2025
INV-04396,2025-08-21,Dairy,DA-026,اصفهان,Wholesale,110863.12,13,5.24,1441220.59,93206.24,229539.51,Retail,Card,No,8,2025
INV-04397,2025-08-22,Personal Care,PE-046,کرمانشاه,Wholesale,81904.37,5,1.17,409521.87,71620.27,51420.51,Retail,Card,No,8,2025
INV-04398,2025-08-22,Snacks,SN-127,اصفهان,Hypermarket,66400.61,5,1.87,332003.03,51711.28,73446.63,Retail,POS,No,8,2025
INV-04399,2025-08-23,Beverages,BE-010,تهران,Online,64137.86,2,0.37,128275.73,48154.52,31966.7,Retail,Card,No,8,2025
INV-04400,2025-08-23,Snacks,SN-137,مشهد,Supermarket,67410.32,2,4.49,134820.64,48310.14,38200.36,Retail,Card,No,8,2025
INV-04401,2025-08-23,Home Care,HO-125,اصفهان,Online,52949.02,5,2.5,264745.09,39018.07,69654.73,Retail,Card,No,8,2025
INV-04402,2025-08-23,Home Care,HO-003,تهران,Pharmacy,59499.77,6,2.81,356998.61,46487.29,78074.84,Retail,Transfer,No,8,2025
INV-04403,2025-08-23,Beverages,BE-057,کرج,Supermarket,57831.45,8,4.61,462651.62,40605.12,137810.69,Retail,Card,No,8,2025
INV-04404,2025-08-23,Home Care,HO-117,کرج,Pharmacy,64281.3,7,2.82,449969.09,51811.41,87289.2,Retail,Transfer,No,8,2025
INV-04405,2025-08-24,Home Care,HO-037,اصفهان,Supermarket,55881.5,8,1.3,447052.0,37406.38,147800.98,Retail,Transfer,No,8,2025
INV-04406,2025-08-24,Dairy,DA-053,کرمانشاه,Online,102954.01,6,4.0,617724.07,84261.26,112156.49,Retail,Card,No,8,2025
INV-04407,2025-08-24,Snacks,SN-124,مشهد,Online,70568.86,8,2.54,564550.85,56860.0,109670.88,Retail,POS,No,8,2025
INV-04408,2025-08-24,Home Care,HO-147,اهواز,Wholesale,55077.85,12,5.69,660934.18,47842.37,86825.75,Retail,Card,Yes,8,2025
INV-04409,2025-08-25,Snacks,SN-003,قم,Online,68258.26,10,4.0,682582.58,49338.01,189202.47,Retail,Transfer,No,8,2025
INV-04410,2025-08-25,Beverages,BE-007,کرمانشاه,Pharmacy,52818.45,8,4.0,422547.61,44692.92,65004.22,Retail,Card,No,8,2025
INV-04411,2025-08-26,Snacks,SN-135,شیراز,Wholesale,49270.13,132,23.36,6503657.41,40578.86,1147248.55,Corporate,Transfer,Yes,8,2025
INV-04412,2025-08-26,Beverages,BE-021,مشهد,Wholesale,66674.98,144,5.58,9601196.55,56658.2,1442415.63,Corporate,Card,No,8,2025
INV-04413,2025-08-26,Dairy,DA-095,اصفهان,Hypermarket,86659.87,10,5.79,866598.71,61229.34,254305.34,Retail,Transfer,No,8,2025
INV-04414,2025-08-27,Dairy,DA-038,اهواز,Supermarket,117286.81,48,0.67,5629766.75,80841.84,1749358.3,Corporate,Transfer,No,8,2025
INV-04415,2025-08-27,Home Care,HO-001,رشت,Wholesale,65910.04,152,1.74,10018325.97,57330.24,1304129.52,Corporate,Card,No,8,2025
INV-04416,2025-08-27,Personal Care,PE-087,اهواز,Pharmacy,84004.34,8,12.5,672034.71,70311.51,109542.65,Retail,Cash,Yes,8,2025
INV-04417,2025-08-28,Beverages,BE-003,شیراز,Pharmacy,65873.99,4,4.0,263495.97,51541.56,57329.73,Retail,Card,No,8,2025
INV-04418,2025-08-28,Beverages,BE-069,اهواز,Hypermarket,68404.98,6,5.09,410429.88,52311.13,96563.08,Retail,Card,No,8,2025
INV-04419,2025-08-29,Personal Care,PE-110,شیراز,Pharmacy,108809.76,4,2.67,435239.05,92467.75,65368.06,Retail,Cash,No,8,2025
INV-04420,2025-08-29,Snacks,SN-124,کرمانشاه,Online,68518.62,10,2.86,685186.2,54311.56,142070.59,Retail,Card,No,8,2025
INV-04421,2025-08-29,Home Care,HO-003,کرج,Wholesale,51699.0,15,1.38,775484.99,43710.36,119829.53,Corporate,Card,No,8,2025
INV-04422,2025-08-29,Snacks,SN-077,قم,Supermarket,62788.61,6,1.32,376731.66,41539.11,127496.98,Retail,Cash,No,8,2025
INV-04423,2025-08-29,Personal Care,PE-124,کرمانشاه,Wholesale,90439.74,1,4.99,90439.74,71930.83,18508.91,Retail,Transfer,No,8,2025
INV-04424,2025-08-30,Personal Care,PE-070,کرج,Online,114274.03,56,0.37,6399345.86,88676.86,1433441.8,Corporate,Cash,No,8,2025
INV-04425,2025-08-30,Snacks,SN-072,کرج,Online,76475.76,6,2.17,458854.55,55785.08,124144.04,Retail,Card,No,8,2025
INV-04426,2025-08-30,Dairy,DA-097,اهواز,Wholesale,118766.38,14,4.35,1662729.37,93236.45,357419.04,Retail,Cash,No,8,2025
INV-04427,2025-08-31,Dairy,DA-013,رشت,Wholesale,106633.64,101,4.8,10769997.74,85238.15,2160944.45,Corporate,Transfer,No,8,2025
INV-04428,2025-08-31,Beverages,BE-120,مشهد,Online,65667.91,6,5.91,394007.48,51223.87,86664.28,Retail,Transfer,Yes,8,2025
INV-04429,2025-08-31,Beverages,BE-093,رشت,Hypermarket,79555.39,8,1.8,636443.12,57564.86,175924.21,Retail,Transfer,No,8,2025
INV-04430,2025-08-31,Personal Care,PE-097,تهران,Pharmacy,94292.18,8,4.0,754337.45,70969.65,186580.26,Retail,Cash,No,8,2025
INV-04431,2025-08-31,Dairy,DA-117,رشت,Wholesale,105424.1,42,4.65,4427812.1,91986.8,564366.68,Corporate,Card,No,8,2025
INV-04432,2025-08-31,Dairy,DA-118,تبریز,Online,118094.42,1,9.54,118094.42,93311.64,24782.79,Retail,Cash,Yes,8,2025
INV-04433,2025-09-01,Home Care,HO-116,تهران,Hypermarket,50826.39,7,3.64,355784.76,35754.36,105504.26,Retail,Card,No,9,2025
INV-04434,2025-09-01,Personal Care,PE-003,شیراز,Pharmacy,106606.45,6,2.2,639638.71,90068.56,99227.35,Retail,Transfer,No,9,2025
INV-04435,2025-09-01,Dairy,DA-146,تبریز,Wholesale,114478.18,8,5.17,915825.45,91038.34,187518.72,Retail,Transfer,No,9,2025
INV-04436,2025-09-02,Personal Care,PE-018,کرمانشاه,Hypermarket,77912.05,99,24.03,7713293.02,57630.13,2007910.2,Corporate,Transfer,Yes,9,2025
INV-04437,2025-09-02,Beverages,BE-124,تبریز,Online,37341.15,4,14.46,149364.6,29031.61,33238.15,Retail,Card,Yes,9,2025
INV-04438,2025-09-02,Beverages,BE-115,مشهد,Online,50398.62,3,4.0,151195.85,38743.13,34966.46,Retail,Cash,No,9,2025
INV-04439,2025-09-02,Dairy,DA-018,تبریز,Online,139883.03,1,0.92,139883.03,111321.57,28561.46,Retail,Cash,No,9,2025
INV-04440,2025-09-02,Personal Care,PE-134,کرج,Pharmacy,94211.74,48,0.85,4522163.61,71750.64,1078133.12,Corporate,Card,No,9,2025
INV-04441,2025-09-03,Home Care,HO-099,کرمانشاه,Pharmacy,44892.28,52,18.96,2334398.55,36316.81,445924.31,Corporate,Transfer,Yes,9,2025
INV-04442,2025-09-03,Beverages,BE-025,قم,Supermarket,63804.64,12,4.62,765655.72,43966.82,238053.85,Retail,Transfer,No,9,2025
INV-04443,2025-09-04,Snacks,SN-018,شیراز,Wholesale,56761.73,40,12.07,2270469.02,45041.99,468789.38,Corporate,Transfer,Yes,9,2025
INV-04444,2025-09-04,Snacks,SN-088,قم,Wholesale,45873.7,10,12.22,458736.97,39416.84,64568.59,Retail,Transfer,Yes,9,2025
INV-04445,2025-09-04,Home Care,HO-087,رشت,Supermarket,54147.01,3,13.62,162441.04,38835.79,45933.66,Retail,Card,Yes,9,2025
INV-04446,2025-09-04,Personal Care,PE-076,کرمانشاه,Hypermarket,84461.38,7,17.72,591229.65,57414.82,189325.9,Retail,Transfer,Yes,9,2025
INV-04447,2025-09-05,Dairy,DA-056,اهواز,Wholesale,107706.51,5,1.51,538532.56,86541.65,105824.31,Retail,POS,No,9,2025
INV-04448,2025-09-05,Personal Care,PE-015,تهران,Supermarket,79695.56,119,5.76,9483772.23,58585.23,2512129.54,Corporate,POS,No,9,2025
INV-04449,2025-09-05,Snacks,SN-147,اهواز,Online,62245.79,85,2.46,5290892.31,48788.06,1143907.31,Corporate,Transfer,No,9,2025
INV-04450,2025-09-05,Personal Care,PE-095,اصفهان,Pharmacy,93209.2,3,4.0,279627.6,75191.89,54051.93,Retail,Transfer,No,9,2025
INV-04451,2025-09-05,Home Care,HO-110,اهواز,Wholesale,50108.68,9,4.33,450978.13,41561.86,76921.38,Retail,Card,No,9,2025
INV-04452,2025-09-05,Home Care,HO-078,کرج,Hypermarket,59783.5,14,2.21,836969.05,45935.33,193874.43,Corporate,POS,No,9,2025
INV-04453,2025-09-06,Home Care,HO-058,اهواز,Wholesale,51788.2,11,5.91,569670.2,40512.54,124032.22,Retail,Card,No,9,2025
INV-04454,2025-09-06,Home Care,HO-108,کرمانشاه,Online,62567.3,88,1.17,5505921.99,46554.24,1409149.04,Corporate,Card,No,9,2025
INV-04455,2025-09-06,Snacks,SN-076,کرمانشاه,Online,61112.32,81,3.22,4950097.94,48377.84,1031493.19,Corporate,Card,No,9,2025
INV-04456,2025-09-07,Snacks,SN-023,کرمانشاه,Hypermarket,69711.44,10,2.58,697114.44,53354.05,163573.91,Retail,POS,No,9,2025
INV-04457,2025-09-07,Beverages,BE-001,کرمانشاه,Wholesale,76905.25,15,1.49,1153578.8,64884.44,180312.17,Retail,Card,No,9,2025
INV-04458,2025-09-07,Snacks,SN-064,کرج,Hypermarket,73802.9,4,4.84,295211.61,53834.16,79874.96,Retail,Cash,No,9,2025
INV-04459,2025-09-07,Home Care,HO-085,رشت,Supermarket,46802.07,9,5.31,421218.59,34721.12,108728.55,Retail,Transfer,No,9,2025
INV-04460,2025-09-08,Beverages,BE-064,رشت,Hypermarket,57032.4,78,0.23,4448527.09,43845.46,1028580.89,Corporate,Card,No,9,2025
INV-04461,2025-09-08,Snacks,SN-067,کرج,Online,78616.29,3,3.61,235848.88,62461.79,48463.5,Retail,Card,No,9,2025
INV-04462,2025-09-09,Dairy,DA-099,کرمانشاه,Hypermarket,104433.19,8,2.13,835465.53,74634.51,238389.46,Retail,POS,No,9,2025
INV-04463,2025-09-09,Snacks,SN-014,مشهد,Pharmacy,62825.51,8,6.37,502604.08,47556.35,122153.29,Retail,Transfer,Yes,9,2025
INV-04464,2025-09-09,Home Care,HO-004,تهران,Hypermarket,51039.03,61,3.61,3113380.76,39769.1,687465.91,Corporate,Transfer,No,9,2025
INV-04465,2025-09-09,Dairy,DA-055,رشت,Hypermarket,111858.14,4,3.67,447432.57,83330.58,114110.25,Retail,Transfer,No,9,2025
INV-04466,2025-09-10,Dairy,DA-016,قم,Online,102198.78,5,4.0,510993.89,82186.93,100059.22,Retail,Transfer,No,9,2025
INV-04467,2025-09-10,Dairy,DA-074,تهران,Online,82491.32,20,15.44,1649826.44,67257.05,304685.35,Corporate,Card,Yes,9,2025
INV-04468,2025-09-10,Home Care,HO-109,شیراز,Wholesale,51313.35,22,17.88,1128893.66,43551.15,170768.4,Corporate,Transfer,Yes,9,2025
INV-04469,2025-09-10,Snacks,SN-051,مشهد,Online,62670.87,19,0.68,1190746.56,45571.73,324883.69,Corporate,Card,No,9,2025
INV-04470,2025-09-10,Home Care,HO-122,رشت,Wholesale,58084.94,5,5.56,290424.72,46570.12,57574.14,Retail,Transfer,Yes,9,2025
INV-04471,2025-09-10,Personal Care,PE-029,قم,Online,93718.39,2,3.06,187436.77,68425.85,50585.06,Retail,Transfer,No,9,2025
INV-04472,2025-09-10,Dairy,DA-120,کرج,Supermarket,140831.16,60,3.51,8449869.82,102525.81,2298321.13,Corporate,Transfer,No,9,2025
INV-04473,2025-09-11,Snacks,SN-122,مشهد,Hypermarket,63155.67,5,2.99,315778.35,46067.11,85442.8,Retail,POS,No,9,2025
INV-04474,2025-09-11,Dairy,DA-099,اهواز,Supermarket,107928.66,6,0.54,647571.97,74865.54,198378.72,Retail,Transfer,No,9,2025
INV-04475,2025-09-11,Dairy,DA-048,اهواز,Pharmacy,103828.65,1,4.0,103828.65,83286.57,20542.08,Retail,Cash,No,9,2025
INV-04476,2025-09-11,Home Care,HO-137,مشهد,Wholesale,60357.37,11,13.93,663931.08,51480.78,97642.55,Retail,Transfer,Yes,9,2025
INV-04477,2025-09-11,Snacks,SN-060,رشت,Hypermarket,68729.3,71,3.23,4879780.18,48172.61,1459525.17,Corporate,Transfer,No,9,2025
INV-04478,2025-09-12,Personal Care,PE-093,کرمانشاه,Online,106910.43,6,4.0,641462.56,86886.56,120143.19,Retail,Card,No,9,2025
INV-04479,2025-09-12,Dairy,DA-103,تهران,Hypermarket,120548.37,12,4.96,1446580.38,92524.01,336292.22,Retail,Transfer,No,9,2025
INV-04480,2025-09-12,Personal Care,PE-132,قم,Pharmacy,82753.6,2,11.05,165507.19,67482.48,30542.23,Retail,Card,Yes,9,2025
INV-04481,2025-09-13,Beverages,BE-102,تبریز,Online,87851.54,18,1.73,1581327.71,71948.52,286254.31,Corporate,Card,No,9,2025
INV-04482,2025-09-13,Snacks,SN-113,تهران,Hypermarket,62773.76,7,12.32,439416.3,45403.1,121594.62,Retail,Transfer,Yes,9,2025
INV-04483,2025-09-14,Personal Care,PE-121,مشهد,Pharmacy,119916.02,1,6.88,119916.02,91950.69,27965.33,Retail,Cash,Yes,9,2025
INV-04484,2025-09-14,Dairy,DA-125,شیراز,Supermarket,97822.56,10,5.23,978225.57,67813.14,300094.22,Retail,Transfer,No,9,2025
INV-04485,2025-09-14,Snacks,SN-029,شیراز,Online,66846.31,4,9.24,267385.23,50513.88,65329.71,Retail,Transfer,Yes,9,2025
INV-04486,2025-09-15,Snacks,SN-080,اهواز,Wholesale,53634.08,14,3.21,750877.12,46609.15,98349.0,Retail,Cash,No,9,2025
INV-04487,2025-09-16,Snacks,SN-067,مشهد,Hypermarket,73568.18,55,2.99,4046249.68,52912.14,1136081.75,Corporate,Card,No,9,2025
INV-04488,2025-09-16,Beverages,BE-126,قم,Hypermarket,68149.17,1,0.87,68149.17,47028.67,21120.51,Retail,Card,No,9,2025
INV-04489,2025-09-16,Home Care,HO-147,رشت,Supermarket,30525.66,88,23.01,2686258.48,20353.71,895131.66,Corporate,Card,Yes,9,2025
INV-04490,2025-09-16,Dairy,DA-118,رشت,Hypermarket,107326.25,94,2.64,10088667.83,76215.86,2924376.77,Corporate,Card,No,9,2025
INV-04491,2025-09-16,Home Care,HO-063,شیراز,Hypermarket,52603.32,4,3.8,210413.26,37565.98,60149.36,Retail,Transfer,No,9,2025
INV-04492,2025-09-16,Snacks,SN-103,اهواز,Supermarket,64192.89,3,13.89,192578.68,43743.98,61346.74,Retail,Transfer,Yes,9,2025
INV-04493,2025-09-16,Home Care,HO-120,اهواز,Supermarket,46167.24,3,5.85,138501.71,31124.41,45128.47,Retail,Transfer,No,9,2025
INV-04494,2025-09-16,Snacks,SN-088,رشت,Wholesale,57936.77,1,2.57,57936.77,48309.03,9627.74,Retail,Transfer,No,9,2025
INV-04495,2025-09-17,Personal Care,PE-100,مشهد,Pharmacy,111898.37,5,0.46,559491.84,92146.38,98759.92,Retail,Transfer,No,9,2025
INV-04496,2025-09-17,Home Care,HO-017,اصفهان,Hypermarket,45241.52,124,11.3,5609948.75,33052.86,1511393.69,Corporate,Card,Yes,9,2025
INV-04497,2025-09-17,Home Care,HO-135,رشت,Pharmacy,54474.02,32,9.48,1743168.48,44771.44,310482.42,Corporate,Card,Yes,9,2025
INV-04498,2025-09-17,Beverages,BE-050,کرمانشاه,Hypermarket,79967.14,8,2.76,639737.1,59663.22,162431.35,Retail,Transfer,No,9,2025
INV-04499,2025-09-17,Dairy,DA-049,تهران,Online,94151.61,7,1.41,659061.29,70759.59,163744.17,Retail,Transfer,No,9,2025
INV-04500,2025-09-19,Snacks,SN-118,اهواز,Pharmacy,62057.28,1,1.29,62057.28,48269.08,13788.2,Retail,Card,No,9,2025
INV-04501,2025-09-19,Dairy,DA-056,کرج,Hypermarket,109590.94,109,1.95,11945412.02,82588.92,2943219.94,Corporate,Card,No,9,2025
INV-04502,2025-09-19,Snacks,SN-108,کرج,Pharmacy,60684.05,8,1.96,485472.36,46690.22,111950.57,Retail,Card,No,9,2025
INV-04503,2025-09-19,Beverages,BE-107,رشت,Pharmacy,40559.7,5,4.0,202798.5,30824.0,48678.51,Retail,Transfer,No,9,2025
INV-04504,2025-09-20,Beverages,BE-128,کرمانشاه,Online,72934.48,9,2.96,656410.32,57681.72,137274.86,Retail,Transfer,No,9,2025
INV-04505,2025-09-20,Personal Care,PE-070,اصفهان,Supermarket,107584.61,118,1.52,12694984.28,71628.66,4242802.11,Corporate,Card,No,9,2025
INV-04506,2025-09-20,Snacks,SN-034,کرج,Online,61211.36,27,2.66,1652706.68,45243.14,431141.88,Corporate,Transfer,No,9,2025
INV-04507,2025-09-21,Personal Care,PE-027,رشت,Supermarket,119904.96,49,4.87,5875343.26,80274.42,1941896.81,Corporate,Transfer,No,9,2025
INV-04508,2025-09-21,Snacks,SN-138,شیراز,Hypermarket,50761.79,84,17.27,4263990.32,37803.42,1088503.08,Corporate,Card,Yes,9,2025
INV-04509,2025-09-21,Dairy,DA-008,اهواز,Online,103206.69,1,4.0,103206.69,77171.04,26035.65,Retail,Transfer,No,9,2025
INV-04510,2025-09-21,Dairy,DA-004,کرمانشاه,Online,119278.2,4,1.75,477112.8,92580.69,106790.06,Retail,Card,No,9,2025
INV-04511,2025-09-22,Beverages,BE-045,کرج,Supermarket,59006.91,80,3.07,4720552.66,44147.37,1188762.69,Corporate,Transfer,No,9,2025
INV-04512,2025-09-22,Snacks,SN-085,کرمانشاه,Pharmacy,62941.81,74,0.58,4657694.18,50166.59,945366.42,Corporate,POS,No,9,2025
INV-04513,2025-09-22,Snacks,SN-142,رشت,Supermarket,51878.89,2,6.62,103757.78,35463.55,32830.69,Retail,POS,Yes,9,2025
INV-04514,2025-09-23,Snacks,SN-150,اهواز,Wholesale,72152.2,8,2.6,577217.63,60489.31,93303.17,Retail,Card,No,9,2025
INV-04515,2025-09-23,Personal Care,PE-113,کرمانشاه,Wholesale,98599.53,15,4.33,1478992.99,77904.04,310432.33,Retail,Transfer,No,9,2025
INV-04516,2025-09-23,Beverages,BE-148,تهران,Wholesale,62232.36,6,2.5,373394.14,54380.94,47108.49,Retail,Card,No,9,2025
INV-04517,2025-09-23,Dairy,DA-078,کرج,Pharmacy,125153.08,1,0.61,125153.08,104450.77,20702.31,Retail,Transfer,No,9,2025
INV-04518,2025-09-24,Home Care,HO-095,اصفهان,Wholesale,52601.26,5,2.63,263006.3,45396.64,36023.11,Retail,Card,No,9,2025
INV-04519,2025-09-24,Snacks,SN-021,اهواز,Hypermarket,74657.89,3,0.98,223973.66,57695.62,50886.8,Retail,Card,No,9,2025
INV-04520,2025-09-24,Beverages,BE-146,اهواز,Supermarket,69127.85,4,5.31,276511.38,49511.92,78463.69,Retail,Transfer,No,9,2025
INV-04521,2025-09-24,Snacks,SN-068,رشت,Wholesale,60784.82,7,2.77,425493.76,52949.89,54844.51,Retail,Card,No,9,2025
INV-04522,2025-09-24,Beverages,BE-008,تهران,Wholesale,59224.77,7,2.77,414573.36,50299.25,62478.65,Retail,Card,No,9,2025
INV-04523,2025-09-25,Personal Care,PE-054,تبریز,Wholesale,100666.49,14,6.93,1409330.8,81030.94,274897.65,Retail,Card,Yes,9,2025
INV-04524,2025-09-26,Personal Care,PE-060,تهران,Pharmacy,97996.06,85,0.51,8329665.41,79681.99,1556696.13,Corporate,Card,No,9,2025
INV-04525,2025-09-26,Beverages,BE-123,اهواز,Online,63386.89,90,19.19,5704819.93,46303.81,1537477.31,Corporate,Card,Yes,9,2025
INV-04526,2025-09-26,Snacks,SN-148,رشت,Wholesale,71886.27,12,1.14,862635.24,59197.75,152262.23,Retail,Transfer,No,9,2025
INV-04527,2025-09-27,Beverages,BE-038,اصفهان,Wholesale,48861.75,26,15.14,1270405.45,42586.76,163149.77,Corporate,Transfer,Yes,9,2025
INV-04528,2025-09-27,Personal Care,PE-009,مشهد,Wholesale,88659.13,119,17.57,10550435.94,71657.32,2023214.98,Corporate,Cash,Yes,9,2025
INV-04529,2025-09-27,Personal Care,PE-005,شیراز,Wholesale,75234.27,7,2.97,526639.92,65233.66,70004.29,Retail,Card,No,9,2025
INV-04530,2025-09-27,Snacks,SN-108,شیراز,Wholesale,74242.31,64,4.39,4751508.05,60814.5,859380.1,Corporate,Card,No,9,2025
INV-04531,2025-09-27,Beverages,BE-003,شیراز,Pharmacy,71179.52,46,4.0,3274258.02,54378.3,772856.45,Corporate,POS,No,9,2025
INV-04532,2025-09-27,Beverages,BE-104,تهران,Wholesale,64159.87,8,0.39,513278.93,55997.1,65302.1,Retail,Transfer,No,9,2025
INV-04533,2025-09-27,Snacks,SN-033,رشت,Online,61817.65,2,2.02,123635.3,46303.61,31028.08,Retail,Transfer,No,9,2025
INV-04534,2025-09-28,Home Care,HO-010,کرج,Supermarket,49981.04,62,3.62,3098824.33,37341.99,783620.75,Corporate,Transfer,No,9,2025
INV-04535,2025-09-28,Dairy,DA-097,مشهد,Hypermarket,123828.86,12,5.12,1485946.31,94699.44,349552.98,Retail,Cash,Yes,9,2025
INV-04536,2025-09-28,Home Care,HO-050,اهواز,Online,60941.07,13,1.67,792233.85,49693.44,146219.07,Corporate,POS,No,9,2025
INV-04537,2025-09-29,Home Care,HO-141,شیراز,Supermarket,50990.31,11,5.17,560893.43,34782.95,178281.0,Retail,Card,No,9,2025
INV-04538,2025-09-30,Home Care,HO-025,اهواز,Online,41171.52,10,2.79,411715.19,30793.81,103777.1,Retail,Transfer,No,9,2025
INV-04539,2025-09-30,Snacks,SN-024,شیراز,Wholesale,63124.78,11,0.7,694372.55,50595.28,137824.46,Retail,Card,No,9,2025
INV-04540,2025-09-30,Home Care,HO-030,قم,Hypermarket,44440.47,4,1.07,177761.88,31042.06,53593.65,Retail,Cash,No,9,2025
INV-04541,2025-09-30,Dairy,DA-126,تبریز,Pharmacy,116510.22,4,4.0,466040.9,90406.96,104413.05,Retail,Transfer,No,9,2025
INV-04542,2025-09-30,Beverages,BE-141,کرمانشاه,Online,52835.12,1,12.33,52835.12,43166.5,9668.63,Retail,Transfer,Yes,9,2025
INV-04543,2025-09-30,Snacks,SN-056,رشت,Hypermarket,63855.01,37,11.67,2362635.42,44910.09,700962.26,Corporate,Card,Yes,9,2025
INV-04544,2025-09-30,Personal Care,PE-103,شیراز,Online,71086.0,41,23.48,2914525.99,54758.6,669423.41,Corporate,Transfer,Yes,9,2025
INV-04545,2025-10-01,Snacks,SN-150,تهران,Online,65854.3,10,10.4,658543.03,51083.67,147706.36,Retail,Card,Yes,10,2025
INV-04546,2025-10-01,Home Care,HO-099,کرمانشاه,Pharmacy,47427.62,34,4.0,1612538.97,36422.2,374184.25,Corporate,Card,No,10,2025
INV-04547,2025-10-01,Beverages,BE-013,اهواز,Pharmacy,71161.39,1,0.62,71161.39,56864.58,14296.81,Retail,Card,No,10,2025
INV-04548,2025-10-02,Beverages,BE-036,اصفهان,Hypermarket,69575.74,6,1.98,417454.47,50208.57,116203.05,Retail,Card,No,10,2025
INV-04549,2025-10-02,Personal Care,PE-059,تهران,Online,94320.84,1,4.0,94320.84,76314.13,18006.71,Retail,Transfer,No,10,2025
INV-04550,2025-10-02,Personal Care,PE-039,تبریز,Wholesale,117156.91,10,4.02,1171569.15,99676.67,174802.44,Retail,POS,No,10,2025
INV-04551,2025-10-02,Personal Care,PE-108,اصفهان,Online,106606.86,27,4.0,2878385.34,83774.1,616484.58,Corporate,Transfer,No,10,2025
INV-04552,2025-10-02,Beverages,BE-060,کرج,Hypermarket,62476.59,11,2.91,687242.47,46593.48,174714.15,Retail,Cash,No,10,2025
INV-04553,2025-10-02,Beverages,BE-033,کرج,Online,58076.17,10,16.56,580761.68,46212.45,118637.21,Retail,Cash,Yes,10,2025
INV-04554,2025-10-03,Home Care,HO-022,کرمانشاه,Hypermarket,51576.36,8,2.69,412610.85,34904.64,133373.72,Retail,Transfer,No,10,2025
INV-04555,2025-10-03,Dairy,DA-150,کرج,Wholesale,119400.0,9,0.4,1074599.99,96602.22,205180.05,Retail,POS,No,10,2025
INV-04556,2025-10-03,Home Care,HO-094,کرمانشاه,Supermarket,50161.66,12,1.27,601939.97,33931.09,194766.86,Retail,Transfer,No,10,2025
INV-04557,2025-10-03,Home Care,HO-031,اهواز,Supermarket,57720.98,38,5.56,2193397.37,42404.29,582034.38,Corporate,Card,No,10,2025
INV-04558,2025-10-03,Beverages,BE-055,رشت,Hypermarket,68692.85,3,4.2,206078.55,49537.27,57466.73,Retail,Cash,No,10,2025
INV-04559,2025-10-04,Personal Care,PE-061,شیراز,Online,109431.54,5,4.0,547157.69,83599.02,129162.61,Retail,Transfer,No,10,2025
INV-04560,2025-10-04,Beverages,BE-071,اهواز,Wholesale,61045.87,144,3.8,8790605.84,49663.65,1639040.82,Corporate,Transfer,No,10,2025
INV-04561,2025-10-04,Snacks,SN-146,شیراز,Supermarket,80834.63,10,0.43,808346.33,58889.35,219452.81,Retail,Card,No,10,2025
INV-04562,2025-10-04,Snacks,SN-050,قم,Pharmacy,78772.77,1,4.0,78772.77,61922.8,16849.98,Retail,Card,No,10,2025
INV-04563,2025-10-04,Home Care,HO-022,کرج,Wholesale,45847.43,13,3.08,596016.63,38373.29,97163.8,Retail,Card,No,10,2025
INV-04564,2025-10-05,Dairy,DA-005,اهواز,Pharmacy,99742.96,6,9.72,598457.73,76022.56,142322.37,Retail,Transfer,Yes,10,2025
INV-04565,2025-10-05,Home Care,HO-050,مشهد,Hypermarket,53959.17,85,3.68,4586529.19,40758.57,1122051.04,Corporate,Transfer,No,10,2025
INV-04566,2025-10-05,Home Care,HO-014,کرج,Online,54296.35,4,0.74,217185.42,41832.98,49853.51,Retail,Card,No,10,2025
INV-04567,2025-10-05,Home Care,HO-016,رشت,Supermarket,54505.6,81,5.03,4414953.85,38215.9,1319465.75,Corporate,Card,No,10,2025
INV-04568,2025-10-06,Dairy,DA-056,اهواز,Hypermarket,98361.29,3,1.11,295083.87,71992.88,79105.23,Retail,Transfer,No,10,2025
INV-04569,2025-10-06,Snacks,SN-088,شیراز,Pharmacy,64379.84,5,4.0,321899.18,51061.98,66589.26,Retail,Transfer,No,10,2025
INV-04570,2025-10-06,Home Care,HO-007,شیراز,Pharmacy,42400.25,2,14.63,84800.5,35977.97,12844.56,Retail,Transfer,Yes,10,2025
INV-04571,2025-10-06,Beverages,BE-017,مشهد,Supermarket,64089.45,5,5.95,320447.23,47879.81,81048.17,Retail,Transfer,Yes,10,2025
INV-04572,2025-10-06,Dairy,DA-131,اهواز,Supermarket,86119.34,82,3.42,7061785.99,57934.81,2311131.45,Corporate,Card,No,10,2025
INV-04573,2025-10-06,Personal Care,PE-055,قم,Hypermarket,88785.29,10,12.9,887852.85,68159.7,206255.84,Retail,Transfer,Yes,10,2025
INV-04574,2025-10-06,Snacks,SN-083,شیراز,Supermarket,54955.78,80,2.04,4396462.3,40668.01,1143021.74,Corporate,POS,No,10,2025
INV-04575,2025-10-07,Beverages,BE-037,تبریز,Online,79307.22,67,4.0,5313583.43,57834.84,1438649.03,Corporate,Card,No,10,2025
INV-04576,2025-10-07,Snacks,SN-123,تهران,Online,48040.89,7,6.82,336286.24,35351.24,88827.58,Retail,Transfer,Yes,10,2025
INV-04577,2025-10-07,Snacks,SN-132,مشهد,Pharmacy,71684.45,8,1.55,573475.59,54995.81,133509.09,Retail,Transfer,No,10,2025
INV-04578,2025-10-07,Home Care,HO-093,تهران,Hypermarket,50811.11,76,9.18,3861644.1,37840.83,985740.68,Corporate,POS,Yes,10,2025
INV-04579,2025-10-07,Snacks,SN-099,کرج,Pharmacy,64627.08,5,6.49,323135.4,52835.99,58955.48,Retail,Transfer,Yes,10,2025
INV-04580,2025-10-07,Beverages,BE-105,رشت,Online,69393.15,4,1.27,277572.62,52469.35,67695.21,Retail,Transfer,No,10,2025
INV-04581,2025-10-07,Home Care,HO-036,شیراز,Pharmacy,46813.06,3,17.48,140439.17,39576.28,21710.32,Retail,Transfer,Yes,10,2025
INV-04582,2025-10-08,Home Care,HO-106,اهواز,Wholesale,55413.42,90,3.73,4987207.75,45877.94,858192.7,Corporate,Transfer,No,10,2025
INV-04583,2025-10-08,Beverages,BE-017,اصفهان,Pharmacy,67912.66,4,2.82,271650.66,56734.92,44710.98,Retail,Transfer,No,10,2025
INV-04584,2025-10-08,Snacks,SN-017,اهواز,Online,64681.79,2,10.69,129363.57,50632.61,28098.36,Retail,Cash,Yes,10,2025
INV-04585,2025-10-08,Dairy,DA-140,کرمانشاه,Hypermarket,119985.04,77,18.06,9238847.92,84298.58,2747857.33,Corporate,Cash,Yes,10,2025
INV-04586,2025-10-08,Personal Care,PE-062,اصفهان,Online,101024.1,1,3.24,101024.1,82283.86,18740.24,Retail,Cash,No,10,2025
INV-04587,2025-10-09,Home Care,HO-012,تبریز,Pharmacy,45736.74,7,8.75,320157.21,35811.1,69479.52,Retail,Transfer,Yes,10,2025
INV-04588,2025-10-09,Dairy,DA-086,اهواز,Pharmacy,107679.78,2,3.1,215359.56,88206.86,38945.84,Retail,POS,No,10,2025
INV-04589,2025-10-09,Beverages,BE-020,کرج,Pharmacy,79657.51,4,1.48,318630.06,65454.03,56813.94,Retail,Card,No,10,2025
INV-04590,2025-10-09,Dairy,DA-127,کرمانشاه,Online,76632.73,16,20.37,1226123.67,55484.57,338370.55,Corporate,Transfer,Yes,10,2025
INV-04591,2025-10-09,Home Care,HO-117,مشهد,Online,63425.43,10,3.1,634254.27,49526.65,138987.79,Retail,POS,No,10,2025
INV-04592,2025-10-09,Snacks,SN-086,کرج,Supermarket,55451.48,6,5.83,332708.9,36403.9,114285.51,Retail,Card,No,10,2025
INV-04593,2025-10-09,Snacks,SN-132,اهواز,Supermarket,61345.98,1,2.23,61345.98,44789.09,16556.9,Retail,Transfer,No,10,2025
INV-04594,2025-10-10,Personal Care,PE-130,اصفهان,Pharmacy,107769.27,63,2.4,6789463.86,87114.49,1301250.77,Corporate,Card,No,10,2025
INV-04595,2025-10-10,Snacks,SN-027,رشت,Supermarket,62459.07,94,1.63,5871152.58,42950.51,1833804.61,Corporate,Card,No,10,2025
INV-04596,2025-10-10,Dairy,DA-045,اصفهان,Pharmacy,76577.38,9,4.0,689196.4,59393.58,154654.21,Retail,Transfer,No,10,2025
INV-04597,2025-10-10,Snacks,SN-064,اهواز,Supermarket,69514.58,6,2.95,417087.5,50127.92,116319.99,Retail,Cash,No,10,2025
INV-04598,2025-10-10,Home Care,HO-028,اصفهان,Pharmacy,56081.5,1,3.83,56081.5,42548.85,13532.66,Retail,Transfer,No,10,2025
INV-04599,2025-10-10,Dairy,DA-134,شیراز,Online,106310.8,5,3.52,531554.0,83970.47,111701.67,Retail,Cash,No,10,2025
INV-04600,2025-10-10,Personal Care,PE-067,شیراز,Wholesale,87880.07,2,15.36,175760.15,72339.61,31080.93,Retail,Transfer,Yes,10,2025
INV-04601,2025-10-11,Beverages,BE-126,قم,Hypermarket,60215.81,7,2.8,421510.67,46606.57,95264.68,Retail,Transfer,No,10,2025
INV-04602,2025-10-11,Snacks,SN-129,اهواز,Hypermarket,54620.78,12,10.63,655449.31,39123.71,185964.77,Retail,Card,Yes,10,2025
INV-04603,2025-10-11,Snacks,SN-117,مشهد,Wholesale,43509.77,44,21.69,1914429.74,35004.06,374250.91,Corporate,Transfer,Yes,10,2025
INV-04604,2025-10-12,Home Care,HO-105,کرج,Wholesale,54047.55,19,1.09,1026903.41,44795.23,175794.04,Corporate,Transfer,No,10,2025
INV-04605,2025-10-12,Snacks,SN-080,کرج,Online,45399.84,2,3.11,90799.67,35615.92,19567.83,Retail,Card,No,10,2025
INV-04606,2025-10-12,Personal Care,PE-035,اهواز,Online,97797.53,8,0.24,782380.22,79918.37,143033.25,Retail,Card,No,10,2025
INV-04607,2025-10-12,Beverages,BE-095,مشهد,Hypermarket,64454.47,70,13.51,4511812.57,45437.69,1331174.35,Corporate,Transfer,Yes,10,2025
INV-04608,2025-10-12,Beverages,BE-089,کرج,Online,75008.83,4,0.77,300035.3,57949.02,68239.22,Retail,Card,No,10,2025
INV-04609,2025-10-12,Snacks,SN-126,رشت,Pharmacy,68107.29,5,2.94,340536.47,52643.62,77318.36,Retail,Cash,No,10,2025
INV-04610,2025-10-13,Home Care,HO-065,شیراز,Supermarket,50290.17,12,4.83,603482.04,32811.56,209743.31,Retail,Transfer,No,10,2025
INV-04611,2025-10-13,Home Care,HO-134,کرمانشاه,Wholesale,63295.06,6,6.53,379770.37,52868.57,62558.95,Retail,Cash,Yes,10,2025
INV-04612,2025-10-13,Snacks,SN-054,مشهد,Supermarket,65112.64,4,11.49,260450.57,45462.05,78602.36,Retail,Transfer,Yes,10,2025
INV-04613,2025-10-13,Dairy,DA-053,تهران,Wholesale,111572.73,4,2.63,446290.9,89716.97,87423.03,Retail,Card,No,10,2025
INV-04614,2025-10-13,Dairy,DA-014,کرج,Online,117671.86,9,4.0,1059046.77,88248.31,264812.0,Retail,Card,No,10,2025
INV-04615,2025-10-13,Home Care,HO-135,تهران,Wholesale,49558.2,7,15.35,346907.39,42496.81,49429.73,Retail,Card,Yes,10,2025
INV-04616,2025-10-13,Beverages,BE-135,تبریز,Hypermarket,57781.86,10,5.76,577818.58,41353.4,164284.61,Retail,Transfer,No,10,2025
INV-04617,2025-10-13,Dairy,DA-044,رشت,Supermarket,128453.38,3,4.21,385360.14,95380.35,99219.09,Retail,Transfer,No,10,2025
INV-04618,2025-10-14,Dairy,DA-074,اصفهان,Wholesale,111685.82,14,5.44,1563601.45,90495.92,296658.64,Retail,Card,No,10,2025
INV-04619,2025-10-14,Beverages,BE-014,کرمانشاه,Supermarket,69793.29,3,0.75,209379.87,47530.58,66788.13,Retail,Card,No,10,2025
INV-04620,2025-10-14,Home Care,HO-099,رشت,Wholesale,39668.08,9,2.14,357012.7,31618.28,72448.22,Retail,POS,No,10,2025
INV-04621,2025-10-14,Beverages,BE-064,شیراز,Pharmacy,67995.9,5,0.42,339979.52,54425.0,67854.54,Retail,Card,No,10,2025
INV-04622,2025-10-15,Snacks,SN-108,تهران,Hypermarket,56115.4,4,1.37,224461.61,40191.9,63694.02,Retail,Transfer,No,10,2025
INV-04623,2025-10-15,Home Care,HO-109,تبریز,Supermarket,60183.98,8,9.7,481471.83,39754.53,163435.59,Retail,Card,Yes,10,2025
INV-04624,2025-10-15,Beverages,BE-057,کرج,Online,67403.66,67,0.2,4516045.52,54751.39,847702.14,Corporate,Cash,No,10,2025
INV-04625,2025-10-15,Snacks,SN-035,کرج,Supermarket,58325.4,28,4.76,1633111.3,37990.46,569378.51,Corporate,Cash,No,10,2025
INV-04626,2025-10-15,Beverages,BE-039,اهواز,Pharmacy,78394.88,9,2.43,705553.94,64811.18,122253.28,Retail,Transfer,No,10,2025
INV-04627,2025-10-15,Snacks,SN-108,کرج,Online,74733.05,9,2.94,672597.42,57731.52,153013.73,Retail,Card,No,10,2025
INV-04628,2025-10-15,Personal Care,PE-099,اصفهان,Supermarket,78412.76,2,4.75,156825.51,57506.99,41811.53,Retail,Transfer,No,10,2025
INV-04629,2025-10-16,Personal Care,PE-122,کرج,Online,86383.45,7,4.0,604684.16,63586.45,159579.04,Retail,Cash,No,10,2025
INV-04630,2025-10-16,Home Care,HO-148,اصفهان,Supermarket,56448.01,4,4.79,225792.06,36848.34,78398.69,Retail,POS,No,10,2025
INV-04631,2025-10-16,Beverages,BE-011,اصفهان,Wholesale,69558.65,4,4.23,278234.61,59065.44,41972.84,Retail,Cash,No,10,2025
INV-04632,2025-10-16,Snacks,SN-020,رشت,Pharmacy,63847.23,9,4.0,574625.09,48547.38,137698.65,Retail,Card,No,10,2025
INV-04633,2025-10-16,Beverages,BE-129,اهواز,Hypermarket,68767.6,11,5.59,756443.56,47505.76,233880.22,Retail,Card,No,10,2025
INV-04634,2025-10-16,Beverages,BE-074,مشهد,Online,64423.96,2,10.69,128847.92,52758.22,23331.48,Retail,Card,Yes,10,2025
INV-04635,2025-10-17,Snacks,SN-015,قم,Supermarket,65201.25,4,1.49,260804.99,43332.58,87474.67,Retail,Card,No,10,2025
INV-04636,2025-10-17,Personal Care,PE-017,کرج,Hypermarket,88281.34,123,1.03,10858605.22,64281.89,2951932.73,Corporate,Card,No,10,2025
INV-04637,2025-10-17,Home Care,HO-085,مشهد,Online,53653.51,3,4.0,160960.54,42604.83,33146.04,Retail,Card,No,10,2025
INV-04638,2025-10-17,Snacks,SN-097,اهواز,Pharmacy,51813.86,4,11.09,207255.43,41752.92,40243.73,Retail,Transfer,Yes,10,2025
INV-04639,2025-10-17,Beverages,BE-094,شیراز,Online,57027.79,3,0.96,171083.37,45597.59,34290.59,Retail,Transfer,No,10,2025
INV-04640,2025-10-17,Personal Care,PE-059,کرج,Supermarket,118634.33,10,0.39,1186343.29,82865.66,357686.72,Retail,Card,No,10,2025
INV-04641,2025-10-17,Home Care,HO-105,اصفهان,Online,51006.91,1,1.16,51006.91,41091.48,9915.42,Retail,Card,No,10,2025
INV-04642,2025-10-17,Snacks,SN-062,اهواز,Supermarket,49353.07,11,1.98,542883.77,34519.8,163165.93,Retail,Card,No,10,2025
INV-04643,2025-10-17,Snacks,SN-122,اصفهان,Online,58750.51,3,7.43,176251.54,47764.8,32957.15,Retail,Transfer,Yes,10,2025
INV-04644,2025-10-17,Snacks,SN-077,شیراز,Wholesale,48600.8,11,3.32,534608.84,42331.76,68959.53,Retail,Card,No,10,2025
INV-04645,2025-10-18,Beverages,BE-032,قم,Online,73062.07,60,0.66,4383723.91,52751.58,1218629.31,Corporate,Transfer,No,10,2025
INV-04646,2025-10-18,Personal Care,PE-003,شیراز,Wholesale,67998.86,5,3.56,339994.3,53825.95,70864.57,Retail,Transfer,No,10,2025
INV-04647,2025-10-18,Personal Care,PE-081,مشهد,Hypermarket,81361.88,9,4.07,732256.92,61375.01,179881.87,Retail,Transfer,No,10,2025
INV-04648,2025-10-19,Beverages,BE-107,قم,Wholesale,65113.52,5,3.07,325567.6,54061.77,55258.76,Retail,Cash,No,10,2025
INV-04649,2025-10-19,Beverages,BE-121,مشهد,Wholesale,68969.03,4,5.51,275876.11,54979.07,55959.84,Retail,POS,No,10,2025
INV-04650,2025-10-19,Snacks,SN-078,رشت,Hypermarket,53417.31,12,15.08,641007.68,40991.05,149115.05,Retail,Card,Yes,10,2025
INV-04651,2025-10-19,Home Care,HO-143,تهران,Online,46056.25,4,7.55,184225.01,36119.72,39746.14,Retail,Card,Yes,10,2025
INV-04652,2025-10-19,Home Care,HO-085,کرمانشاه,Wholesale,63810.27,85,5.35,5423872.84,50565.69,1125789.53,Corporate,Card,No,10,2025
INV-04653,2025-10-19,Snacks,SN-142,اهواز,Online,62925.11,8,17.22,503400.84,51579.87,90761.85,Retail,Transfer,Yes,10,2025
INV-04654,2025-10-19,Snacks,SN-130,اهواز,Online,56060.47,1,3.44,56060.47,42861.46,13199.01,Retail,Cash,No,10,2025
INV-04655,2025-10-19,Home Care,HO-085,مشهد,Hypermarket,64735.27,38,5.02,2459940.22,48189.94,628722.63,Corporate,POS,No,10,2025
INV-04656,2025-10-21,Snacks,SN-050,کرمانشاه,Online,65806.24,12,3.09,789674.91,48444.16,208344.99,Corporate,Card,No,10,2025
INV-04657,2025-10-21,Beverages,BE-055,رشت,Online,59203.21,97,22.19,5742711.33,43438.01,1529224.5,Corporate,Transfer,Yes,10,2025
INV-04658,2025-10-21,Personal Care,PE-063,مشهد,Supermarket,89384.88,10,5.98,893848.79,59809.94,295749.39,Retail,Card,Yes,10,2025
INV-04659,2025-10-21,Snacks,SN-056,تهران,Wholesale,74019.3,13,5.56,962250.91,64848.19,119224.49,Retail,Transfer,No,10,2025
INV-04660,2025-10-22,Beverages,BE-039,اهواز,Online,68246.06,7,2.25,477722.45,51844.4,114811.68,Retail,Card,No,10,2025
INV-04661,2025-10-22,Dairy,DA-042,شیراز,Wholesale,90157.28,106,18.48,9556671.26,76016.13,1498961.53,Corporate,Transfer,Yes,10,2025
INV-04662,2025-10-22,Personal Care,PE-068,اصفهان,Wholesale,88551.81,4,0.22,354207.22,76571.21,47922.37,Retail,Card,No,10,2025
INV-04663,2025-10-22,Home Care,HO-118,اصفهان,Wholesale,55213.93,8,0.18,441711.45,46652.17,68494.05,Retail,POS,No,10,2025
INV-04664,2025-10-22,Beverages,BE-142,کرج,Supermarket,79868.05,8,1.38,638944.39,58571.29,170374.06,Retail,Transfer,No,10,2025
INV-04665,2025-10-22,Dairy,DA-021,رشت,Hypermarket,96776.45,5,14.98,483882.26,73012.82,118818.17,Retail,Card,Yes,10,2025
INV-04666,2025-10-22,Beverages,BE-002,شیراز,Pharmacy,78996.56,8,4.0,631972.45,59513.01,155868.33,Corporate,Card,No,10,2025
INV-04667,2025-10-22,Snacks,SN-028,تبریز,Hypermarket,58459.45,86,5.92,5027512.86,45223.71,1138274.12,Corporate,Card,No,10,2025
INV-04668,2025-10-22,Snacks,SN-008,تبریز,Supermarket,68709.14,72,3.15,4947058.34,49837.16,1358782.54,Corporate,Cash,No,10,2025
INV-04669,2025-10-23,Snacks,SN-040,مشهد,Wholesale,59702.76,14,5.34,835838.68,50564.99,127928.89,Retail,Transfer,No,10,2025
INV-04670,2025-10-23,Home Care,HO-092,تهران,Pharmacy,45770.71,9,16.91,411936.38,36715.35,81498.2,Retail,Card,Yes,10,2025
INV-04671,2025-10-23,Home Care,HO-010,کرج,Online,60211.9,45,0.66,2709535.7,45559.01,659380.03,Corporate,Transfer,No,10,2025
INV-04672,2025-10-23,Dairy,DA-105,تهران,Wholesale,104935.67,12,5.5,1259227.99,89258.83,188122.09,Retail,Card,No,10,2025
INV-04673,2025-10-23,Home Care,HO-061,قم,Hypermarket,54826.66,35,2.26,1918932.93,41902.7,452338.56,Corporate,Transfer,No,10,2025
INV-04674,2025-10-23,Personal Care,PE-010,شیراز,Wholesale,115541.04,5,3.98,577705.22,100247.4,76468.23,Retail,Transfer,No,10,2025
INV-04675,2025-10-23,Snacks,SN-092,کرمانشاه,Wholesale,70279.61,6,6.78,421677.63,59890.55,62334.32,Retail,Cash,Yes,10,2025
INV-04676,2025-10-23,Snacks,SN-129,تبریز,Wholesale,44148.68,11,12.63,485635.52,35991.38,89730.38,Retail,Transfer,Yes,10,2025
INV-04677,2025-10-23,Home Care,HO-136,تهران,Wholesale,63009.89,52,1.92,3276514.23,54145.47,460949.84,Corporate,Cash,No,10,2025
INV-04678,2025-10-24,Snacks,SN-048,شیراز,Hypermarket,63737.29,12,4.89,764847.53,46470.46,207202.05,Retail,Card,No,10,2025
INV-04679,2025-10-24,Snacks,SN-052,اصفهان,Wholesale,60783.86,123,2.54,7476414.36,47454.81,1639473.13,Corporate,POS,No,10,2025
INV-04680,2025-10-25,Snacks,SN-071,رشت,Online,63559.92,1,3.36,63559.92,51345.68,12214.24,Retail,Card,No,10,2025
INV-04681,2025-10-25,Home Care,HO-057,کرمانشاه,Hypermarket,60996.54,104,5.62,6343640.66,42816.87,1890685.7,Corporate,Card,No,10,2025
INV-04682,2025-10-25,Home Care,HO-039,تهران,Pharmacy,38730.06,5,10.35,193650.3,31074.95,38275.55,Retail,Cash,Yes,10,2025
INV-04683,2025-10-25,Snacks,SN-125,اهواز,Pharmacy,62308.53,83,1.54,5171608.4,48644.65,1134102.85,Corporate,Transfer,No,10,2025
INV-04684,2025-10-25,Home Care,HO-123,تهران,Wholesale,61043.11,56,2.35,3418413.97,52641.87,470469.2,Corporate,POS,No,10,2025
INV-04685,2025-10-25,Beverages,BE-124,شیراز,Pharmacy,49652.66,1,11.81,49652.66,38054.14,11598.52,Retail,Card,Yes,10,2025
INV-04686,2025-10-25,Beverages,BE-101,اصفهان,Pharmacy,62891.78,69,1.79,4339532.9,49704.23,909940.97,Corporate,Transfer,No,10,2025
INV-04687,2025-10-25,Personal Care,PE-012,تبریز,Pharmacy,110091.91,3,2.07,330275.73,85099.0,74978.74,Retail,Card,No,10,2025
INV-04688,2025-10-25,Personal Care,PE-044,شیراز,Supermarket,82962.12,118,5.8,9789530.74,60914.76,2601589.51,Corporate,POS,No,10,2025
INV-04689,2025-10-25,Snacks,SN-021,کرمانشاه,Hypermarket,52474.14,11,3.68,577215.56,36538.25,175294.76,Retail,Transfer,No,10,2025
INV-04690,2025-10-26,Personal Care,PE-023,کرج,Supermarket,93920.59,119,12.36,11176550.03,69323.89,2927007.49,Corporate,Transfer,Yes,10,2025
INV-04691,2025-10-26,Dairy,DA-048,کرمانشاه,Supermarket,104004.46,4,5.41,416017.84,73401.79,122410.68,Retail,Card,No,10,2025
INV-04692,2025-10-27,Beverages,BE-022,قم,Supermarket,75143.0,6,2.42,450857.98,50361.82,148687.06,Retail,Transfer,No,10,2025
INV-04693,2025-10-27,Home Care,HO-065,اصفهان,Pharmacy,62699.89,6,9.19,376199.34,47052.49,93884.42,Retail,Transfer,Yes,10,2025
INV-04694,2025-10-27,Beverages,BE-020,تبریز,Pharmacy,60619.89,1,3.91,60619.89,50932.16,9687.73,Retail,Card,No,10,2025
INV-04695,2025-10-27,Dairy,DA-053,تهران,Online,116904.47,6,3.42,701426.82,95192.81,130269.94,Retail,Transfer,No,10,2025
INV-04696,2025-10-27,Beverages,BE-053,مشهد,Pharmacy,80592.61,3,0.64,241777.82,63518.27,51223.01,Retail,Cash,No,10,2025
INV-04697,2025-10-28,Personal Care,PE-120,اصفهان,Wholesale,85644.09,7,5.84,599508.65,73149.51,87462.11,Retail,Transfer,No,10,2025
INV-04698,2025-10-28,Beverages,BE-051,مشهد,Online,81183.33,24,4.0,1948399.89,60406.07,498654.23,Corporate,Transfer,No,10,2025
INV-04699,2025-10-28,Beverages,BE-036,تبریز,Wholesale,75887.29,1,0.42,75887.29,64081.73,11805.55,Retail,Transfer,No,10,2025
INV-04700,2025-10-28,Personal Care,PE-035,رشت,Supermarket,95919.87,10,1.25,959198.69,67527.83,283920.34,Retail,POS,No,10,2025
INV-04701,2025-10-29,Personal Care,PE-016,قم,Online,108355.82,3,2.88,325067.45,88765.3,58771.56,Retail,Card,No,10,2025
INV-04702,2025-10-30,Beverages,BE-030,رشت,Online,67024.95,35,3.52,2345873.26,48397.29,651968.1,Corporate,Transfer,No,10,2025
INV-04703,2025-10-30,Dairy,DA-041,تبریز,Hypermarket,106039.88,9,17.9,954358.88,74727.51,281811.31,Retail,Transfer,Yes,10,2025
INV-04704,2025-10-30,Beverages,BE-143,تبریز,Online,73415.8,6,3.48,440494.8,58721.89,88163.49,Retail,Transfer,No,10,2025
INV-04705,2025-10-31,Snacks,SN-079,تبریز,Hypermarket,58102.91,6,1.98,348617.49,43545.62,87343.76,Retail,Card,No,10,2025
INV-04706,2025-10-31,Home Care,HO-137,اصفهان,Online,56409.22,1,4.0,56409.22,44151.82,12257.4,Retail,POS,No,10,2025
INV-04707,2025-11-01,Snacks,SN-133,اصفهان,Wholesale,62393.58,96,2.64,5989783.57,52248.94,973885.59,Corporate,Cash,No,11,2025
INV-04708,2025-11-01,Dairy,DA-109,کرج,Hypermarket,122938.16,7,1.39,860567.11,82595.23,282400.49,Retail,Cash,No,11,2025
INV-04709,2025-11-01,Personal Care,PE-004,شیراز,Pharmacy,100097.35,6,9.5,600584.11,76470.95,141758.39,Retail,Cash,Yes,11,2025
INV-04710,2025-11-01,Home Care,HO-121,تهران,Pharmacy,59091.97,6,15.84,354551.83,48887.5,61226.84,Retail,Card,Yes,11,2025
INV-04711,2025-11-01,Personal Care,PE-087,اهواز,Hypermarket,80697.37,3,7.64,242092.1,62647.52,54149.54,Retail,POS,Yes,11,2025
INV-04712,2025-11-02,Beverages,BE-093,مشهد,Supermarket,64059.98,102,3.5,6534118.18,46478.0,1793362.4,Corporate,Card,No,11,2025
INV-04713,2025-11-02,Beverages,BE-109,کرج,Online,79096.21,9,4.0,711865.89,62426.73,150025.3,Retail,Card,No,11,2025
INV-04714,2025-11-02,Dairy,DA-016,اهواز,Supermarket,100056.22,7,3.06,700393.55,72175.37,195165.98,Retail,Cash,No,11,2025
INV-04715,2025-11-02,Home Care,HO-026,اهواز,Supermarket,53758.55,2,5.31,107517.11,36885.97,33745.17,Retail,Cash,Yes,11,2025
INV-04716,2025-11-02,Personal Care,PE-107,قم,Hypermarket,96565.93,2,3.51,193131.86,67289.27,58553.33,Retail,Cash,No,11,2025
INV-04717,2025-11-02,Dairy,DA-077,تهران,Pharmacy,100235.4,54,1.63,5412711.69,79048.94,1144069.1,Corporate,POS,No,11,2025
INV-04718,2025-11-03,Snacks,SN-094,کرمانشاه,Wholesale,64749.9,1,3.42,64749.9,53184.99,11564.91,Retail,Cash,No,11,2025
INV-04719,2025-11-03,Home Care,HO-043,اهواز,Pharmacy,61067.08,56,4.0,3419756.42,49241.59,662227.3,Corporate,Card,No,11,2025
INV-04720,2025-11-03,Snacks,SN-147,کرج,Online,55556.65,7,4.0,388896.57,40421.16,105948.46,Retail,Transfer,No,11,2025
INV-04721,2025-11-04,Snacks,SN-042,قم,Pharmacy,56502.28,6,4.0,339013.69,44191.37,73865.48,Retail,Card,No,11,2025
INV-04722,2025-11-04,Beverages,BE-008,قم,Online,70588.91,77,3.09,5435346.25,54520.8,1237244.28,Corporate,Transfer,No,11,2025
INV-04723,2025-11-04,Home Care,HO-137,مشهد,Hypermarket,74437.88,95,0.83,7071598.92,54060.01,1935898.19,Corporate,Card,No,11,2025
INV-04724,2025-11-04,Snacks,SN-127,اصفهان,Supermarket,61994.75,10,3.39,619947.51,42666.75,193280.04,Retail,Transfer,No,11,2025
INV-04725,2025-11-04,Dairy,DA-023,قم,Supermarket,117854.84,79,4.32,9310532.21,87948.03,2362637.83,Corporate,Card,No,11,2025
INV-04726,2025-11-04,Beverages,BE-032,تهران,Wholesale,65765.59,6,5.59,394593.56,55452.22,61880.26,Retail,Card,No,11,2025
INV-04727,2025-11-05,Personal Care,PE-042,کرمانشاه,Supermarket,81403.82,8,9.41,651230.53,58776.64,181017.39,Retail,Transfer,Yes,11,2025
INV-04728,2025-11-05,Personal Care,PE-036,کرمانشاه,Wholesale,120905.46,6,0.3,725432.79,95139.19,154597.65,Retail,Card,No,11,2025
INV-04729,2025-11-05,Personal Care,PE-118,قم,Hypermarket,105621.88,7,8.06,739353.18,80150.18,178301.9,Retail,Transfer,Yes,11,2025
INV-04730,2025-11-05,Beverages,BE-106,اهواز,Hypermarket,57155.83,10,12.82,571558.28,39764.82,173910.11,Retail,Card,Yes,11,2025
INV-04731,2025-11-05,Snacks,SN-069,تهران,Supermarket,60760.13,1,1.46,60760.13,41537.1,19223.04,Retail,Cash,No,11,2025
INV-04732,2025-11-05,Home Care,HO-050,تبریز,Online,59752.26,59,4.0,3525383.2,45358.39,849238.37,Corporate,Card,No,11,2025
INV-04733,2025-11-06,Dairy,DA-122,تبریز,Online,114746.4,8,4.0,917971.18,86161.8,228676.81,Retail,Transfer,No,11,2025
INV-04734,2025-11-06,Personal Care,PE-060,تبریز,Hypermarket,123390.63,3,3.93,370171.89,87800.65,106769.94,Retail,Transfer,No,11,2025
INV-04735,2025-11-06,Home Care,HO-066,اصفهان,Pharmacy,45082.63,8,0.29,360661.02,34718.21,82915.35,Retail,Card,No,11,2025
INV-04736,2025-11-06,Home Care,HO-105,تبریز,Hypermarket,49829.63,2,0.31,99659.27,37052.86,25553.54,Retail,Cash,No,11,2025
INV-04737,2025-11-07,Home Care,HO-094,کرمانشاه,Hypermarket,57903.02,72,2.32,4169017.1,43499.37,1037062.11,Corporate,Transfer,No,11,2025
INV-04738,2025-11-07,Beverages,BE-057,اصفهان,Supermarket,62632.1,10,0.73,626321.04,40724.56,219075.43,Retail,Card,No,11,2025
INV-04739,2025-11-07,Personal Care,PE-082,رشت,Supermarket,105826.95,34,5.91,3598116.38,75445.35,1032974.57,Corporate,POS,No,11,2025
INV-04740,2025-11-08,Home Care,HO-029,مشهد,Wholesale,58003.66,110,5.35,6380402.06,50340.64,842932.03,Corporate,Card,No,11,2025
INV-04741,2025-11-09,Dairy,DA-124,کرمانشاه,Online,75186.27,8,2.42,601490.16,61119.61,112533.29,Retail,Card,No,11,2025
INV-04742,2025-11-09,Dairy,DA-118,کرج,Online,103637.67,108,1.83,11192868.59,81438.87,2397470.66,Corporate,Transfer,No,11,2025
INV-04743,2025-11-09,Home Care,HO-090,کرمانشاه,Pharmacy,52773.94,3,7.69,158321.83,44797.63,23928.95,Retail,Transfer,Yes,11,2025
INV-04744,2025-11-09,Personal Care,PE-105,اهواز,Online,77770.86,5,10.69,388854.31,58183.9,97934.83,Retail,POS,Yes,11,2025
INV-04745,2025-11-09,Beverages,BE-043,تبریز,Wholesale,70589.11,65,2.3,4588291.98,59621.23,712911.77,Corporate,Transfer,No,11,2025
INV-04746,2025-11-10,Snacks,SN-050,کرج,Supermarket,61645.8,53,1.22,3267227.56,40401.54,1125946.2,Corporate,Transfer,No,11,2025
INV-04747,2025-11-10,Beverages,BE-090,قم,Pharmacy,72640.83,4,6.48,290563.33,60597.88,48171.8,Retail,Transfer,Yes,11,2025
INV-04748,2025-11-10,Personal Care,PE-081,اهواز,Hypermarket,110124.12,2,3.78,220248.23,81613.68,57020.87,Retail,Card,No,11,2025
INV-04749,2025-11-10,Personal Care,PE-090,اهواز,Supermarket,86731.47,20,22.84,1734629.44,58755.33,559522.82,Corporate,Cash,Yes,11,2025
INV-04750,2025-11-10,Snacks,SN-110,کرمانشاه,Hypermarket,57049.78,3,8.74,171149.34,41578.02,46415.27,Retail,POS,Yes,11,2025
INV-04751,2025-11-10,Personal Care,PE-096,شیراز,Online,130277.71,7,3.65,911943.99,106191.77,168601.57,Retail,Transfer,No,11,2025
INV-04752,2025-11-10,Beverages,BE-129,قم,Supermarket,81608.7,9,5.16,734478.26,54771.23,241537.22,Retail,Transfer,No,11,2025
INV-04753,2025-11-10,Snacks,SN-090,کرمانشاه,Online,56659.04,1,0.97,56659.04,45318.62,11340.42,Retail,Card,No,11,2025
INV-04754,2025-11-10,Personal Care,PE-116,شیراز,Online,121846.57,104,0.69,12672043.18,91466.18,3159560.88,Corporate,Cash,No,11,2025
INV-04755,2025-11-10,Home Care,HO-097,تهران,Wholesale,56225.42,13,8.07,730930.46,44188.57,156478.98,Retail,Cash,Yes,11,2025
INV-04756,2025-11-11,Beverages,BE-012,تبریز,Wholesale,73259.84,6,1.93,439559.06,58736.86,87137.91,Retail,Card,No,11,2025
INV-04757,2025-11-12,Personal Care,PE-089,تبریز,Hypermarket,103884.49,10,2.34,1038844.9,79001.1,248833.86,Retail,Card,No,11,2025
INV-04758,2025-11-12,Personal Care,PE-018,شیراز,Wholesale,94741.65,14,0.33,1326383.15,80649.19,197294.48,Retail,Card,No,11,2025
INV-04759,2025-11-13,Beverages,BE-116,اصفهان,Hypermarket,58228.02,16,1.89,931648.26,43084.48,242296.62,Corporate,Card,No,11,2025
INV-04760,2025-11-13,Beverages,BE-016,قم,Online,69930.96,16,3.68,1118895.33,50612.65,309092.87,Corporate,POS,No,11,2025
INV-04761,2025-11-13,Snacks,SN-098,شیراز,Online,75882.2,1,1.08,75882.2,57344.5,18537.7,Retail,Card,No,11,2025
INV-04762,2025-11-13,Snacks,SN-060,اصفهان,Online,52845.58,20,23.09,1056911.64,43208.3,192745.54,Corporate,POS,Yes,11,2025
INV-04763,2025-11-13,Snacks,SN-016,شیراز,Wholesale,64616.97,7,4.05,452318.82,53905.5,74980.34,Retail,Card,No,11,2025
INV-04764,2025-11-14,Beverages,BE-011,مشهد,Wholesale,72220.14,4,3.73,288880.56,56392.46,63310.72,Retail,POS,No,11,2025
INV-04765,2025-11-14,Dairy,DA-066,مشهد,Online,91596.78,10,4.0,915967.82,68568.31,230284.7,Retail,Cash,No,11,2025
INV-04766,2025-11-15,Beverages,BE-100,تهران,Hypermarket,59841.12,8,1.06,478729.0,44721.31,120958.51,Retail,Card,No,11,2025
INV-04767,2025-11-16,Beverages,BE-046,شیراز,Pharmacy,52829.73,64,2.11,3381102.72,41481.58,726281.9,Corporate,Transfer,No,11,2025
INV-04768,2025-11-16,Snacks,SN-007,مشهد,Pharmacy,62984.64,4,15.66,251938.57,52457.92,42106.88,Retail,Transfer,Yes,11,2025
INV-04769,2025-11-16,Snacks,SN-002,مشهد,Hypermarket,48206.62,9,15.01,433859.62,35859.9,111120.5,Retail,Card,Yes,11,2025
INV-04770,2025-11-16,Snacks,SN-009,تبریز,Wholesale,57785.76,15,4.89,866786.41,46030.64,176326.87,Retail,Card,No,11,2025
INV-04771,2025-11-16,Home Care,HO-026,تبریز,Hypermarket,54348.04,4,3.36,217392.16,38182.75,64661.15,Retail,Card,No,11,2025
INV-04772,2025-11-17,Personal Care,PE-091,رشت,Online,96153.84,6,2.7,576923.04,71211.68,149652.94,Retail,Card,No,11,2025
INV-04773,2025-11-17,Dairy,DA-049,تبریز,Hypermarket,92462.75,51,4.81,4715600.18,67929.28,1251206.69,Corporate,Transfer,No,11,2025
INV-04774,2025-11-17,Dairy,DA-143,مشهد,Supermarket,106637.46,8,3.63,853099.64,72904.46,269863.94,Retail,Card,No,11,2025
INV-04775,2025-11-17,Personal Care,PE-106,تبریز,Online,104904.19,1,0.69,104904.19,83978.68,20925.52,Retail,Transfer,No,11,2025
INV-04776,2025-11-17,Home Care,HO-070,کرمانشاه,Hypermarket,43264.44,3,4.57,129793.31,31769.34,34485.28,Retail,Transfer,No,11,2025
INV-04777,2025-11-17,Beverages,BE-136,کرج,Pharmacy,71182.81,1,4.0,71182.81,54584.68,16598.14,Retail,Card,No,11,2025
INV-04778,2025-11-17,Home Care,HO-030,تبریز,Pharmacy,53663.16,6,5.79,321978.99,44315.26,56087.45,Retail,Card,Yes,11,2025
INV-04779,2025-11-17,Personal Care,PE-134,کرمانشاه,Supermarket,108713.38,11,2.29,1195847.23,71635.45,407857.33,Retail,Card,No,11,2025
INV-04780,2025-11-17,Snacks,SN-053,کرج,Hypermarket,59642.06,11,4.8,656062.63,45944.21,150676.27,Retail,Cash,No,11,2025
INV-04781,2025-11-17,Beverages,BE-050,قم,Wholesale,90216.31,9,0.51,811946.81,79039.43,100591.94,Retail,Card,No,11,2025
INV-04782,2025-11-18,Snacks,SN-036,تبریز,Wholesale,55029.8,13,3.52,715387.43,47429.34,98806.06,Retail,Transfer,No,11,2025
INV-04783,2025-11-18,Personal Care,PE-012,کرمانشاه,Wholesale,100564.75,76,8.18,7642920.99,78739.37,1658728.84,Corporate,Transfer,Yes,11,2025
INV-04784,2025-11-18,Snacks,SN-142,کرج,Pharmacy,61852.0,3,1.5,185555.99,47351.25,43502.24,Retail,Transfer,No,11,2025
INV-04785,2025-11-18,Beverages,BE-120,کرمانشاه,Online,67007.52,1,15.27,67007.52,54301.08,12706.44,Retail,POS,Yes,11,2025
INV-04786,2025-11-18,Dairy,DA-109,مشهد,Pharmacy,92085.9,6,14.81,552515.41,70008.79,132462.66,Retail,Transfer,Yes,11,2025
INV-04787,2025-11-18,Beverages,BE-105,تبریز,Online,54294.93,9,4.0,488654.39,39822.01,130256.27,Retail,Card,No,11,2025
INV-04788,2025-11-18,Home Care,HO-052,کرج,Hypermarket,56132.39,4,0.57,224529.57,42615.5,54067.58,Retail,Transfer,No,11,2025
INV-04789,2025-11-18,Beverages,BE-050,مشهد,Online,65578.31,74,9.13,4852794.63,47772.25,1317647.93,Corporate,POS,Yes,11,2025
INV-04790,2025-11-19,Home Care,HO-079,کرمانشاه,Pharmacy,63879.77,9,0.45,574917.94,51883.62,107965.38,Corporate,Card,No,11,2025
INV-04791,2025-11-19,Personal Care,PE-068,اهواز,Pharmacy,98586.89,2,4.0,197173.77,82055.4,33062.98,Retail,Transfer,No,11,2025
INV-04792,2025-11-19,Beverages,BE-118,تهران,Online,69068.52,8,0.09,552548.13,51551.65,140134.95,Retail,Card,No,11,2025
INV-04793,2025-11-19,Home Care,HO-088,قم,Hypermarket,56986.08,4,3.94,227944.33,43224.32,55047.03,Retail,Transfer,No,11,2025
INV-04794,2025-11-19,Snacks,SN-136,کرج,Wholesale,63105.74,8,10.26,504845.95,51876.86,89831.11,Retail,Cash,Yes,11,2025
INV-04795,2025-11-19,Snacks,SN-116,اصفهان,Supermarket,73016.43,2,1.81,146032.86,52280.04,41472.77,Retail,Transfer,No,11,2025
INV-04796,2025-11-19,Snacks,SN-141,رشت,Hypermarket,74480.33,11,0.75,819283.58,53820.23,227261.03,Retail,Card,No,11,2025
INV-04797,2025-11-20,Home Care,HO-093,تهران,Hypermarket,50646.84,12,12.08,607762.03,37086.89,162719.41,Retail,Cash,Yes,11,2025
INV-04798,2025-11-20,Home Care,HO-012,رشت,Online,46156.51,6,2.7,276939.08,33985.61,73025.41,Retail,Card,No,11,2025
INV-04799,2025-11-20,Personal Care,PE-070,کرمانشاه,Online,113400.26,7,4.0,793801.84,81855.58,220812.76,Retail,Transfer,No,11,2025
INV-04800,2025-11-20,Dairy,DA-145,تبریز,Wholesale,99908.58,9,12.56,899177.26,86097.83,124296.76,Retail,Cash,Yes,11,2025
INV-04801,2025-11-20,Personal Care,PE-083,اهواز,Online,102951.51,7,4.0,720660.58,77314.21,179461.12,Retail,POS,No,11,2025
INV-04802,2025-11-20,Dairy,DA-147,شیراز,Pharmacy,98487.62,1,14.83,98487.62,73991.06,24496.56,Retail,Transfer,Yes,11,2025
INV-04803,2025-11-20,Home Care,HO-130,کرج,Hypermarket,44984.6,8,11.69,359876.79,34022.2,87699.23,Retail,Card,Yes,11,2025
INV-04804,2025-11-21,Home Care,HO-042,کرمانشاه,Wholesale,56172.21,14,0.43,786410.99,47515.75,121190.48,Retail,Card,No,11,2025
INV-04805,2025-11-21,Dairy,DA-129,کرج,Pharmacy,116855.7,7,4.0,817989.88,90014.51,187888.34,Retail,Cash,No,11,2025
INV-04806,2025-11-21,Personal Care,PE-083,اهواز,Online,110255.57,1,1.2,110255.57,79731.89,30523.68,Retail,Transfer,No,11,2025
INV-04807,2025-11-21,Beverages,BE-139,مشهد,Online,79071.5,99,4.0,7828078.47,63689.38,1522830.06,Corporate,Transfer,No,11,2025
INV-04808,2025-11-21,Personal Care,PE-038,تبریز,Pharmacy,87150.27,96,11.61,8366426.1,71834.9,1470276.17,Corporate,Cash,Yes,11,2025
INV-04809,2025-11-21,Snacks,SN-149,مشهد,Wholesale,59347.25,137,15.53,8130573.74,50889.04,1158775.0,Corporate,Card,Yes,11,2025
INV-04810,2025-11-21,Dairy,DA-099,رشت,Supermarket,117748.11,64,1.72,7535879.13,79209.26,2466486.81,Corporate,POS,No,11,2025
INV-04811,2025-11-22,Beverages,BE-112,شیراز,Supermarket,80266.68,12,2.67,963200.2,59142.44,253490.98,Retail,Card,No,11,2025
INV-04812,2025-11-22,Home Care,HO-145,تبریز,Wholesale,60543.68,123,4.45,7446872.55,51452.87,1118169.39,Corporate,Card,No,11,2025
INV-04813,2025-11-23,Personal Care,PE-148,تبریز,Wholesale,103619.38,9,3.37,932574.41,84081.87,175837.56,Retail,POS,No,11,2025
INV-04814,2025-11-23,Personal Care,PE-130,مشهد,Wholesale,85976.69,111,2.96,9543412.61,69623.23,1815233.88,Corporate,Transfer,No,11,2025
INV-04815,2025-11-24,Beverages,BE-018,اصفهان,Wholesale,77245.11,7,0.52,540715.74,64249.58,90968.7,Retail,Card,No,11,2025
INV-04816,2025-11-24,Snacks,SN-071,کرج,Online,44799.7,3,4.0,134399.09,35560.83,27716.59,Retail,Card,No,11,2025
INV-04817,2025-11-24,Snacks,SN-061,شیراز,Hypermarket,54245.39,76,3.59,4122649.73,40358.41,1055410.44,Corporate,Transfer,No,11,2025
INV-04818,2025-11-24,Home Care,HO-081,اهواز,Supermarket,51611.08,12,2.9,619332.95,37349.05,171144.34,Retail,Transfer,No,11,2025
INV-04819,2025-11-25,Snacks,SN-082,کرمانشاه,Supermarket,61877.25,4,16.61,247509.01,41663.41,80855.36,Retail,Card,Yes,11,2025
INV-04820,2025-11-25,Snacks,SN-039,رشت,Online,64834.92,25,4.0,1620872.96,49846.69,374705.66,Corporate,Card,No,11,2025
INV-04821,2025-11-25,Snacks,SN-014,تبریز,Pharmacy,71370.1,5,3.85,356850.52,54852.62,82587.44,Retail,Cash,No,11,2025
INV-04822,2025-11-25,Personal Care,PE-025,اصفهان,Hypermarket,108239.39,35,0.74,3788378.66,78925.33,1025992.26,Corporate,Transfer,No,11,2025
INV-04823,2025-11-26,Personal Care,PE-128,تهران,Wholesale,96460.16,27,0.62,2604424.26,76089.51,550007.55,Corporate,Transfer,No,11,2025
INV-04824,2025-11-26,Dairy,DA-066,تهران,Pharmacy,86578.77,1,3.51,86578.77,67489.61,19089.16,Retail,Card,No,11,2025
INV-04825,2025-11-27,Home Care,HO-057,رشت,Wholesale,61562.84,9,3.02,554065.53,52564.46,80985.43,Retail,Card,No,11,2025
INV-04826,2025-11-27,Snacks,SN-004,رشت,Hypermarket,57682.64,11,4.08,634508.99,42455.72,167496.1,Retail,Transfer,No,11,2025
INV-04827,2025-11-27,Dairy,DA-020,اصفهان,Pharmacy,107670.84,76,1.5,8182983.51,91253.72,1247700.41,Corporate,Card,No,11,2025
INV-04828,2025-11-27,Personal Care,PE-088,تبریز,Pharmacy,110628.65,7,2.59,774400.58,89720.11,146359.83,Retail,Card,No,11,2025
INV-04829,2025-11-27,Personal Care,PE-001,رشت,Supermarket,112299.34,12,5.59,1347592.13,73412.92,466637.07,Retail,Transfer,Yes,11,2025
INV-04830,2025-11-27,Dairy,DA-066,مشهد,Hypermarket,100308.1,36,1.1,3611091.62,72003.33,1018971.59,Corporate,Cash,No,11,2025
INV-04831,2025-11-28,Dairy,DA-107,تهران,Online,112836.23,8,3.63,902689.85,82717.34,240951.14,Retail,POS,No,11,2025
INV-04832,2025-11-28,Beverages,BE-055,تهران,Hypermarket,71739.85,86,0.16,6169626.9,51893.01,1706827.8,Corporate,Transfer,No,11,2025
INV-04833,2025-11-28,Personal Care,PE-056,قم,Supermarket,90744.85,12,16.79,1088938.25,59058.55,380235.66,Retail,Cash,Yes,11,2025
INV-04834,2025-11-28,Personal Care,PE-093,کرج,Pharmacy,116680.67,4,1.64,466722.67,98409.32,73085.4,Retail,Card,No,11,2025
INV-04835,2025-11-28,Home Care,HO-049,تبریز,Hypermarket,65004.31,79,1.72,5135340.22,45389.78,1549547.97,Corporate,POS,No,11,2025
INV-04836,2025-11-28,Personal Care,PE-091,کرج,Online,113635.97,37,1.28,4204530.88,81895.79,1174386.53,Corporate,Transfer,No,11,2025
INV-04837,2025-11-28,Beverages,BE-024,کرج,Pharmacy,68206.08,5,7.56,341030.42,57483.67,53612.07,Retail,Card,Yes,11,2025
INV-04838,2025-11-28,Personal Care,PE-044,کرمانشاه,Pharmacy,120172.85,52,4.0,6248988.36,92934.53,1416392.86,Corporate,Transfer,No,11,2025
INV-04839,2025-11-29,Dairy,DA-097,کرج,Pharmacy,93269.22,8,3.77,746153.79,75572.85,141570.98,Retail,Card,No,11,2025
INV-04840,2025-11-29,Personal Care,PE-095,اهواز,Pharmacy,94867.69,2,3.99,189735.38,72006.25,45722.87,Retail,POS,No,11,2025
INV-04841,2025-11-29,Beverages,BE-132,تبریز,Hypermarket,81927.93,64,0.91,5243387.28,58064.03,1527289.14,Corporate,Cash,No,11,2025
INV-04842,2025-11-29,Dairy,DA-127,مشهد,Hypermarket,67584.12,10,9.47,675841.18,50222.6,173615.19,Retail,POS,Yes,11,2025
INV-04843,2025-11-29,Dairy,DA-023,مشهد,Hypermarket,102595.9,6,12.18,615575.37,72129.92,182795.87,Retail,Transfer,Yes,11,2025
INV-04844,2025-11-29,Home Care,HO-045,کرمانشاه,Supermarket,58771.56,8,3.0,470172.5,43131.55,125120.07,Retail,Transfer,No,11,2025
INV-04845,2025-11-29,Beverages,BE-072,اصفهان,Wholesale,54418.26,123,5.86,6693445.58,42866.1,1420915.72,Corporate,Transfer,No,11,2025
INV-04846,2025-11-30,Personal Care,PE-127,اصفهان,Wholesale,91319.05,1,9.74,91319.05,73513.15,17805.89,Retail,Transfer,Yes,11,2025
INV-04847,2025-11-30,Snacks,SN-026,کرج,Pharmacy,70857.46,4,2.68,283429.85,57592.49,53059.9,Retail,Cash,No,11,2025
INV-04848,2025-11-30,Snacks,SN-055,تبریز,Pharmacy,51428.69,91,3.47,4680011.09,38580.83,1169155.97,Corporate,Transfer,No,11,2025
INV-04849,2025-11-30,Home Care,HO-070,اصفهان,Hypermarket,59744.87,120,3.32,7169384.23,45158.55,1750357.78,Corporate,Cash,No,11,2025
INV-04850,2025-11-30,Dairy,DA-143,قم,Pharmacy,120238.82,1,4.0,120238.82,94904.39,25334.43,Retail,Card,No,11,2025
INV-04851,2025-11-30,Dairy,DA-069,کرج,Supermarket,113521.99,82,5.82,9308803.52,76038.07,3073681.72,Corporate,Card,No,11,2025
INV-04852,2025-11-30,Personal Care,PE-099,شیراز,Pharmacy,114652.54,1,4.0,114652.54,91345.75,23306.79,Retail,Transfer,No,11,2025
INV-04853,2025-12-01,Snacks,SN-026,کرج,Wholesale,49705.97,62,11.97,3081769.95,42182.91,466429.47,Corporate,Card,Yes,12,2025
INV-04854,2025-12-01,Snacks,SN-056,مشهد,Wholesale,53096.6,1,4.49,53096.6,43802.74,9293.86,Retail,Cash,No,12,2025
INV-04855,2025-12-01,Snacks,SN-133,کرمانشاه,Hypermarket,67863.03,6,3.21,407178.15,48856.96,114036.39,Retail,Card,No,12,2025
INV-04856,2025-12-01,Snacks,SN-104,رشت,Pharmacy,67961.71,2,2.64,135923.43,55342.18,25239.08,Retail,Cash,No,12,2025
INV-04857,2025-12-02,Snacks,SN-015,قم,Online,50407.06,56,4.0,2822795.62,39739.71,597371.98,Corporate,Transfer,No,12,2025
INV-04858,2025-12-02,Beverages,BE-118,رشت,Wholesale,80561.08,55,5.29,4430859.16,64667.78,874131.17,Corporate,Card,No,12,2025
INV-04859,2025-12-02,Snacks,SN-075,تبریز,Online,76328.31,6,0.51,457969.89,56954.85,116240.76,Retail,Card,No,12,2025
INV-04860,2025-12-03,Personal Care,PE-053,شیراز,Supermarket,86608.78,72,16.04,6235832.06,57665.43,2083921.26,Corporate,Cash,Yes,12,2025
INV-04861,2025-12-03,Home Care,HO-043,تهران,Supermarket,52937.56,5,5.17,264687.82,39032.56,69525.04,Retail,Card,Yes,12,2025
INV-04862,2025-12-04,Home Care,HO-076,کرمانشاه,Hypermarket,62310.54,7,5.74,436173.75,48316.75,97956.53,Retail,Card,No,12,2025
INV-04863,2025-12-04,Snacks,SN-150,تهران,Supermarket,56403.49,50,3.32,2820174.55,37835.15,928417.27,Corporate,Transfer,No,12,2025
INV-04864,2025-12-04,Snacks,SN-111,اهواز,Wholesale,72441.8,6,6.34,434650.77,61355.68,66516.7,Retail,Cash,Yes,12,2025
INV-04865,2025-12-05,Dairy,DA-066,رشت,Supermarket,101268.52,10,15.14,1012685.21,71805.57,294629.46,Retail,Card,Yes,12,2025
INV-04866,2025-12-05,Beverages,BE-059,کرمانشاه,Online,50322.07,7,4.0,352254.47,38660.43,81631.46,Retail,Cash,No,12,2025
INV-04867,2025-12-05,Dairy,DA-068,قم,Online,113163.22,10,4.0,1131632.24,91073.44,220897.82,Retail,Card,No,12,2025
INV-04868,2025-12-05,Personal Care,PE-015,کرج,Pharmacy,100925.88,4,4.0,403703.53,78974.1,87807.14,Retail,Card,No,12,2025
INV-04869,2025-12-05,Snacks,SN-114,کرج,Supermarket,53546.36,7,2.37,374824.49,38908.82,102462.78,Retail,Card,No,12,2025
INV-04870,2025-12-05,Dairy,DA-034,اصفهان,Pharmacy,93127.1,1,11.62,93127.1,76037.03,17090.06,Retail,Card,Yes,12,2025
INV-04871,2025-12-05,Snacks,SN-073,تهران,Online,48134.31,75,24.24,3610073.52,36627.25,863029.7,Corporate,Transfer,Yes,12,2025
INV-04872,2025-12-05,Home Care,HO-131,شیراز,Hypermarket,42542.3,8,16.84,340338.4,31192.04,90802.1,Retail,POS,Yes,12,2025
INV-04873,2025-12-06,Beverages,BE-145,شیراز,Pharmacy,58434.25,5,13.9,292171.25,47788.84,53227.05,Retail,Transfer,Yes,12,2025
INV-04874,2025-12-06,Snacks,SN-050,اصفهان,Wholesale,65342.95,3,0.84,196028.85,55317.47,30076.45,Retail,Cash,No,12,2025
INV-04875,2025-12-06,Snacks,SN-069,تبریز,Wholesale,62440.99,10,0.04,624409.91,53497.78,89432.15,Retail,Card,No,12,2025
INV-04876,2025-12-06,Dairy,DA-018,مشهد,Pharmacy,82493.2,1,15.49,82493.2,62489.08,20004.12,Retail,Card,Yes,12,2025
INV-04877,2025-12-06,Home Care,HO-035,اصفهان,Online,50488.52,6,0.56,302931.11,37201.2,79723.93,Retail,Transfer,No,12,2025
INV-04878,2025-12-06,Beverages,BE-082,مشهد,Supermarket,48372.35,11,0.69,532095.87,32538.23,174175.35,Retail,Transfer,No,12,2025
INV-04879,2025-12-07,Dairy,DA-087,کرمانشاه,Pharmacy,120643.26,67,3.94,8083098.55,99649.95,1406552.15,Corporate,Card,No,12,2025
INV-04880,2025-12-07,Personal Care,PE-129,شیراز,Hypermarket,107298.95,1,4.09,107298.95,80112.54,27186.41,Retail,Card,No,12,2025
INV-04881,2025-12-07,Dairy,DA-002,کرمانشاه,Online,90185.43,5,2.1,450927.16,65852.44,121664.99,Retail,Card,No,12,2025
INV-04882,2025-12-08,Home Care,HO-068,رشت,Online,56914.49,100,4.0,5691449.18,41908.35,1500614.1,Corporate,Card,No,12,2025
INV-04883,2025-12-08,Beverages,BE-134,تهران,Online,82040.37,87,0.71,7137512.25,59666.39,1946536.59,Corporate,Card,No,12,2025
INV-04884,2025-12-08,Beverages,BE-121,کرمانشاه,Wholesale,77145.76,2,2.08,154291.52,60476.02,33339.49,Retail,Card,No,12,2025
INV-04885,2025-12-08,Home Care,HO-015,قم,Hypermarket,47369.1,6,1.45,284214.61,36837.72,63188.31,Retail,Cash,No,12,2025
INV-04886,2025-12-09,Personal Care,PE-040,مشهد,Wholesale,118383.95,5,2.65,591919.77,101889.06,82474.49,Retail,Card,No,12,2025
INV-04887,2025-12-09,Personal Care,PE-149,مشهد,Wholesale,88425.14,136,4.89,12025818.68,74165.23,1939347.85,Corporate,Card,No,12,2025
INV-04888,2025-12-09,Home Care,HO-018,مشهد,Pharmacy,50115.69,5,4.0,250578.45,39738.56,51885.65,Retail,Cash,No,12,2025
INV-04889,2025-12-09,Snacks,SN-013,مشهد,Wholesale,52567.71,3,17.2,157703.14,43694.52,26619.58,Retail,POS,Yes,12,2025
INV-04890,2025-12-10,Snacks,SN-047,اصفهان,Supermarket,50713.0,56,5.4,2839927.92,34585.96,903114.19,Corporate,POS,No,12,2025
INV-04891,2025-12-10,Beverages,BE-132,کرمانشاه,Pharmacy,60355.71,7,4.0,422489.95,46039.04,100216.66,Retail,Transfer,No,12,2025
INV-04892,2025-12-10,Dairy,DA-020,تهران,Online,109661.61,97,4.0,10637176.11,85102.62,2382222.15,Corporate,Card,No,12,2025
INV-04893,2025-12-10,Personal Care,PE-062,اصفهان,Wholesale,116275.08,10,4.68,1162750.78,94162.8,221122.73,Retail,Transfer,No,12,2025
INV-04894,2025-12-10,Beverages,BE-124,کرمانشاه,Pharmacy,64150.87,5,2.82,320754.37,50882.45,66342.14,Retail,POS,No,12,2025
INV-04895,2025-12-10,Dairy,DA-027,شیراز,Online,116533.8,8,4.0,932270.43,84430.42,256827.1,Retail,Cash,No,12,2025
INV-04896,2025-12-10,Beverages,BE-038,اصفهان,Wholesale,73309.68,7,3.36,513167.73,64231.77,63545.36,Retail,Card,No,12,2025
INV-04897,2025-12-11,Beverages,BE-145,کرج,Supermarket,60202.56,6,5.88,361215.37,44063.67,96833.34,Retail,Card,Yes,12,2025
INV-04898,2025-12-11,Beverages,BE-039,مشهد,Pharmacy,50121.14,60,2.59,3007268.42,37974.74,728783.83,Corporate,POS,No,12,2025
INV-04899,2025-12-12,Home Care,HO-043,رشت,Wholesale,57516.9,6,4.04,345101.37,46307.36,67257.19,Retail,Card,No,12,2025
INV-04900,2025-12-12,Personal Care,PE-099,اصفهان,Online,82590.97,41,3.26,3386229.81,61721.09,855665.11,Corporate,Transfer,No,12,2025
INV-04901,2025-12-12,Beverages,BE-087,تبریز,Supermarket,52986.48,2,5.7,105972.97,35000.01,35972.95,Retail,Transfer,No,12,2025
INV-04902,2025-12-12,Beverages,BE-040,تهران,Pharmacy,64343.85,2,4.0,128687.7,49643.77,29400.17,Retail,POS,No,12,2025
INV-04903,2025-12-13,Dairy,DA-015,تهران,Wholesale,113852.81,43,0.54,4895670.62,93632.59,869469.24,Corporate,Transfer,No,12,2025
INV-04904,2025-12-13,Dairy,DA-145,رشت,Hypermarket,99601.72,118,1.07,11753002.63,70256.74,3462706.95,Corporate,Cash,No,12,2025
INV-04905,2025-12-13,Snacks,SN-119,تهران,Online,64806.77,86,4.0,5573381.82,50179.47,1257947.64,Corporate,Transfer,No,12,2025
INV-04906,2025-12-13,Home Care,HO-077,اصفهان,Wholesale,52175.67,14,3.8,730459.44,42849.15,130571.33,Retail,Card,No,12,2025
INV-04907,2025-12-13,Beverages,BE-057,اصفهان,Wholesale,47133.68,11,11.54,518470.45,38307.42,97088.79,Retail,Transfer,Yes,12,2025
INV-04908,2025-12-14,Beverages,BE-027,رشت,Online,67554.37,51,2.93,3445272.89,51368.49,825480.05,Corporate,Transfer,No,12,2025
INV-04909,2025-12-14,Home Care,HO-094,کرمانشاه,Wholesale,49351.21,19,1.11,937673.08,39118.89,194414.21,Corporate,Transfer,No,12,2025
INV-04910,2025-12-14,Snacks,SN-140,تبریز,Supermarket,68332.59,1,1.08,68332.59,46479.48,21853.12,Retail,Cash,No,12,2025
INV-04911,2025-12-15,Beverages,BE-062,تهران,Hypermarket,62404.28,8,2.46,499234.22,45459.0,135562.19,Retail,Card,No,12,2025
INV-04912,2025-12-15,Dairy,DA-053,کرمانشاه,Supermarket,120959.11,5,1.74,604795.56,90464.27,152474.23,Retail,Card,No,12,2025
INV-04913,2025-12-15,Beverages,BE-077,رشت,Hypermarket,50460.1,5,17.44,252300.49,37460.04,65000.29,Retail,Card,Yes,12,2025
INV-04914,2025-12-15,Dairy,DA-067,کرمانشاه,Supermarket,98356.81,7,11.25,688497.65,70604.55,194265.82,Retail,Card,Yes,12,2025
INV-04915,2025-12-15,Dairy,DA-041,مشهد,Wholesale,103683.04,4,14.08,414732.17,87178.27,66019.07,Retail,Cash,Yes,12,2025
INV-04916,2025-12-15,Beverages,BE-147,مشهد,Hypermarket,79675.61,90,0.28,7170804.6,58025.19,1948537.91,Corporate,Transfer,No,12,2025
INV-04917,2025-12-15,Dairy,DA-037,اصفهان,Pharmacy,101474.92,10,4.0,1014749.18,79035.88,224390.39,Corporate,Card,No,12,2025
INV-04918,2025-12-15,Beverages,BE-062,رشت,Online,63290.72,10,4.0,632907.19,45906.0,173847.18,Retail,POS,No,12,2025
INV-04919,2025-12-15,Home Care,HO-131,مشهد,Supermarket,54855.31,2,15.61,109710.62,39895.16,29920.29,Retail,Cash,Yes,12,2025
INV-04920,2025-12-15,Personal Care,PE-098,رشت,Supermarket,84778.6,11,2.42,932564.6,58562.7,288374.94,Retail,Card,No,12,2025
INV-04921,2025-12-15,Dairy,DA-089,تبریز,Pharmacy,98596.62,1,1.96,98596.62,82620.84,15975.78,Retail,Card,No,12,2025
INV-04922,2025-12-16,Home Care,HO-067,مشهد,Pharmacy,61278.01,35,3.8,2144730.35,50394.96,380906.9,Corporate,POS,No,12,2025
INV-04923,2025-12-16,Personal Care,PE-040,اهواز,Pharmacy,95449.34,23,3.58,2195334.93,73095.82,514131.04,Corporate,Card,No,12,2025
INV-04924,2025-12-16,Beverages,BE-097,رشت,Pharmacy,58923.24,87,3.91,5126322.02,49837.18,790487.6,Corporate,POS,No,12,2025
INV-04925,2025-12-16,Snacks,SN-066,اهواز,Wholesale,50519.75,13,5.67,656756.76,44061.81,83953.24,Retail,Transfer,No,12,2025
INV-04926,2025-12-16,Snacks,SN-053,تهران,Supermarket,64745.58,1,15.57,64745.58,42383.34,22362.24,Retail,Transfer,Yes,12,2025
INV-04927,2025-12-16,Snacks,SN-046,کرمانشاه,Hypermarket,57910.57,6,2.28,347463.45,41867.99,96255.51,Retail,POS,No,12,2025
INV-04928,2025-12-17,Dairy,DA-083,رشت,Supermarket,133627.55,2,5.52,267255.1,95942.39,75370.33,Retail,Card,No,12,2025
INV-04929,2025-12-17,Beverages,BE-079,اهواز,Wholesale,77757.31,2,2.47,155514.63,64866.97,25780.68,Retail,Card,No,12,2025
INV-04930,2025-12-17,Beverages,BE-117,شیراز,Hypermarket,59525.12,10,16.4,595251.23,40136.55,193885.71,Retail,POS,Yes,12,2025
INV-04931,2025-12-17,Personal Care,PE-075,قم,Online,120613.93,1,4.0,120613.93,97930.19,22683.73,Retail,Transfer,No,12,2025
INV-04932,2025-12-17,Snacks,SN-125,تهران,Online,51517.83,70,15.98,3606247.79,38709.02,896616.45,Corporate,POS,Yes,12,2025
INV-04933,2025-12-17,Home Care,HO-048,اصفهان,Hypermarket,52276.89,10,8.81,522768.9,40383.19,118937.04,Retail,Card,Yes,12,2025
INV-04934,2025-12-18,Dairy,DA-071,قم,Online,106266.42,1,0.96,106266.42,79154.87,27111.54,Retail,Cash,No,12,2025
INV-04935,2025-12-18,Dairy,DA-147,کرمانشاه,Online,100005.89,2,1.34,200011.78,74770.89,50470.01,Retail,Card,No,12,2025
INV-04936,2025-12-18,Home Care,HO-106,تهران,Pharmacy,46107.23,44,2.63,2028718.33,36157.91,437770.46,Corporate,Cash,No,12,2025
INV-04937,2025-12-18,Beverages,BE-118,تهران,Online,57710.99,7,7.88,403976.94,46041.18,81688.67,Retail,Cash,Yes,12,2025
INV-04938,2025-12-18,Beverages,BE-001,کرمانشاه,Pharmacy,61843.99,9,12.16,556595.87,47923.61,125283.34,Retail,Cash,Yes,12,2025
INV-04939,2025-12-19,Snacks,SN-032,شیراز,Online,68909.92,9,4.0,620189.29,55369.8,121861.12,Retail,Transfer,No,12,2025
INV-04940,2025-12-19,Snacks,SN-076,تهران,Hypermarket,64571.17,6,5.92,387426.99,48514.83,96337.98,Retail,Transfer,No,12,2025
INV-04941,2025-12-19,Beverages,BE-128,تهران,Supermarket,71088.13,39,5.02,2772437.15,46238.9,969120.15,Corporate,Transfer,No,12,2025
INV-04942,2025-12-20,Beverages,BE-145,اصفهان,Pharmacy,74941.03,1,4.0,74941.03,62365.58,12575.45,Retail,Transfer,No,12,2025
INV-04943,2025-12-20,Personal Care,PE-048,تبریز,Pharmacy,114480.0,94,0.79,10761119.72,90257.24,2276939.18,Corporate,Card,No,12,2025
INV-04944,2025-12-20,Snacks,SN-125,تبریز,Online,63553.73,6,4.0,381322.4,46835.94,100306.76,Retail,Transfer,No,12,2025
INV-04945,2025-12-20,Home Care,HO-099,کرمانشاه,Online,65022.74,3,4.0,195068.23,48502.67,49560.23,Retail,Cash,No,12,2025
INV-04946,2025-12-20,Dairy,DA-042,کرج,Pharmacy,155306.52,27,3.22,4193276.04,119238.19,973844.81,Corporate,Card,No,12,2025
INV-04947,2025-12-20,Dairy,DA-054,اصفهان,Online,109371.42,4,3.28,437485.67,88665.47,82823.78,Retail,Card,No,12,2025
INV-04948,2025-12-21,Snacks,SN-003,کرمانشاه,Pharmacy,63194.49,1,1.22,63194.49,49062.9,14131.59,Retail,Cash,No,12,2025
INV-04949,2025-12-21,Home Care,HO-040,مشهد,Online,50821.97,3,5.33,152465.9,40503.94,30954.09,Retail,Transfer,Yes,12,2025
INV-04950,2025-12-21,Personal Care,PE-013,اهواز,Pharmacy,104552.05,7,0.76,731864.35,79040.59,178580.24,Retail,Cash,No,12,2025
INV-04951,2025-12-21,Beverages,BE-114,کرج,Wholesale,60290.68,9,0.68,542616.1,52648.42,68780.33,Retail,Cash,No,12,2025
INV-04952,2025-12-21,Beverages,BE-020,مشهد,Hypermarket,58909.12,101,5.29,5949820.66,42540.45,1653235.54,Corporate,Card,No,12,2025
INV-04953,2025-12-21,Snacks,SN-090,تبریز,Wholesale,65126.57,152,4.79,9899238.39,51621.6,2052755.76,Corporate,Cash,No,12,2025
INV-04954,2025-12-21,Dairy,DA-101,تهران,Supermarket,116089.97,7,5.4,812629.76,84261.53,222799.09,Retail,Cash,No,12,2025
INV-04955,2025-12-22,Home Care,HO-140,تهران,Supermarket,49684.99,83,3.12,4123853.77,37003.66,1052550.31,Corporate,Transfer,No,12,2025
INV-04956,2025-12-22,Snacks,SN-135,قم,Hypermarket,56561.42,3,1.73,169684.25,43008.18,40659.7,Retail,Transfer,No,12,2025
INV-04957,2025-12-22,Dairy,DA-114,کرمانشاه,Pharmacy,84357.12,7,10.7,590499.81,64896.75,136222.56,Retail,Card,Yes,12,2025
INV-04958,2025-12-22,Snacks,SN-142,اهواز,Pharmacy,72488.58,9,0.17,652397.21,58968.76,121678.41,Retail,POS,No,12,2025
INV-04959,2025-12-23,Personal Care,PE-035,اهواز,Online,97839.71,9,3.78,880557.4,76446.15,192542.07,Retail,Card,No,12,2025
INV-04960,2025-12-23,Personal Care,PE-011,مشهد,Online,90127.06,3,3.63,270381.18,67391.02,68208.13,Retail,Card,No,12,2025
INV-04961,2025-12-23,Dairy,DA-020,کرمانشاه,Pharmacy,115295.59,8,0.09,922364.7,96251.43,152353.22,Retail,Transfer,No,12,2025
INV-04962,2025-12-23,Dairy,DA-018,قم,Wholesale,103912.9,15,2.78,1558693.46,82372.41,323107.27,Retail,Transfer,No,12,2025
INV-04963,2025-12-23,Home Care,HO-001,کرمانشاه,Wholesale,54409.24,9,5.69,489683.12,45924.34,76364.1,Retail,Card,No,12,2025
INV-04964,2025-12-24,Beverages,BE-086,کرج,Supermarket,69329.79,10,4.18,693297.91,48471.8,208579.87,Retail,Card,No,12,2025
INV-04965,2025-12-24,Dairy,DA-009,کرمانشاه,Hypermarket,100606.83,4,7.1,402427.3,74180.36,105705.88,Retail,Card,Yes,12,2025
INV-04966,2025-12-24,Snacks,SN-136,تبریز,Pharmacy,59539.22,27,1.86,1607559.06,45484.67,379472.97,Corporate,POS,No,12,2025
INV-04967,2025-12-24,Snacks,SN-113,تهران,Online,72623.11,1,1.93,72623.11,58727.44,13895.67,Retail,Transfer,No,12,2025
INV-04968,2025-12-24,Snacks,SN-102,تهران,Hypermarket,69061.65,79,2.27,5455870.28,46553.46,1778146.8,Corporate,Transfer,No,12,2025
INV-04969,2025-12-24,Beverages,BE-130,کرج,Online,66602.35,5,3.34,333011.76,48793.75,89042.99,Retail,Transfer,No,12,2025
INV-04970,2025-12-25,Beverages,BE-115,کرج,Wholesale,62470.49,12,17.11,749645.84,49869.46,151212.28,Retail,Card,Yes,12,2025
INV-04971,2025-12-25,Beverages,BE-037,اهواز,Hypermarket,65856.23,121,4.26,7968604.31,45325.55,2484212.58,Corporate,Card,No,12,2025
INV-04972,2025-12-26,Dairy,DA-064,کرمانشاه,Pharmacy,111307.71,32,3.19,3561846.78,91012.14,649458.17,Corporate,Transfer,No,12,2025
INV-04973,2025-12-26,Snacks,SN-089,تهران,Supermarket,69724.37,9,3.16,627519.31,51311.43,165716.4,Retail,Transfer,No,12,2025
INV-04974,2025-12-26,Dairy,DA-146,تهران,Wholesale,93993.79,88,4.57,8271453.9,73563.0,1797910.05,Corporate,Card,No,12,2025
INV-04975,2025-12-26,Snacks,SN-059,شیراز,Pharmacy,56791.91,2,1.64,113583.82,46207.69,21168.44,Retail,Transfer,No,12,2025
INV-04976,2025-12-26,Home Care,HO-131,رشت,Hypermarket,56761.46,6,4.07,340568.79,38546.34,109290.74,Retail,Card,No,12,2025
INV-04977,2025-12-26,Dairy,DA-005,کرج,Online,96312.62,2,3.21,192625.24,70785.77,51053.71,Retail,Card,No,12,2025
INV-04978,2025-12-26,Beverages,BE-116,تبریز,Pharmacy,66989.91,8,15.13,535919.28,52544.68,115561.82,Retail,Cash,Yes,12,2025
INV-04979,2025-12-27,Beverages,BE-127,اصفهان,Hypermarket,88291.0,86,2.55,7593026.0,59509.92,2475173.24,Corporate,Card,No,12,2025
INV-04980,2025-12-27,Dairy,DA-115,رشت,Online,101734.36,8,12.48,813874.92,82229.95,156035.31,Retail,Cash,Yes,12,2025
INV-04981,2025-12-27,Home Care,HO-030,رشت,Wholesale,51612.66,7,8.63,361288.64,40438.96,78215.95,Retail,Transfer,Yes,12,2025
INV-04982,2025-12-27,Home Care,HO-052,قم,Pharmacy,62170.04,5,4.0,310850.2,50669.34,57503.5,Retail,Cash,No,12,2025
INV-04983,2025-12-28,Dairy,DA-037,اصفهان,Hypermarket,93831.48,3,10.78,281494.44,70439.2,70176.83,Retail,Transfer,Yes,12,2025
INV-04984,2025-12-28,Beverages,BE-057,تهران,Pharmacy,76658.28,6,1.73,459949.68,62912.19,82476.53,Retail,POS,No,12,2025
INV-04985,2025-12-28,Home Care,HO-079,تبریز,Supermarket,51559.32,4,5.39,206237.29,37524.35,56139.88,Retail,POS,No,12,2025
INV-04986,2025-12-28,Beverages,BE-083,کرمانشاه,Hypermarket,70067.65,6,0.41,420405.87,51711.1,110139.26,Retail,Card,No,12,2025
INV-04987,2025-12-29,Home Care,HO-133,کرمانشاه,Pharmacy,61703.66,6,16.3,370221.94,47190.72,87077.6,Retail,Card,Yes,12,2025
INV-04988,2025-12-29,Home Care,HO-149,کرمانشاه,Wholesale,47748.07,1,3.41,47748.07,37873.97,9874.1,Retail,Card,No,12,2025
INV-04989,2025-12-29,Personal Care,PE-055,کرج,Hypermarket,96769.09,10,2.52,967690.91,65984.88,307842.09,Retail,Card,No,12,2025
INV-04990,2025-12-29,Beverages,BE-077,کرمانشاه,Pharmacy,60207.96,3,0.52,180623.89,47574.38,37900.75,Retail,Card,No,12,2025
INV-04991,2025-12-30,Dairy,DA-134,کرمانشاه,Supermarket,108860.04,87,2.4,9470823.34,74024.95,3030652.83,Corporate,Transfer,No,12,2025
INV-04992,2025-12-30,Home Care,HO-111,رشت,Supermarket,57599.19,3,3.95,172797.57,40373.91,51675.85,Retail,Transfer,No,12,2025
INV-04993,2025-12-30,Home Care,HO-116,کرمانشاه,Supermarket,58946.81,9,3.85,530521.28,40221.36,168529.03,Retail,Transfer,No,12,2025
INV-04994,2025-12-30,Home Care,HO-068,قم,Pharmacy,58486.9,5,4.0,292434.48,46113.22,61868.38,Retail,Transfer,No,12,2025
INV-04995,2025-12-30,Personal Care,PE-051,شیراز,Hypermarket,102446.64,1,1.47,102446.64,71022.67,31423.97,Retail,Card,No,12,2025
INV-04996,2025-12-30,Dairy,DA-056,مشهد,Online,98186.26,55,3.48,5400244.13,71344.36,1476304.56,Corporate,POS,No,12,2025
INV-04997,2025-12-31,Dairy,DA-044,کرج,Hypermarket,87358.23,12,17.59,1048298.77,62715.61,295711.41,Retail,Transfer,Yes,12,2025
INV-04998,2025-12-31,Snacks,SN-057,مشهد,Pharmacy,57644.96,5,2.98,288224.81,46870.91,53870.28,Retail,Transfer,No,12,2025
INV-04999,2025-12-31,Personal Care,PE-078,قم,Wholesale,115619.45,7,4.96,809336.13,98961.89,116602.87,Retail,Card,No,12,2025
INV-05000,2025-12-31,Snacks,SN-123,شیراز,Hypermarket,58305.46,6,4.31,349832.74,39191.71,114682.5,Retail,Cash,No,12,2025
